clonotype,coh_before,coh_after,n_before,n_after
AV10-CAASGDTNAYKVIF-AJ30_BV3-CASSLVRHPNSDYTF-BJ1-2,0.07808688094430302,0.07808688094430302,5,5
AV10D-CAASPLASSSFSKLVF-AJ50_BV5-CASSQVQGAEVFF-BJ1-1,0.16357756026144057,0.2038721884327674,7,5
AV10N-CAARAGSFNKLTF-AJ4_BV16-CASSFTGGGQDTQYF-BJ2-5,0.20108042838036008,0.2326459066296886,14,10
AV10N-CAASPNYNVLYF-AJ21_BV13-1-CASSDVGGQDTQYF-BJ2-5,0.3249871655157091,0.3249871655157091,5,5
AV12-2-CALISQQGTGSKLSF-AJ58_BV1-CTCSAVRVSYEQYF-BJ2-7,0.5467762274216122,0.5130733232254733,13,5
AV12-2-CALNQGGSAKLIF-AJ57_BV1-CTCSADWGNYAEQFF-BJ2-1,0.2848875689755758,0.2739107877750426,14,12
AV12-2-CALSDDGSGGKLTL-AJ44_BV1-CTCSADGGLATEVFF-BJ1-1,0.12863688272870605,0.1483493559688444,30,16
AV12D-2-CALSDDYAQGLTF-AJ26_BV14-CASSPNRVGEQYF-BJ2-7,0.3202004656977539,0.27389402758178194,16,11
AV12D-3-CALSDHYNQGKLIF-AJ23_BV2-CASSQDISYEQYF-BJ2-7,0.2096487899848065,0.27921854450933914,18,9
AV13-1-CALERSNNRIFF-AJ31_BV2-CASSQDRRGDEQYF-BJ2-7,0.29388522868437217,0.36387846289365233,11,7
AV13-1-CALGTNSAGNKLTF-AJ17_BV2-CASSQDRVYEQYF-BJ2-7,0.22431595233193724,0.26102639786043086,9,5
AV13-2-CAIDPNYNVLYF-AJ21_BV13-1-CASRDNSGNTLYF-BJ1-3,0.21611205071788195,0.1299682588623088,8,6
AV13-2-CAIEENAGAKLTF-AJ39_BV13-3-CASSDRYTLYF-BJ2-4,0.24638466599893272,0.27664526866281447,11,5
AV13-2-CALNNNAGAKLTF-AJ39_BV14-CASSNREEVFF-BJ1-1,0.6316333961168015,0.6064746202621756,12,11
AV13D-1-CAMERSNNRIFF-AJ31_BV2-CASSQDRRGDTQYF-BJ2-5,0.25478563331038734,0.25113049611973404,20,12
AV13D-2-CAIDRQGGRALIF-AJ15_BV13-1-CASSRTGVNQAPLF-BJ1-5,0.17667283298885064,0.22806658688228898,19,12
AV13D-2-CAIDYNQGKLIF-AJ23_BV1-CTCSAVRISGNTLYF-BJ1-3,0.35075878349560496,0.3545016486383359,6,5
AV13D-4-CAMELDSNYQLIW-AJ33_BV4-CASHGSYNSPLYF-BJ1-6,0.2086969567157788,0.25030064347361103,11,9
AV13N-1-CAMERDQGGRALIF-AJ15_BV3-CASSLDWGGPYEQYF-BJ2-7,0.23227791014840296,0.23227791014840296,6,6
AV14-2-CAADNNNAPRF-AJ43_BV12-1-CASSLGQANTGQLYF-BJ2-2,0.1810630487184612,0.21231154211147593,11,5
AV14-2-CAAENSAGNKLTF-AJ17_BV3-CASSLGTGYEQYF-BJ2-7,0.21153098992848532,0.2533440136694247,17,10
AV14-2-CAASADQGGRALIF-AJ15_BV16-CASSLDHSQNTLYF-BJ2-4,0.2307391557673762,0.2576685439165452,15,8
AV14-2-CAASASSGSWQLIF-AJ22_BV31-CAWSLQGSGNTLYF-BJ1-3,0.19296521832716212,0.24789500479979626,33,19
AV14-2-CAASGNNNNAPRF-AJ43_BV16-CASSLGHSYEQYF-BJ2-7,0.18394727160888416,0.2813565299281647,24,11
AV14-2-CAASGTEGADRLTF-AJ45_BV1-CTCSAVRVTGQLYF-BJ2-2,0.17040152040902548,0.16460651120038716,22,11
AV14-2-CAASPYTGNYKYVF-AJ40_BV13-2-CASGDVGGLYF-BJ1-3,0.22300782204208663,0.2568612206339041,40,19
AV14-2-CAASPYTGNYKYVF-AJ40_BV13-2-CASTNNNQAPLF-BJ1-5,0.2325858310139181,0.2447755113007539,22,18
AV14-2-CAASVAMGYKLTF-AJ9_BV19-CASSIEERLFF-BJ1-4,0.2331325557464333,0.2331325557464333,10,10
AV14-3-CAARQGTQVVGQLTF-AJ5_BV1-CTCSGTGDEQYF-BJ2-7,0.20462555078689526,0.214623032963273,29,21
AV14-3-CAASAGSGGKLTL-AJ44_BV3-CASSLDFGQNTLYF-BJ2-4,0.21238494903402835,0.2899054335585394,44,25
AV14-3/DV8-CAAGHDTNAYKVIF-AJ30_BV13-2-CASGDAAYEQYF-BJ2-7,0.06132100199716474,0.15670817181214397,8,5
AV14D-1-CAASAGGSAKLIF-AJ57_BV12-2-CASSLGQGAGAEQFF-BJ2-1,0.1524110245973828,0.32398325060257377,8,5
AV14D-3/DV8-CAANYGSSGNKLIF-AJ32_BV1-CTCSAVRVQDTQYF-BJ2-5,0.2551139771094508,0.20121750542488465,23,15
AV14D-3/DV8-CAASATEGADRLTF-AJ45_BV13-1-CASSDAWGREQYF-BJ2-7,0.17446632605975518,0.19449944731797514,8,7
AV16-CAMREANTGYQNFYF-AJ49_BV13-2-CASGDGAQNTLYF-BJ2-4,0.8749467922199037,0.9055409517791299,24,13
AV16-CAMREANTGYQNFYF-AJ49_BV13-2-CASGTGGQNTLYF-BJ2-4,0.5046897392300737,0.6756943358555076,43,29
AV16-CAMREANYGNEKITF-AJ48_BV16-CASSLRTGVYEQYF-BJ2-7,0.15322953605973127,0.17360845416505208,19,10
AV16-CAMREEGGSNAKLTF-AJ42_BV3-CASSLGGVQDTQYF-BJ2-5,0.3202718401769712,0.35486572741402933,6,5
AV16-CAMREGQGGSAKLIF-AJ57_BV16-CASSLVWGQGSSYEQYF-BJ2-7,0.18338828917770117,0.20484715906059886,22,12
AV16-CAMRETASSSFSKLVF-AJ50_BV29-CASSTGTAEVFF-BJ1-1,0.21028758837664002,0.2121418288129349,15,11
AV16-CAMRETGYQNFYF-AJ49_BV13-1-CASSDAYTEVFF-BJ1-1,0.19744178180138727,0.17907653075117896,34,27
AV16N-CAMRDNYAQGLTF-AJ26_BV3-CASSLGPSSYEQYF-BJ2-7,0.40588800849319595,0.42691093769533206,314,189
AV16N-CAMREDASSGSWQLIF-AJ22_BV13-2-CASGDRGLGGSDTQYF-BJ2-5,0.3402949462253808,0.3829395372327692,19,11
AV16N-CAMREDQGGRALIF-AJ15_BV16-CASSLVGAQDTQYF-BJ2-5,0.18852985920196508,0.23604804053271047,19,12
AV16N-CAMREGDSNYQLIW-AJ33_BV13-2-CASGDRANSDYTF-BJ1-2,0.39717048503678165,0.39717048503678165,6,6
AV16N-CAMREGNSNNRIFF-AJ31_BV13-1-CASRDINTEVFF-BJ1-1,0.32493095650019266,0.32493095650019266,10,10
AV16N-CAMREVYQGGRALIF-AJ15_BV16-CASSFVGNQDTQYF-BJ2-5,0.15308899327354214,0.17631745086706105,22,12
AV19-CAAGADTGYQNFYF-AJ49_BV3-CASSLTGGQNEQYF-BJ2-7,0.41194064896126026,0.41194064896126026,5,5
AV19-CAAGADYANKMIF-AJ47_BV3-CASSLTVNQDTQYF-BJ2-5,0.1969194824049219,0.20753155737697815,23,15
AV19-CAAGLATGGNNKLTF-AJ56_BV13-1-CASSELGFSAETLYF-BJ2-3,0.2633505187454385,0.3265386633418037,13,10
AV19-CAAGVEQQGTGSKLSF-AJ58_BV12-1-CASSLGLNQDTQYF-BJ2-5,0.10495176640506436,0.08676458255949827,13,6
AV19-CAAGVGDNSKLIW-AJ38_BV14-CASRYRDTQYF-BJ2-5,0.20447217384156707,0.3553828258962576,10,7
AV3-1-CAVSARYSNNRLTL-AJ7_BV31-CAWRLGYEQYF-BJ2-7,0.20681014455551108,0.24893609148970006,14,11
AV3-1-CAVSATGNTGKLIF-AJ37_BV31-CAWDWTNTGQLYF-BJ2-2,0.1809385176197044,0.18219866487490693,6,5
AV3-3-CAVSALGYQNFYF-AJ49_BV1-CTCSGDSQNTLYF-BJ2-4,0.13390149545426394,0.13390149545426394,5,5
AV3-3-CAVSRNTEGADRLTF-AJ45_BV17-CASSRDRADTQYF-BJ2-5,0.3134416739156063,0.3840431416762342,16,9
AV3D-3-CAVRDQGGRALIF-AJ15_BV13-2-CASGEMGLQDTQYF-BJ2-5,0.376535709975531,0.45228550734716894,31,19
AV4-4/DV10-CADMDYANKMIF-AJ47_BV2-CASSQDRGYNNQAPLF-BJ1-5,0.3624614636584485,0.36164792762222936,98,46
AV4D-3-CAAEGNEKITF-AJ48_BV1-CTCSADWEQNTLYF-BJ2-4,0.2875129405231715,0.26693909123834164,65,23
AV4D-3-CAAENNYAQGLTF-AJ26_BV1-CTCSADRLNTLYF-BJ2-4,0.21054331903313445,0.25930891729790045,25,10
AV4D-3-CAAYQGGRALIF-AJ15_BV1-CTCSGDRVAEQFF-BJ2-1,0.23582991842086848,0.26771838401940906,8,7
AV6-2-CVLGNTEGADRLTF-AJ45_BV1-CTCSAVRVGSDYTF-BJ1-2,0.500680021007628,0.500680021007628,6,6
AV6-6-CALGDQSNYNVLYF-AJ21_BV26-CASRRQGNERLFF-BJ1-4,0.3096601170350113,0.24298886696910718,7,6
AV6-6-CALGEGGYKVVF-AJ12_BV5-CASSQDQVGERLFF-BJ1-4,0.5820525331091315,0.5815046531282906,7,6
AV6-6-CALGMSNYNVLYF-AJ21_BV13-2-CASGDEGPQDTQYF-BJ2-5,0.2543784798870223,0.23575569716952785,13,9
AV6D-7-CALGEGGYKVVF-AJ12_BV5-CASSQDQVGERLFF-BJ1-4,0.6149431226081752,0.6637304822490946,251,147
AV6D-7-CALGGNYNQGKLIF-AJ23_BV13-1-CASSDALYAEQFF-BJ2-1,0.14873654119153049,0.14242462133058173,35,22
AV6N-6-CALSAHYGNEKITF-AJ48_BV14-CASSFPSGQNTEVFF-BJ1-1,0.20222559131014564,0.2591708543025983,24,15
AV7-1-CAVKGNNNAPRF-AJ43_BV13-2-CASRLGGYEQYF-BJ2-7,0.16526316850618428,0.19523428482245203,12,7
AV7-2-CAAGNTGKLIF-AJ37_BV1-CTCSAVRVGYEQYF-BJ2-7,0.18748661332532443,0.17094191423565863,51,26
AV7-2-CAASMPGNTGKLIF-AJ37_BV17-CASSRGTANTGQLYF-BJ2-2,0.2298766387107279,0.2723045201931909,11,7
AV7-2-CAATGNTGKLIF-AJ37_BV19-CASSIRIAEQFF-BJ2-1,0.47437803226676106,0.45804908429733454,9,5
AV7-3-CAVSMKGGRALIF-AJ15_BV19-CASSIGGAREQYF-BJ2-7,0.16291673487817276,0.1848943989913803,153,80
AV7-3-CAVSPGGYKVVF-AJ12_BV13-2-CASGDAQGAGQLYF-BJ2-2,0.16914042950563546,0.18576015594273357,21,13
AV7-4-CAAVITGNTGKLIF-AJ37_BV13-1-CASSGGNYAEQFF-BJ2-1,0.2390848211703044,0.33137969866996475,9,6
AV7-5-CAPDYSNNRLTL-AJ7_BV13-1-CASSDGQTSAETLYF-BJ2-3,0.35473354253546135,0.32923705188989255,10,7
AV7-5-CAVSLDSNYQLIW-AJ33_BV30-CSSWDRTNTGQLYF-BJ2-2,0.24683230766552328,0.28857057200814074,8,5
AV7-6-CAVGYQNFYF-AJ49_BV4-CASSDRDINYAEQFF-BJ2-1,0.6074197588676415,0.5319020307678562,27,17
AV7-6-CAVYGNEKITF-AJ48_BV5-CASSPDRGYTQYF-BJ2-5,0.14815046215494887,0.11456226637424992,13,7
AV7D-3-CAGQGGRALIF-AJ15_BV1-CTCSADQNSGNTLYF-BJ1-3,0.2006184930182024,0.24180576268104484,58,29
AV7D-5-CADRNNYAQGLTF-AJ26_BV1-CTCSADRLQNTLYF-BJ2-4,0.1305478635209026,0.1787436681660947,51,20
AV7D-5-CAVRDSGYNKLTF-AJ11_BV1-CTCSADRLGNTLYF-BJ2-4,0.10038474544287172,0.13514678316809836,6,5
AV8-1-CATDDGTNAYKVIF-AJ30_BV13-2-CASGAETLYF-BJ2-3,0.22439422863240185,0.18543674785670544,10,7
AV8-1-CATDGGGRALIF-AJ15_BV3-CASSSTGVDAEQFF-BJ2-1,0.2316609802050654,0.3023674998516033,13,8
AV8-1-CATSASSGSWQLIF-AJ22_BV13-2-CASGDEISNERLFF-BJ1-4,0.24074095059397577,0.3621903198257541,16,7
AV8-1-CATSASSGSWQLIF-AJ22_BV13-2-CASGDEVSNERLFF-BJ1-4,0.2799969447901165,0.3609327274494721,18,12
AV8D-1-CALTSGGNYKPTF-AJ6_BV12-1-CASSPGTGVNSDYTF-BJ1-2,0.14720171384148117,0.2038341395582403,13,6
AV8D-2-CATDAQGGRALIF-AJ15_BV19-CASSIGTSQNTLYF-BJ2-4,0.13463696041656092,0.13463696041656092,6,6
AV8D-2-CATDGQGGRALIF-AJ15_BV1-CTCSGTGGDEQYF-BJ2-7,0.1952841171620127,0.18896958307005488,55,33
AV8D-2-CATDNQGGRALIF-AJ15_BV13-1-CASSDLGVSYEQYF-BJ2-7,0.12901170008427926,0.21418077872571242,15,6
AV8D-2-CATDSQGGRALIF-AJ15_BV3-CASSLHSSYEQYF-BJ2-7,0.1143055880388885,0.1305347226701697,8,6
AV8D-2-CATEYQGGRALIF-AJ15_BV19-CASSIGTNERLFF-BJ1-4,0.1744713542987211,0.18049561928452468,42,25
AV8N-2-CATPNYNVLYF-AJ21_BV3-CASSLLGEYEQYF-BJ2-7,0.1518141650137468,0.16628274067141652,7,6
AV9-2-CVLSGDQGGRALIF-AJ15_BV3-CASSFSYEQYF-BJ2-7,0.37272728294749935,0.23300054972838824,9,5
AV9-2-CVLSVTGSGGKLTL-AJ44_BV14-CASSFANTGQLYF-BJ2-2,0.19714943009004263,0.26233251260122753,56,29
AV9-4-CAVSGNYNVLYF-AJ21_BV13-1-CASRTGGHEQYF-BJ2-7,0.1960709427362047,0.2192200390802563,168,78
AV9-4-CAVSSVYQGGRALIF-AJ15_BV20-CGARLRGNSDYTF-BJ1-2,0.2553582534619502,0.245436806187538,6,5
AV9D-2-CVLSDNYAQGLTF-AJ26_BV1-CTCSAGLGEGAETLYF-BJ2-3,0.20206140370857759,0.20206140370857759,10,10
AV9D-3-CALRSSSFSKLVF-AJ50_BV19-CASSSRTGGHAEQFF-BJ2-1,0.11929906501732829,0.10798692286460906,14,13
AV9D-3-CAVSMQGGRALIF-AJ15_BV13-3-CASRDRDEQYF-BJ2-7,0.17941296758787686,0.19405364058736957,9,8
