clonotype,n_cells,alpha,renyi_entropy_mean
AV10-CAASGDTNAYKVIF-AJ30_BV3-CASSLVRHPNSDYTF-BJ1-2,5,0.0,0.2
AV10-CAASGDTNAYKVIF-AJ30_BV3-CASSLVRHPNSDYTF-BJ1-2,5,1.0,0.19821521196764444
AV10-CAASGDTNAYKVIF-AJ30_BV3-CASSLVRHPNSDYTF-BJ1-2,5,2.0,0.1964595996533082
AV10-CAASGDTNAYKVIF-AJ30_BV3-CASSLVRHPNSDYTF-BJ1-2,5,5.0,0.19155385326699556
AV10D-CAASPLASSSFSKLVF-AJ50_BV5-CASSQVQGAEVFF-BJ1-1,7,0.0,0.7206277313369219
AV10D-CAASPLASSSFSKLVF-AJ50_BV5-CASSQVQGAEVFF-BJ1-1,7,1.0,0.6505570519858033
AV10D-CAASPLASSSFSKLVF-AJ50_BV5-CASSQVQGAEVFF-BJ1-1,7,2.0,0.6045509659210951
AV10D-CAASPLASSSFSKLVF-AJ50_BV5-CASSQVQGAEVFF-BJ1-1,7,5.0,0.537700274525209
AV10N-CAARAGSFNKLTF-AJ4_BV16-CASSFTGGGQDTQYF-BJ2-5,13,0.0,1.063977161478023
AV10N-CAARAGSFNKLTF-AJ4_BV16-CASSFTGGGQDTQYF-BJ2-5,13,1.0,0.891591420124442
AV10N-CAARAGSFNKLTF-AJ4_BV16-CASSFTGGGQDTQYF-BJ2-5,13,2.0,0.7869568118790302
AV10N-CAARAGSFNKLTF-AJ4_BV16-CASSFTGGGQDTQYF-BJ2-5,13,5.0,0.6735234774524883
AV10N-CAASPNYNVLYF-AJ21_BV13-1-CASSDVGGQDTQYF-BJ2-5,5,0.0,1.2643856189774723
AV10N-CAASPNYNVLYF-AJ21_BV13-1-CASSDVGGQDTQYF-BJ2-5,5,1.0,1.1146448760201562
AV10N-CAASPNYNVLYF-AJ21_BV13-1-CASSDVGGQDTQYF-BJ2-5,5,2.0,1.0239875162807561
AV10N-CAASPNYNVLYF-AJ21_BV13-1-CASSDVGGQDTQYF-BJ2-5,5,5.0,0.9237834819961446
AV12-2-CALISQQGTGSKLSF-AJ58_BV1-CTCSAVRVSYEQYF-BJ2-7,12,0.0,0.8743210913608062
AV12-2-CALISQQGTGSKLSF-AJ58_BV1-CTCSAVRVSYEQYF-BJ2-7,12,1.0,0.7232989681887063
AV12-2-CALISQQGTGSKLSF-AJ58_BV1-CTCSAVRVSYEQYF-BJ2-7,12,2.0,0.6312310595591603
AV12-2-CALISQQGTGSKLSF-AJ58_BV1-CTCSAVRVSYEQYF-BJ2-7,12,5.0,0.5257889916175336
AV12-2-CALNQGGSAKLIF-AJ57_BV1-CTCSADWGNYAEQFF-BJ2-1,14,0.0,1.6597032826707037
AV12-2-CALNQGGSAKLIF-AJ57_BV1-CTCSADWGNYAEQFF-BJ2-1,14,1.0,1.38911664739282
AV12-2-CALNQGGSAKLIF-AJ57_BV1-CTCSADWGNYAEQFF-BJ2-1,14,2.0,1.2342637478659548
AV12-2-CALNQGGSAKLIF-AJ57_BV1-CTCSADWGNYAEQFF-BJ2-1,14,5.0,1.066348329351175
AV12-2-CALSDDGSGGKLTL-AJ44_BV1-CTCSADGGLATEVFF-BJ1-1,26,0.0,0.7197786737563893
AV12-2-CALSDDGSGGKLTL-AJ44_BV1-CTCSADGGLATEVFF-BJ1-1,26,1.0,0.5371192224104158
AV12-2-CALSDDGSGGKLTL-AJ44_BV1-CTCSADGGLATEVFF-BJ1-1,26,2.0,0.4600835443428526
AV12-2-CALSDDGSGGKLTL-AJ44_BV1-CTCSADGGLATEVFF-BJ1-1,26,5.0,0.3968238096089092
AV12D-2-CALSDDYAQGLTF-AJ26_BV14-CASSPNRVGEQYF-BJ2-7,14,0.0,1.5824022281501182
AV12D-2-CALSDDYAQGLTF-AJ26_BV14-CASSPNRVGEQYF-BJ2-7,14,1.0,1.2590458025371944
AV12D-2-CALSDDYAQGLTF-AJ26_BV14-CASSPNRVGEQYF-BJ2-7,14,2.0,1.054349981199934
AV12D-2-CALSDDYAQGLTF-AJ26_BV14-CASSPNRVGEQYF-BJ2-7,14,5.0,0.856148545224362
AV12D-3-CALSDHYNQGKLIF-AJ23_BV2-CASSQDISYEQYF-BJ2-7,18,0.0,1.1059383664226954
AV12D-3-CALSDHYNQGKLIF-AJ23_BV2-CASSQDISYEQYF-BJ2-7,18,1.0,0.9396747151839191
AV12D-3-CALSDHYNQGKLIF-AJ23_BV2-CASSQDISYEQYF-BJ2-7,18,2.0,0.8537286287297106
AV12D-3-CALSDHYNQGKLIF-AJ23_BV2-CASSQDISYEQYF-BJ2-7,18,5.0,0.7630547107274429
AV13-1-CALERSNNRIFF-AJ31_BV2-CASSQDRRGDEQYF-BJ2-7,11,0.0,0.7719866451208794
AV13-1-CALERSNNRIFF-AJ31_BV2-CASSQDRRGDEQYF-BJ2-7,11,1.0,0.6058729647373391
AV13-1-CALERSNNRIFF-AJ31_BV2-CASSQDRRGDEQYF-BJ2-7,11,2.0,0.5162835573035035
AV13-1-CALERSNNRIFF-AJ31_BV2-CASSQDRRGDEQYF-BJ2-7,11,5.0,0.4203418284018827
AV13-1-CALGTNSAGNKLTF-AJ17_BV2-CASSQDRVYEQYF-BJ2-7,8,0.0,1.167481250360578
AV13-1-CALGTNSAGNKLTF-AJ17_BV2-CASSQDRVYEQYF-BJ2-7,8,1.0,1.0326386197893718
AV13-1-CALGTNSAGNKLTF-AJ17_BV2-CASSQDRVYEQYF-BJ2-7,8,2.0,0.9429506196336696
AV13-1-CALGTNSAGNKLTF-AJ17_BV2-CASSQDRVYEQYF-BJ2-7,8,5.0,0.8244503553015142
AV13-2-CAIDGNTGKLIF-AJ37_BV31-CAWSLGHAEQFF-BJ2-1,5,0.0,1.425856603388993
AV13-2-CAIDGNTGKLIF-AJ37_BV31-CAWSLGHAEQFF-BJ2-1,5,1.0,1.2923614523870497
AV13-2-CAIDGNTGKLIF-AJ37_BV31-CAWSLGHAEQFF-BJ2-1,5,2.0,1.1947714257920985
AV13-2-CAIDGNTGKLIF-AJ37_BV31-CAWSLGHAEQFF-BJ2-1,5,5.0,1.0507555919283222
AV13-2-CAIDPNYNVLYF-AJ21_BV13-1-CASRDNSGNTLYF-BJ1-3,8,0.0,1.2193609377704335
AV13-2-CAIDPNYNVLYF-AJ21_BV13-1-CASRDNSGNTLYF-BJ1-3,8,1.0,0.9584446443874913
AV13-2-CAIDPNYNVLYF-AJ21_BV13-1-CASRDNSGNTLYF-BJ1-3,8,2.0,0.8169374409320813
AV13-2-CAIDPNYNVLYF-AJ21_BV13-1-CASRDNSGNTLYF-BJ1-3,8,5.0,0.6887235071362452
AV13-2-CAIEENAGAKLTF-AJ39_BV13-3-CASSDRYTLYF-BJ2-4,9,0.0,1.2307572885612033
AV13-2-CAIEENAGAKLTF-AJ39_BV13-3-CASSDRYTLYF-BJ2-4,9,1.0,1.0283633761463098
AV13-2-CAIEENAGAKLTF-AJ39_BV13-3-CASSDRYTLYF-BJ2-4,9,2.0,0.9056521099388399
AV13-2-CAIEENAGAKLTF-AJ39_BV13-3-CASSDRYTLYF-BJ2-4,9,5.0,0.7670809537073047
AV13-2-CAIVPGTGSNRLTF-AJ28_BV3-CASSLSNTEVFF-BJ1-1,7,0.0,0.9407089286744509
AV13-2-CAIVPGTGSNRLTF-AJ28_BV3-CASSLSNTEVFF-BJ1-1,7,1.0,0.7872295168730151
AV13-2-CAIVPGTGSNRLTF-AJ28_BV3-CASSLSNTEVFF-BJ1-1,7,2.0,0.6934089317313538
AV13-2-CAIVPGTGSNRLTF-AJ28_BV3-CASSLSNTEVFF-BJ1-1,7,5.0,0.5918981173947869
AV13-2-CALNNNAGAKLTF-AJ39_BV14-CASSNREEVFF-BJ1-1,12,0.0,1.858802857295559
AV13-2-CALNNNAGAKLTF-AJ39_BV14-CASSNREEVFF-BJ1-1,12,1.0,1.5409446296252076
AV13-2-CALNNNAGAKLTF-AJ39_BV14-CASSNREEVFF-BJ1-1,12,2.0,1.3602502979925675
AV13-2-CALNNNAGAKLTF-AJ39_BV14-CASSNREEVFF-BJ1-1,12,5.0,1.1661013310553374
AV13-4/DV7-CAMERDTGYQNFYF-AJ49_BV3-CASSLDWGGYEQYF-BJ2-7,5,0.0,0.9169925001442312
AV13-4/DV7-CAMERDTGYQNFYF-AJ49_BV3-CASSLDWGGYEQYF-BJ2-7,5,1.0,0.6602492194848181
AV13-4/DV7-CAMERDTGYQNFYF-AJ49_BV3-CASSLDWGGYEQYF-BJ2-7,5,2.0,0.5406632227465941
AV13-4/DV7-CAMERDTGYQNFYF-AJ49_BV3-CASSLDWGGYEQYF-BJ2-7,5,5.0,0.44193006457160616
AV13D-1-CAMERSNNRIFF-AJ31_BV2-CASSQDRRGDTQYF-BJ2-5,17,0.0,1.7626530720371467
AV13D-1-CAMERSNNRIFF-AJ31_BV2-CASSQDRRGDTQYF-BJ2-5,17,1.0,1.4174987175989489
AV13D-1-CAMERSNNRIFF-AJ31_BV2-CASSQDRRGDTQYF-BJ2-5,17,2.0,1.2431001477108534
AV13D-1-CAMERSNNRIFF-AJ31_BV2-CASSQDRRGDTQYF-BJ2-5,17,5.0,1.058987967739092
AV13D-2-CAIDRQGGRALIF-AJ15_BV13-1-CASSRTGVNQAPLF-BJ1-5,17,0.0,1.129770506705635
AV13D-2-CAIDRQGGRALIF-AJ15_BV13-1-CASSRTGVNQAPLF-BJ1-5,17,1.0,0.9807075285497558
AV13D-2-CAIDRQGGRALIF-AJ15_BV13-1-CASSRTGVNQAPLF-BJ1-5,17,2.0,0.9040849610911268
AV13D-2-CAIDRQGGRALIF-AJ15_BV13-1-CASSRTGVNQAPLF-BJ1-5,17,5.0,0.8166053640132351
AV13D-2-CAIDYNQGKLIF-AJ23_BV1-CTCSAVRISGNTLYF-BJ1-3,6,0.0,2.1129532736068346
AV13D-2-CAIDYNQGKLIF-AJ23_BV1-CTCSAVRISGNTLYF-BJ1-3,6,1.0,1.887868739123146
AV13D-2-CAIDYNQGKLIF-AJ23_BV1-CTCSAVRISGNTLYF-BJ1-3,6,2.0,1.7546458170934567
AV13D-2-CAIDYNQGKLIF-AJ23_BV1-CTCSAVRISGNTLYF-BJ1-3,6,5.0,1.582436604956677
AV13D-2-CAMNNNAGAKLTF-AJ39_BV12-2-CASSPGQGGEQYF-BJ2-7,5,0.0,1.608878823871691
AV13D-2-CAMNNNAGAKLTF-AJ39_BV12-2-CASSPGQGGEQYF-BJ2-7,5,1.0,1.438484586743197
AV13D-2-CAMNNNAGAKLTF-AJ39_BV12-2-CASSPGQGGEQYF-BJ2-7,5,2.0,1.3266376132343323
AV13D-2-CAMNNNAGAKLTF-AJ39_BV12-2-CASSPGQGGEQYF-BJ2-7,5,5.0,1.1801280067108935
AV13D-4-CAMELDSNYQLIW-AJ33_BV4-CASHGSYNSPLYF-BJ1-6,11,0.0,0.8868079547421335
AV13D-4-CAMELDSNYQLIW-AJ33_BV4-CASHGSYNSPLYF-BJ1-6,11,1.0,0.794935946233647
AV13D-4-CAMELDSNYQLIW-AJ33_BV4-CASHGSYNSPLYF-BJ1-6,11,2.0,0.7323053848760591
AV13D-4-CAMELDSNYQLIW-AJ33_BV4-CASHGSYNSPLYF-BJ1-6,11,5.0,0.6432424334602446
AV13N-1-CAMERDQGGRALIF-AJ15_BV3-CASSLDWGGPYEQYF-BJ2-7,6,0.0,1.7277203690409693
AV13N-1-CAMERDQGGRALIF-AJ15_BV3-CASSLDWGGPYEQYF-BJ2-7,6,1.0,1.5225478639466223
AV13N-1-CAMERDQGGRALIF-AJ15_BV3-CASSLDWGGPYEQYF-BJ2-7,6,2.0,1.3836168122291241
AV13N-1-CAMERDQGGRALIF-AJ15_BV3-CASSLDWGGPYEQYF-BJ2-7,6,5.0,1.1813181403052482
AV14-2-CAADNNNAPRF-AJ43_BV12-1-CASSLGQANTGQLYF-BJ2-2,10,0.0,1.1643856189774724
AV14-2-CAADNNNAPRF-AJ43_BV12-1-CASSLGQANTGQLYF-BJ2-2,10,1.0,0.999360287785775
AV14-2-CAADNNNAPRF-AJ43_BV12-1-CASSLGQANTGQLYF-BJ2-2,10,2.0,0.924958964463096
AV14-2-CAADNNNAPRF-AJ43_BV12-1-CASSLGQANTGQLYF-BJ2-2,10,5.0,0.84874219243961
AV14-2-CAAENSAGNKLTF-AJ17_BV3-CASSLGTGYEQYF-BJ2-7,16,0.0,1.3681622992667415
AV14-2-CAAENSAGNKLTF-AJ17_BV3-CASSLGTGYEQYF-BJ2-7,16,1.0,1.161051361970058
AV14-2-CAAENSAGNKLTF-AJ17_BV3-CASSLGTGYEQYF-BJ2-7,16,2.0,1.0335556683541387
AV14-2-CAAENSAGNKLTF-AJ17_BV3-CASSLGTGYEQYF-BJ2-7,16,5.0,0.8895579546346685
AV14-2-CAAKDYANKMIF-AJ47_BV4-CASSSDWGQDTQYF-BJ2-5,5,0.0,1.2784634845557519
AV14-2-CAAKDYANKMIF-AJ47_BV4-CASSSDWGQDTQYF-BJ2-5,5,1.0,1.1924323327088164
AV14-2-CAAKDYANKMIF-AJ47_BV4-CASSSDWGQDTQYF-BJ2-5,5,2.0,1.1190143647684654
AV14-2-CAAKDYANKMIF-AJ47_BV4-CASSSDWGQDTQYF-BJ2-5,5,5.0,0.981022081440148
AV14-2-CAASADQGGRALIF-AJ15_BV16-CASSLDHSQNTLYF-BJ2-4,15,0.0,0.9836591668108979
AV14-2-CAASADQGGRALIF-AJ15_BV16-CASSLDHSQNTLYF-BJ2-4,15,1.0,0.8052338153995676
AV14-2-CAASADQGGRALIF-AJ15_BV16-CASSLDHSQNTLYF-BJ2-4,15,2.0,0.717398284703552
AV14-2-CAASADQGGRALIF-AJ15_BV16-CASSLDHSQNTLYF-BJ2-4,15,5.0,0.625042916933046
AV14-2-CAASASSGSWQLIF-AJ22_BV31-CAWSLQGSGNTLYF-BJ1-3,30,0.0,1.2012600571070031
AV14-2-CAASASSGSWQLIF-AJ22_BV31-CAWSLQGSGNTLYF-BJ1-3,30,1.0,1.0506430908306243
AV14-2-CAASASSGSWQLIF-AJ22_BV31-CAWSLQGSGNTLYF-BJ1-3,30,2.0,0.9616135217227735
AV14-2-CAASASSGSWQLIF-AJ22_BV31-CAWSLQGSGNTLYF-BJ1-3,30,5.0,0.8452822931157608
AV14-2-CAASGNNNNAPRF-AJ43_BV16-CASSLGHSYEQYF-BJ2-7,21,0.0,1.1230766779642631
AV14-2-CAASGNNNNAPRF-AJ43_BV16-CASSLGHSYEQYF-BJ2-7,21,1.0,0.9329016623428159
AV14-2-CAASGNNNNAPRF-AJ43_BV16-CASSLGHSYEQYF-BJ2-7,21,2.0,0.837291878548127
AV14-2-CAASGNNNNAPRF-AJ43_BV16-CASSLGHSYEQYF-BJ2-7,21,5.0,0.73459702468349
AV14-2-CAASGNYNVLYF-AJ21_BV3-CASSLDWGGSYEQYF-BJ2-7,7,0.0,0.7845504423328106
AV14-2-CAASGNYNVLYF-AJ21_BV3-CASSLDWGGSYEQYF-BJ2-7,7,1.0,0.67741440851715
AV14-2-CAASGNYNVLYF-AJ21_BV3-CASSLDWGGSYEQYF-BJ2-7,7,2.0,0.6042941304253973
AV14-2-CAASGNYNVLYF-AJ21_BV3-CASSLDWGGSYEQYF-BJ2-7,7,5.0,0.4997597154945254
AV14-2-CAASGTEGADRLTF-AJ45_BV1-CTCSAVRVTGQLYF-BJ2-2,20,0.0,1.2510837021429186
AV14-2-CAASGTEGADRLTF-AJ45_BV1-CTCSAVRVTGQLYF-BJ2-2,20,1.0,0.9861965138520263
AV14-2-CAASGTEGADRLTF-AJ45_BV1-CTCSAVRVTGQLYF-BJ2-2,20,2.0,0.8461700627891989
AV14-2-CAASGTEGADRLTF-AJ45_BV1-CTCSAVRVTGQLYF-BJ2-2,20,5.0,0.7227909354886981
AV14-2-CAASLASSGSWQLIF-AJ22_BV26-CASSWTGGAETLYF-BJ2-3,6,0.0,0.7641604167868593
AV14-2-CAASLASSGSWQLIF-AJ22_BV26-CASSWTGGAETLYF-BJ2-3,6,1.0,0.6764569971898271
AV14-2-CAASLASSGSWQLIF-AJ22_BV26-CASSWTGGAETLYF-BJ2-3,6,2.0,0.6173250894897071
AV14-2-CAASLASSGSWQLIF-AJ22_BV26-CASSWTGGAETLYF-BJ2-3,6,5.0,0.5419999072127704
AV14-2-CAASPYTGNYKYVF-AJ40_BV13-2-CASGDVGGLYF-BJ1-3,38,0.0,1.2603217076032756
AV14-2-CAASPYTGNYKYVF-AJ40_BV13-2-CASGDVGGLYF-BJ1-3,38,1.0,1.0934402675323855
AV14-2-CAASPYTGNYKYVF-AJ40_BV13-2-CASGDVGGLYF-BJ1-3,38,2.0,0.9868878175971981
AV14-2-CAASPYTGNYKYVF-AJ40_BV13-2-CASGDVGGLYF-BJ1-3,38,5.0,0.8598671907611685
AV14-2-CAASPYTGNYKYVF-AJ40_BV13-2-CASTNNNQAPLF-BJ1-5,22,0.0,1.5077078517259401
AV14-2-CAASPYTGNYKYVF-AJ40_BV13-2-CASTNNNQAPLF-BJ1-5,22,1.0,1.2128237879459733
AV14-2-CAASPYTGNYKYVF-AJ40_BV13-2-CASTNNNQAPLF-BJ1-5,22,2.0,1.0725978113668528
AV14-2-CAASPYTGNYKYVF-AJ40_BV13-2-CASTNNNQAPLF-BJ1-5,22,5.0,0.9336830775868478
AV14-2-CAASRGSSGNKLIF-AJ32_BV1-CTCSAVRVQDTQYF-BJ2-5,6,0.0,1.6012217189582685
AV14-2-CAASRGSSGNKLIF-AJ32_BV1-CTCSAVRVQDTQYF-BJ2-5,6,1.0,1.2634821265645073
AV14-2-CAASRGSSGNKLIF-AJ32_BV1-CTCSAVRVQDTQYF-BJ2-5,6,2.0,1.1299359370308153
AV14-2-CAASRGSSGNKLIF-AJ32_BV1-CTCSAVRVQDTQYF-BJ2-5,6,5.0,1.003249847938646
AV14-2-CAASVAMGYKLTF-AJ9_BV19-CASSIEERLFF-BJ1-4,10,0.0,1.4607330313749611
AV14-2-CAASVAMGYKLTF-AJ9_BV19-CASSIEERLFF-BJ1-4,10,1.0,1.3396344647299459
AV14-2-CAASVAMGYKLTF-AJ9_BV19-CASSIEERLFF-BJ1-4,10,2.0,1.25247048414132
AV14-2-CAASVAMGYKLTF-AJ9_BV19-CASSIEERLFF-BJ1-4,10,5.0,1.117602756016203
AV14-3-CAARQGTQVVGQLTF-AJ5_BV1-CTCSGTGDEQYF-BJ2-7,28,0.0,1.5413351188915274
AV14-3-CAARQGTQVVGQLTF-AJ5_BV1-CTCSGTGDEQYF-BJ2-7,28,1.0,1.3098703975980457
AV14-3-CAARQGTQVVGQLTF-AJ5_BV1-CTCSGTGDEQYF-BJ2-7,28,2.0,1.1698674717485245
AV14-3-CAARQGTQVVGQLTF-AJ5_BV1-CTCSGTGDEQYF-BJ2-7,28,5.0,1.0136816657128158
AV14-3-CAASAGSGGKLTL-AJ44_BV3-CASSLDFGQNTLYF-BJ2-4,40,0.0,1.4107529783997212
AV14-3-CAASAGSGGKLTL-AJ44_BV3-CASSLDFGQNTLYF-BJ2-4,40,1.0,1.1580672374097611
AV14-3-CAASAGSGGKLTL-AJ44_BV3-CASSLDFGQNTLYF-BJ2-4,40,2.0,1.030421584541836
AV14-3-CAASAGSGGKLTL-AJ44_BV3-CASSLDFGQNTLYF-BJ2-4,40,5.0,0.8983534902232331
AV14-3/DV8-CAAGHDTNAYKVIF-AJ30_BV13-2-CASGDAAYEQYF-BJ2-7,7,0.0,0.9407089286744509
AV14-3/DV8-CAAGHDTNAYKVIF-AJ30_BV13-2-CASGDAAYEQYF-BJ2-7,7,1.0,0.7953364087071468
AV14-3/DV8-CAAGHDTNAYKVIF-AJ30_BV13-2-CASGDAAYEQYF-BJ2-7,7,2.0,0.6835248499639575
AV14-3/DV8-CAAGHDTNAYKVIF-AJ30_BV13-2-CASGDAAYEQYF-BJ2-7,7,5.0,0.5588778855309391
AV14D-1-CAASAGGSAKLIF-AJ57_BV12-2-CASSLGQGAGAEQFF-BJ2-1,7,0.0,1.3099892859203304
AV14D-1-CAASAGGSAKLIF-AJ57_BV12-2-CASSLGQGAGAEQFF-BJ2-1,7,1.0,1.1325071736540748
AV14D-1-CAASAGGSAKLIF-AJ57_BV12-2-CASSLGQGAGAEQFF-BJ2-1,7,2.0,1.0314440476958684
AV14D-1-CAASAGGSAKLIF-AJ57_BV12-2-CASSLGQGAGAEQFF-BJ2-1,7,5.0,0.9008980955985314
AV14D-1-CAASAGTQVVGQLTF-AJ5_BV1-CTCSAAGDTQYF-BJ2-5,5,0.0,1.1169925001442311
AV14D-1-CAASAGTQVVGQLTF-AJ5_BV1-CTCSAAGDTQYF-BJ2-5,5,1.0,1.1039262949237874
AV14D-1-CAASAGTQVVGQLTF-AJ5_BV1-CTCSAAGDTQYF-BJ2-5,5,2.0,1.091547246591041
AV14D-1-CAASAGTQVVGQLTF-AJ5_BV1-CTCSAAGDTQYF-BJ2-5,5,5.0,1.060214492815819
AV14D-3/DV8-CAANYGSSGNKLIF-AJ32_BV1-CTCSAVRVQDTQYF-BJ2-5,22,0.0,1.1130479512648568
AV14D-3/DV8-CAANYGSSGNKLIF-AJ32_BV1-CTCSAVRVQDTQYF-BJ2-5,22,1.0,0.9515521746567771
AV14D-3/DV8-CAANYGSSGNKLIF-AJ32_BV1-CTCSAVRVQDTQYF-BJ2-5,22,2.0,0.8553491690788181
AV14D-3/DV8-CAANYGSSGNKLIF-AJ32_BV1-CTCSAVRVQDTQYF-BJ2-5,22,5.0,0.741625612953328
AV14D-3/DV8-CAASATEGADRLTF-AJ45_BV13-1-CASSDAWGREQYF-BJ2-7,7,0.0,1.697738645586919
AV14D-3/DV8-CAASATEGADRLTF-AJ45_BV13-1-CASSDAWGREQYF-BJ2-7,7,1.0,1.450723088066598
AV14D-3/DV8-CAASATEGADRLTF-AJ45_BV13-1-CASSDAWGREQYF-BJ2-7,7,2.0,1.284580936017795
AV14D-3/DV8-CAASATEGADRLTF-AJ45_BV13-1-CASSDAWGREQYF-BJ2-7,7,5.0,1.0914250576645832
AV16-CAMREANTGYQNFYF-AJ49_BV13-2-CASGDGAQNTLYF-BJ2-4,21,0.0,1.2938834810523294
AV16-CAMREANTGYQNFYF-AJ49_BV13-2-CASGDGAQNTLYF-BJ2-4,21,1.0,0.8748180380228676
AV16-CAMREANTGYQNFYF-AJ49_BV13-2-CASGDGAQNTLYF-BJ2-4,21,2.0,0.6906755595079004
AV16-CAMREANTGYQNFYF-AJ49_BV13-2-CASGDGAQNTLYF-BJ2-4,21,5.0,0.5427773804706343
AV16-CAMREANTGYQNFYF-AJ49_BV13-2-CASGGGGQNTLYF-BJ2-4,5,0.0,0.8
AV16-CAMREANTGYQNFYF-AJ49_BV13-2-CASGGGGQNTLYF-BJ2-4,5,1.0,0.6826517435533587
AV16-CAMREANTGYQNFYF-AJ49_BV13-2-CASGGGGQNTLYF-BJ2-4,5,2.0,0.5954790968495097
AV16-CAMREANTGYQNFYF-AJ49_BV13-2-CASGGGGQNTLYF-BJ2-4,5,5.0,0.47984720292793515
AV16-CAMREANTGYQNFYF-AJ49_BV13-2-CASGTGGQNTLYF-BJ2-4,40,0.0,1.5186405240429195
AV16-CAMREANTGYQNFYF-AJ49_BV13-2-CASGTGGQNTLYF-BJ2-4,40,1.0,1.235712450584421
AV16-CAMREANTGYQNFYF-AJ49_BV13-2-CASGTGGQNTLYF-BJ2-4,40,2.0,1.0866512410429188
AV16-CAMREANTGYQNFYF-AJ49_BV13-2-CASGTGGQNTLYF-BJ2-4,40,5.0,0.929274257156278
AV16-CAMREANYGNEKITF-AJ48_BV16-CASSLRTGVYEQYF-BJ2-7,17,0.0,1.0134599229703458
AV16-CAMREANYGNEKITF-AJ48_BV16-CASSLRTGVYEQYF-BJ2-7,17,1.0,0.8881185637270127
AV16-CAMREANYGNEKITF-AJ48_BV16-CASSLRTGVYEQYF-BJ2-7,17,2.0,0.8084735380736977
AV16-CAMREANYGNEKITF-AJ48_BV16-CASSLRTGVYEQYF-BJ2-7,17,5.0,0.7094832748058029
AV16-CAMREEGGSNAKLTF-AJ42_BV3-CASSLGGVQDTQYF-BJ2-5,6,0.0,1.8622795227172366
AV16-CAMREEGGSNAKLTF-AJ42_BV3-CASSLGGVQDTQYF-BJ2-5,6,1.0,1.6820474438689301
AV16-CAMREEGGSNAKLTF-AJ42_BV3-CASSLGGVQDTQYF-BJ2-5,6,2.0,1.576271889667696
AV16-CAMREEGGSNAKLTF-AJ42_BV3-CASSLGGVQDTQYF-BJ2-5,6,5.0,1.430145616241102
AV16-CAMREGGGASSSFSKLVF-AJ50_BV16-CASSSGQYEQYF-BJ2-7,6,0.0,0.26416041678685936
AV16-CAMREGGGASSSFSKLVF-AJ50_BV16-CASSSGQYEQYF-BJ2-7,6,1.0,0.19969732465196652
AV16-CAMREGGGASSSFSKLVF-AJ50_BV16-CASSSGQYEQYF-BJ2-7,6,2.0,0.15419100088596446
AV16-CAMREGGGASSSFSKLVF-AJ50_BV16-CASSSGQYEQYF-BJ2-7,6,5.0,0.11045878214848909
AV16-CAMREGNNVGDNSKLIW-AJ38_BV13-3-CASSERNQAPLF-BJ1-5,5,0.0,0.8
AV16-CAMREGNNVGDNSKLIW-AJ38_BV13-3-CASSERNQAPLF-BJ1-5,5,1.0,0.6656276563783774
AV16-CAMREGNNVGDNSKLIW-AJ38_BV13-3-CASSERNQAPLF-BJ1-5,5,2.0,0.5777944985508545
AV16-CAMREGNNVGDNSKLIW-AJ38_BV13-3-CASSERNQAPLF-BJ1-5,5,5.0,0.47312772159153554
AV16-CAMREGNTGYQNFYF-AJ49_BV13-2-CASGDGAQNTLYF-BJ2-4,5,0.0,2.116992500144231
AV16-CAMREGNTGYQNFYF-AJ49_BV13-2-CASGDGAQNTLYF-BJ2-4,5,1.0,1.4317663593853935
AV16-CAMREGNTGYQNFYF-AJ49_BV13-2-CASGDGAQNTLYF-BJ2-4,5,2.0,1.1570724795458385
AV16-CAMREGNTGYQNFYF-AJ49_BV13-2-CASGDGAQNTLYF-BJ2-4,5,5.0,0.9037650723703811
AV16-CAMREGQGGSAKLIF-AJ57_BV16-CASSLVWGQGSSYEQYF-BJ2-7,19,0.0,1.1081102905553024
AV16-CAMREGQGGSAKLIF-AJ57_BV16-CASSLVWGQGSSYEQYF-BJ2-7,19,1.0,0.9498868238390522
AV16-CAMREGQGGSAKLIF-AJ57_BV16-CASSLVWGQGSSYEQYF-BJ2-7,19,2.0,0.8733206068685462
AV16-CAMREGQGGSAKLIF-AJ57_BV16-CASSLVWGQGSSYEQYF-BJ2-7,19,5.0,0.7916120280064888
AV16-CAMRERDTGNYKYVF-AJ40_BV31-CAWSPKGQYYEQYF-BJ2-7,5,0.0,0.4
AV16-CAMRERDTGNYKYVF-AJ40_BV31-CAWSPKGQYYEQYF-BJ2-7,5,1.0,0.3562832805242241
AV16-CAMRERDTGNYKYVF-AJ40_BV31-CAWSPKGQYYEQYF-BJ2-7,5,2.0,0.3209451511085172
AV16-CAMRERDTGNYKYVF-AJ40_BV31-CAWSPKGQYYEQYF-BJ2-7,5,5.0,0.2646427224611182
AV16-CAMRESNTGYQNFYF-AJ49_BV13-2-CASGEGGANTQYF-BJ2-5,5,0.0,1.9428491035332243
AV16-CAMRESNTGYQNFYF-AJ49_BV13-2-CASGEGGANTQYF-BJ2-5,5,1.0,1.6172368232251066
AV16-CAMRESNTGYQNFYF-AJ49_BV13-2-CASGEGGANTQYF-BJ2-5,5,2.0,1.4621040476889133
AV16-CAMRESNTGYQNFYF-AJ49_BV13-2-CASGEGGANTQYF-BJ2-5,5,5.0,1.3067944779710936
AV16-CAMRETASSSFSKLVF-AJ50_BV29-CASSTGTAEVFF-BJ1-1,13,0.0,1.5443704305423718
AV16-CAMRETASSSFSKLVF-AJ50_BV29-CASSTGTAEVFF-BJ1-1,13,1.0,1.34435999604568
AV16-CAMRETASSSFSKLVF-AJ50_BV29-CASSTGTAEVFF-BJ1-1,13,2.0,1.2222059166258608
AV16-CAMRETASSSFSKLVF-AJ50_BV29-CASSTGTAEVFF-BJ1-1,13,5.0,1.0658037920611352
AV16-CAMRETGYQNFYF-AJ49_BV13-1-CASSDAYTEVFF-BJ1-1,33,0.0,1.1700821378565855
AV16-CAMRETGYQNFYF-AJ49_BV13-1-CASSDAYTEVFF-BJ1-1,33,1.0,0.998660366972668
AV16-CAMRETGYQNFYF-AJ49_BV13-1-CASSDAYTEVFF-BJ1-1,33,2.0,0.9072189764498787
AV16-CAMRETGYQNFYF-AJ49_BV13-1-CASSDAYTEVFF-BJ1-1,33,5.0,0.8071503329387678
AV16N-CAMRDNYAQGLTF-AJ26_BV3-CASSLGPSSYEQYF-BJ2-7,300,0.0,1.4586533167790523
AV16N-CAMRDNYAQGLTF-AJ26_BV3-CASSLGPSSYEQYF-BJ2-7,300,1.0,1.1347272752215969
AV16N-CAMRDNYAQGLTF-AJ26_BV3-CASSLGPSSYEQYF-BJ2-7,300,2.0,0.9816182572509772
AV16N-CAMRDNYAQGLTF-AJ26_BV3-CASSLGPSSYEQYF-BJ2-7,300,5.0,0.8327481258879023
AV16N-CAMREDASSGSWQLIF-AJ22_BV13-2-CASGDRGLGGSDTQYF-BJ2-5,17,0.0,0.9955772060944575
AV16N-CAMREDASSGSWQLIF-AJ22_BV13-2-CASGDRGLGGSDTQYF-BJ2-5,17,1.0,0.7685862407644618
AV16N-CAMREDASSGSWQLIF-AJ22_BV13-2-CASGDRGLGGSDTQYF-BJ2-5,17,2.0,0.6437229587991002
AV16N-CAMREDASSGSWQLIF-AJ22_BV13-2-CASGDRGLGGSDTQYF-BJ2-5,17,5.0,0.5248051980891357
AV16N-CAMREDQGGRALIF-AJ15_BV16-CASSLVGAQDTQYF-BJ2-5,17,0.0,1.2802979944814123
AV16N-CAMREDQGGRALIF-AJ15_BV16-CASSLVGAQDTQYF-BJ2-5,17,1.0,1.0500568391253962
AV16N-CAMREDQGGRALIF-AJ15_BV16-CASSLVGAQDTQYF-BJ2-5,17,2.0,0.9216873285734414
AV16N-CAMREDQGGRALIF-AJ15_BV16-CASSLVGAQDTQYF-BJ2-5,17,5.0,0.7845058794234218
AV16N-CAMREGDSNYQLIW-AJ33_BV13-2-CASGDRANSDYTF-BJ1-2,6,0.0,1.5566416671474375
AV16N-CAMREGDSNYQLIW-AJ33_BV13-2-CASGDRANSDYTF-BJ1-2,6,1.0,1.4151888739438379
AV16N-CAMREGDSNYQLIW-AJ33_BV13-2-CASGDRANSDYTF-BJ1-2,6,2.0,1.3334377981002403
AV16N-CAMREGDSNYQLIW-AJ33_BV13-2-CASGDRANSDYTF-BJ1-2,6,5.0,1.2305926083944059
AV16N-CAMREGEDGSGGKLTL-AJ44_BV13-2-CASGDIYEQYF-BJ2-7,5,0.0,1.467970000576925
AV16N-CAMREGEDGSGGKLTL-AJ44_BV13-2-CASGDIYEQYF-BJ2-7,5,1.0,1.2889010668533367
AV16N-CAMREGEDGSGGKLTL-AJ44_BV13-2-CASGDIYEQYF-BJ2-7,5,2.0,1.1805419913534536
AV16N-CAMREGEDGSGGKLTL-AJ44_BV13-2-CASGDIYEQYF-BJ2-7,5,5.0,1.0734017308811974
AV16N-CAMREGNSNNRIFF-AJ31_BV13-1-CASRDINTEVFF-BJ1-1,10,0.0,1.6951284714966974
AV16N-CAMREGNSNNRIFF-AJ31_BV13-1-CASRDINTEVFF-BJ1-1,10,1.0,1.444438382816245
AV16N-CAMREGNSNNRIFF-AJ31_BV13-1-CASRDINTEVFF-BJ1-1,10,2.0,1.2766316788820748
AV16N-CAMREGNSNNRIFF-AJ31_BV13-1-CASRDINTEVFF-BJ1-1,10,5.0,1.0945276048638386
AV16N-CAMREGTGGNNKLTF-AJ56_BV1-CTCRTGTDSYNSPLYF-BJ1-6,7,0.0,1.0184690024207093
AV16N-CAMREGTGGNNKLTF-AJ56_BV1-CTCRTGTDSYNSPLYF-BJ1-6,7,1.0,0.8809254876230679
AV16N-CAMREGTGGNNKLTF-AJ56_BV1-CTCRTGTDSYNSPLYF-BJ1-6,7,2.0,0.7791982785004519
AV16N-CAMREGTGGNNKLTF-AJ56_BV1-CTCRTGTDSYNSPLYF-BJ1-6,7,5.0,0.6382905524892014
AV16N-CAMREVYQGGRALIF-AJ15_BV16-CASSFVGNQDTQYF-BJ2-5,18,0.0,1.090519812226645
AV16N-CAMREVYQGGRALIF-AJ15_BV16-CASSFVGNQDTQYF-BJ2-5,18,1.0,0.9449861983403012
AV16N-CAMREVYQGGRALIF-AJ15_BV16-CASSFVGNQDTQYF-BJ2-5,18,2.0,0.862183167535401
AV16N-CAMREVYQGGRALIF-AJ15_BV16-CASSFVGNQDTQYF-BJ2-5,18,5.0,0.7687997301047672
AV19-CAAGADTGYQNFYF-AJ49_BV3-CASSLTGGQNEQYF-BJ2-7,5,0.0,2.4910654440609123
AV19-CAAGADTGYQNFYF-AJ49_BV3-CASSLTGGQNEQYF-BJ2-7,5,1.0,2.3185069673864867
AV19-CAAGADTGYQNFYF-AJ49_BV3-CASSLTGGQNEQYF-BJ2-7,5,2.0,2.2073167724125957
AV19-CAAGADTGYQNFYF-AJ49_BV3-CASSLTGGQNEQYF-BJ2-7,5,5.0,2.0185062001946243
AV19-CAAGADYANKMIF-AJ47_BV3-CASSLTVNQDTQYF-BJ2-5,22,0.0,1.4527720961890573
AV19-CAAGADYANKMIF-AJ47_BV3-CASSLTVNQDTQYF-BJ2-5,22,1.0,1.2316193308067704
AV19-CAAGADYANKMIF-AJ47_BV3-CASSLTVNQDTQYF-BJ2-5,22,2.0,1.106161717693782
AV19-CAAGADYANKMIF-AJ47_BV3-CASSLTVNQDTQYF-BJ2-5,22,5.0,0.9611784300521908
AV19-CAAGLATGGNNKLTF-AJ56_BV13-1-CASSELGFSAETLYF-BJ2-3,13,0.0,1.3802357083201537
AV19-CAAGLATGGNNKLTF-AJ56_BV13-1-CASSELGFSAETLYF-BJ2-3,13,1.0,1.1620751296870386
AV19-CAAGLATGGNNKLTF-AJ56_BV13-1-CASSELGFSAETLYF-BJ2-3,13,2.0,1.0458985063040123
AV19-CAAGLATGGNNKLTF-AJ56_BV13-1-CASSELGFSAETLYF-BJ2-3,13,5.0,0.9278576750629609
AV19-CAAGVEQQGTGSKLSF-AJ58_BV12-1-CASSLGLNQDTQYF-BJ2-5,11,0.0,0.9538048269390612
AV19-CAAGVEQQGTGSKLSF-AJ58_BV12-1-CASSLGLNQDTQYF-BJ2-5,11,1.0,0.8135870048394854
AV19-CAAGVEQQGTGSKLSF-AJ58_BV12-1-CASSLGLNQDTQYF-BJ2-5,11,2.0,0.7210406014820567
AV19-CAAGVEQQGTGSKLSF-AJ58_BV12-1-CASSLGLNQDTQYF-BJ2-5,11,5.0,0.6114294456389079
AV19-CAAGVGDNSKLIW-AJ38_BV14-CASRYRDTQYF-BJ2-5,8,0.0,1.3656015629507225
AV19-CAAGVGDNSKLIW-AJ38_BV14-CASRYRDTQYF-BJ2-5,8,1.0,1.1916387074694095
AV19-CAAGVGDNSKLIW-AJ38_BV14-CASRYRDTQYF-BJ2-5,8,2.0,1.0879877560130864
AV19-CAAGVGDNSKLIW-AJ38_BV14-CASRYRDTQYF-BJ2-5,8,5.0,0.9610465990553837
AV3-1-CAVSARYSNNRLTL-AJ7_BV31-CAWRLGYEQYF-BJ2-7,14,0.0,0.9407089286744509
AV3-1-CAVSARYSNNRLTL-AJ7_BV31-CAWRLGYEQYF-BJ2-7,14,1.0,0.7140934379109173
AV3-1-CAVSARYSNNRLTL-AJ7_BV31-CAWRLGYEQYF-BJ2-7,14,2.0,0.6146380408677851
AV3-1-CAVSARYSNNRLTL-AJ7_BV31-CAWRLGYEQYF-BJ2-7,14,5.0,0.5165755704518664
AV3-1-CAVSATGNTGKLIF-AJ37_BV31-CAWDWTNTGQLYF-BJ2-2,6,0.0,1.2641604167868594
AV3-1-CAVSATGNTGKLIF-AJ37_BV31-CAWDWTNTGQLYF-BJ2-2,6,1.0,1.034461532890898
AV3-1-CAVSATGNTGKLIF-AJ37_BV31-CAWDWTNTGQLYF-BJ2-2,6,2.0,0.9235195686689116
AV3-1-CAVSATGNTGKLIF-AJ37_BV31-CAWDWTNTGQLYF-BJ2-2,6,5.0,0.7921658098663591
AV3-3-CAVSALGYQNFYF-AJ49_BV1-CTCSGDSQNTLYF-BJ2-4,5,0.0,1.7509775004326937
AV3-3-CAVSALGYQNFYF-AJ49_BV1-CTCSGDSQNTLYF-BJ2-4,5,1.0,1.4191089926113905
AV3-3-CAVSALGYQNFYF-AJ49_BV1-CTCSGDSQNTLYF-BJ2-4,5,2.0,1.194568995253505
AV3-3-CAVSALGYQNFYF-AJ49_BV1-CTCSGDSQNTLYF-BJ2-4,5,5.0,0.9482751767513757
AV3-3-CAVSRNTEGADRLTF-AJ45_BV17-CASSRDRADTQYF-BJ2-5,15,0.0,1.2051210398033887
AV3-3-CAVSRNTEGADRLTF-AJ45_BV17-CASSRDRADTQYF-BJ2-5,15,1.0,0.9462067591067819
AV3-3-CAVSRNTEGADRLTF-AJ45_BV17-CASSRDRADTQYF-BJ2-5,15,2.0,0.8430256942118933
AV3-3-CAVSRNTEGADRLTF-AJ45_BV17-CASSRDRADTQYF-BJ2-5,15,5.0,0.7606378527125367
AV3D-3-CAVMNYGSSGNKLIF-AJ32_BV17-CASSRDRDGTEVFF-BJ1-1,5,0.0,1.2643856189774723
AV3D-3-CAVMNYGSSGNKLIF-AJ32_BV17-CASSRDRDGTEVFF-BJ1-1,5,1.0,1.1569897448208302
AV3D-3-CAVMNYGSSGNKLIF-AJ32_BV17-CASSRDRDGTEVFF-BJ1-1,5,2.0,1.0843891023171324
AV3D-3-CAVMNYGSSGNKLIF-AJ32_BV17-CASSRDRDGTEVFF-BJ1-1,5,5.0,0.9718296470237584
AV3D-3-CAVRDQGGRALIF-AJ15_BV13-2-CASGEMGLQDTQYF-BJ2-5,30,0.0,1.1636172898755042
AV3D-3-CAVRDQGGRALIF-AJ15_BV13-2-CASGEMGLQDTQYF-BJ2-5,30,1.0,0.8505240586805194
AV3D-3-CAVRDQGGRALIF-AJ15_BV13-2-CASGEMGLQDTQYF-BJ2-5,30,2.0,0.7256104634335888
AV3D-3-CAVRDQGGRALIF-AJ15_BV13-2-CASGEMGLQDTQYF-BJ2-5,30,5.0,0.6134407533320855
AV3D-3-CAVSLYGSSGNKLIF-AJ32_BV5-CASSRDRGDERLFF-BJ1-4,8,0.0,1.146240625180289
AV3D-3-CAVSLYGSSGNKLIF-AJ32_BV5-CASSRDRGDERLFF-BJ1-4,8,1.0,1.0197550816631507
AV3D-3-CAVSLYGSSGNKLIF-AJ32_BV5-CASSRDRGDERLFF-BJ1-4,8,2.0,0.9259537747162218
AV3D-3-CAVSLYGSSGNKLIF-AJ32_BV5-CASSRDRGDERLFF-BJ1-4,8,5.0,0.8097114614519927
AV4-4/DV10-CADMDYANKMIF-AJ47_BV2-CASSQDRGYNNQAPLF-BJ1-5,82,0.0,1.2836039110414679
AV4-4/DV10-CADMDYANKMIF-AJ47_BV2-CASSQDRGYNNQAPLF-BJ1-5,82,1.0,1.050057488754954
AV4-4/DV10-CADMDYANKMIF-AJ47_BV2-CASSQDRGYNNQAPLF-BJ1-5,82,2.0,0.9161814998532302
AV4-4/DV10-CADMDYANKMIF-AJ47_BV2-CASSQDRGYNNQAPLF-BJ1-5,82,5.0,0.7658623727254794
AV4D-3-CAAEGNEKITF-AJ48_BV1-CTCSADWEQNTLYF-BJ2-4,53,0.0,1.1667374214100381
AV4D-3-CAAEGNEKITF-AJ48_BV1-CTCSADWEQNTLYF-BJ2-4,53,1.0,0.9937021085570911
AV4D-3-CAAEGNEKITF-AJ48_BV1-CTCSADWEQNTLYF-BJ2-4,53,2.0,0.9027361078809153
AV4D-3-CAAEGNEKITF-AJ48_BV1-CTCSADWEQNTLYF-BJ2-4,53,5.0,0.8017274573277704
AV4D-3-CAAENNYAQGLTF-AJ26_BV1-CTCSADRLNTLYF-BJ2-4,23,0.0,1.325024316912566
AV4D-3-CAAENNYAQGLTF-AJ26_BV1-CTCSADRLNTLYF-BJ2-4,23,1.0,1.0973947360319862
AV4D-3-CAAENNYAQGLTF-AJ26_BV1-CTCSADRLNTLYF-BJ2-4,23,2.0,0.9760487627233928
AV4D-3-CAAENNYAQGLTF-AJ26_BV1-CTCSADRLNTLYF-BJ2-4,23,5.0,0.839601569708892
AV4D-3-CAAYQGGRALIF-AJ15_BV1-CTCSGDRVAEQFF-BJ2-1,8,0.0,1.9600037252910258
AV4D-3-CAAYQGGRALIF-AJ15_BV1-CTCSGDRVAEQFF-BJ2-1,8,1.0,1.6475300169115634
AV4D-3-CAAYQGGRALIF-AJ15_BV1-CTCSGDRVAEQFF-BJ2-1,8,2.0,1.4365418052986638
AV4D-3-CAAYQGGRALIF-AJ15_BV1-CTCSGDRVAEQFF-BJ2-1,8,5.0,1.18550985044229
AV4D-4-CAAEAVTGGYKVVF-AJ12_BV5-CASSPREGTGQLYF-BJ2-2,8,0.0,0.8231203125901445
AV4D-4-CAAEAVTGGYKVVF-AJ12_BV5-CASSPREGTGQLYF-BJ2-2,8,1.0,0.7935863705026467
AV4D-4-CAAEAVTGGYKVVF-AJ12_BV5-CASSPREGTGQLYF-BJ2-2,8,2.0,0.7679263062687721
AV4D-4-CAAEAVTGGYKVVF-AJ12_BV5-CASSPREGTGQLYF-BJ2-2,8,5.0,0.7174524958394768
AV6-2-CVLGNTEGADRLTF-AJ45_BV1-CTCSAVRVGSDYTF-BJ1-2,6,0.0,1.3987195704631266
AV6-2-CVLGNTEGADRLTF-AJ45_BV1-CTCSAVRVGSDYTF-BJ1-2,6,1.0,0.9714266598684856
AV6-2-CVLGNTEGADRLTF-AJ45_BV1-CTCSAVRVGSDYTF-BJ1-2,6,2.0,0.7740538236494334
AV6-2-CVLGNTEGADRLTF-AJ45_BV1-CTCSAVRVGSDYTF-BJ1-2,6,5.0,0.6227660867177542
AV6-6-CALGDQSNYNVLYF-AJ21_BV26-CASRRQGNERLFF-BJ1-4,7,0.0,1.5448258844595766
AV6-6-CALGDQSNYNVLYF-AJ21_BV26-CASRRQGNERLFF-BJ1-4,7,1.0,1.2653315827063836
AV6-6-CALGDQSNYNVLYF-AJ21_BV26-CASRRQGNERLFF-BJ1-4,7,2.0,1.1302263543081401
AV6-6-CALGDQSNYNVLYF-AJ21_BV26-CASRRQGNERLFF-BJ1-4,7,5.0,1.0016922774713095
AV6-6-CALGEGGYKVVF-AJ12_BV5-CASSQDQVGERLFF-BJ1-4,7,0.0,1.213121870904239
AV6-6-CALGEGGYKVVF-AJ12_BV5-CASSQDQVGERLFF-BJ1-4,7,1.0,1.0209734771167551
AV6-6-CALGEGGYKVVF-AJ12_BV5-CASSQDQVGERLFF-BJ1-4,7,2.0,0.893023139794395
AV6-6-CALGEGGYKVVF-AJ12_BV5-CASSQDQVGERLFF-BJ1-4,7,5.0,0.7480093779978654
AV6-6-CALGMSNYNVLYF-AJ21_BV13-2-CASGDEGPQDTQYF-BJ2-5,12,0.0,0.984481765934753
AV6-6-CALGMSNYNVLYF-AJ21_BV13-2-CASGDEGPQDTQYF-BJ2-5,12,1.0,0.8349705555779648
AV6-6-CALGMSNYNVLYF-AJ21_BV13-2-CASGDEGPQDTQYF-BJ2-5,12,2.0,0.7382151567661067
AV6-6-CALGMSNYNVLYF-AJ21_BV13-2-CASGDEGPQDTQYF-BJ2-5,12,5.0,0.6184115954223818
AV6D-7-CALGEGGYKVVF-AJ12_BV5-CASSQDQVGERLFF-BJ1-4,237,0.0,1.4039011950283393
AV6D-7-CALGEGGYKVVF-AJ12_BV5-CASSQDQVGERLFF-BJ1-4,237,1.0,1.0545813582213308
AV6D-7-CALGEGGYKVVF-AJ12_BV5-CASSQDQVGERLFF-BJ1-4,237,2.0,0.8933053917797871
AV6D-7-CALGEGGYKVVF-AJ12_BV5-CASSQDQVGERLFF-BJ1-4,237,5.0,0.7417011522753368
AV6D-7-CALGGNYNQGKLIF-AJ23_BV13-1-CASSDALYAEQFF-BJ2-1,31,0.0,1.1417401781753345
AV6D-7-CALGGNYNQGKLIF-AJ23_BV13-1-CASSDALYAEQFF-BJ2-1,31,1.0,0.9345652157779989
AV6D-7-CALGGNYNQGKLIF-AJ23_BV13-1-CASSDALYAEQFF-BJ2-1,31,2.0,0.8271606813271845
AV6D-7-CALGGNYNQGKLIF-AJ23_BV13-1-CASSDALYAEQFF-BJ2-1,31,5.0,0.7187402460180136
AV6N-6-CALSAHYGNEKITF-AJ48_BV14-CASSFPSGQNTEVFF-BJ1-1,24,0.0,1.548717519770794
AV6N-6-CALSAHYGNEKITF-AJ48_BV14-CASSFPSGQNTEVFF-BJ1-1,24,1.0,1.3315623449407292
AV6N-6-CALSAHYGNEKITF-AJ48_BV14-CASSFPSGQNTEVFF-BJ1-1,24,2.0,1.1847807646274189
AV6N-6-CALSAHYGNEKITF-AJ48_BV14-CASSFPSGQNTEVFF-BJ1-1,24,5.0,1.0018013104260806
AV7-1-CAVKGNNNAPRF-AJ43_BV13-2-CASRLGGYEQYF-BJ2-7,11,0.0,1.2861095386311117
AV7-1-CAVKGNNNAPRF-AJ43_BV13-2-CASRLGGYEQYF-BJ2-7,11,1.0,1.1225705444455818
AV7-1-CAVKGNNNAPRF-AJ43_BV13-2-CASRLGGYEQYF-BJ2-7,11,2.0,1.012255889805225
AV7-1-CAVKGNNNAPRF-AJ43_BV13-2-CASRLGGYEQYF-BJ2-7,11,5.0,0.8648542443138004
AV7-2-CAAASSGSWQLIF-AJ22_BV13-1-CASSDVLYEQYF-BJ2-7,5,0.0,0.8
AV7-2-CAAASSGSWQLIF-AJ22_BV13-1-CASSDVLYEQYF-BJ2-7,5,1.0,0.6350246602805161
AV7-2-CAAASSGSWQLIF-AJ22_BV13-1-CASSDVLYEQYF-BJ2-7,5,2.0,0.5479501037348042
AV7-2-CAAASSGSWQLIF-AJ22_BV13-1-CASSDVLYEQYF-BJ2-7,5,5.0,0.4493032631176116
AV7-2-CAAGNTGKLIF-AJ37_BV1-CTCSAVRVGYEQYF-BJ2-7,47,0.0,1.1329510318235896
AV7-2-CAAGNTGKLIF-AJ37_BV1-CTCSAVRVGYEQYF-BJ2-7,47,1.0,0.9615292751250027
AV7-2-CAAGNTGKLIF-AJ37_BV1-CTCSAVRVGYEQYF-BJ2-7,47,2.0,0.862614892453483
AV7-2-CAAGNTGKLIF-AJ37_BV1-CTCSAVRVGYEQYF-BJ2-7,47,5.0,0.7496154843762526
AV7-2-CAANVGDNSKLIW-AJ38_BV26-CASSLRYTEVFF-BJ1-1,5,0.0,1.7813781191217035
AV7-2-CAANVGDNSKLIW-AJ38_BV26-CASSLRYTEVFF-BJ1-1,5,1.0,1.4962847019317596
AV7-2-CAANVGDNSKLIW-AJ38_BV26-CASSLRYTEVFF-BJ1-1,5,2.0,1.3068019474600718
AV7-2-CAANVGDNSKLIW-AJ38_BV26-CASSLRYTEVFF-BJ1-1,5,5.0,1.10954942305306
AV7-2-CAASMPGNTGKLIF-AJ37_BV17-CASSRGTANTGQLYF-BJ2-2,11,0.0,1.3592077013606336
AV7-2-CAASMPGNTGKLIF-AJ37_BV17-CASSRGTANTGQLYF-BJ2-2,11,1.0,1.1117994865107859
AV7-2-CAASMPGNTGKLIF-AJ37_BV17-CASSRGTANTGQLYF-BJ2-2,11,2.0,1.0065992199484468
AV7-2-CAASMPGNTGKLIF-AJ37_BV17-CASSRGTANTGQLYF-BJ2-2,11,5.0,0.9122702347233566
AV7-2-CAATGNTGKLIF-AJ37_BV19-CASSIRIAEQFF-BJ2-1,8,0.0,1.8170309019610158
AV7-2-CAATGNTGKLIF-AJ37_BV19-CASSIRIAEQFF-BJ2-1,8,1.0,1.4149764914922724
AV7-2-CAATGNTGKLIF-AJ37_BV19-CASSIRIAEQFF-BJ2-1,8,2.0,1.2247754294480873
AV7-2-CAATGNTGKLIF-AJ37_BV19-CASSIRIAEQFF-BJ2-1,8,5.0,1.028113535023234
AV7-3-CAVSDYNQGKLIF-AJ23_BV1-CTCSGDRVGNTLYF-BJ1-3,5,0.0,1.1169925001442311
AV7-3-CAVSDYNQGKLIF-AJ23_BV1-CTCSGDRVGNTLYF-BJ1-3,5,1.0,0.9134567619420844
AV7-3-CAVSDYNQGKLIF-AJ23_BV1-CTCSGDRVGNTLYF-BJ1-3,5,2.0,0.8156208309021974
AV7-3-CAVSDYNQGKLIF-AJ23_BV1-CTCSGDRVGNTLYF-BJ1-3,5,5.0,0.7287348145809578
AV7-3-CAVSMKGGRALIF-AJ15_BV19-CASSIGGAREQYF-BJ2-7,139,0.0,1.096931401038034
AV7-3-CAVSMKGGRALIF-AJ15_BV19-CASSIGGAREQYF-BJ2-7,139,1.0,0.9608765769728691
AV7-3-CAVSMKGGRALIF-AJ15_BV19-CASSIGGAREQYF-BJ2-7,139,2.0,0.8789108998961204
AV7-3-CAVSMKGGRALIF-AJ15_BV19-CASSIGGAREQYF-BJ2-7,139,5.0,0.7773398975207102
AV7-3-CAVSPGGYKVVF-AJ12_BV13-2-CASGDAQGAGQLYF-BJ2-2,21,0.0,1.1103395203040256
AV7-3-CAVSPGGYKVVF-AJ12_BV13-2-CASGDAQGAGQLYF-BJ2-2,21,1.0,0.9372060775225528
AV7-3-CAVSPGGYKVVF-AJ12_BV13-2-CASGDAQGAGQLYF-BJ2-2,21,2.0,0.8276779362193096
AV7-3-CAVSPGGYKVVF-AJ12_BV13-2-CASGDAQGAGQLYF-BJ2-2,21,5.0,0.7048946955155587
AV7-4-CAAVITGNTGKLIF-AJ37_BV13-1-CASSGGNYAEQFF-BJ2-1,9,0.0,1.5719116583269142
AV7-4-CAAVITGNTGKLIF-AJ37_BV13-1-CASSGGNYAEQFF-BJ2-1,9,1.0,1.4241007314589125
AV7-4-CAAVITGNTGKLIF-AJ37_BV13-1-CASSGGNYAEQFF-BJ2-1,9,2.0,1.3235349768418496
AV7-4-CAAVITGNTGKLIF-AJ37_BV13-1-CASSGGNYAEQFF-BJ2-1,9,5.0,1.1847321344073076
AV7-5-CAPDYSNNRLTL-AJ7_BV13-1-CASSDGQTSAETLYF-BJ2-3,10,0.0,1.9299208018387275
AV7-5-CAPDYSNNRLTL-AJ7_BV13-1-CASSDGQTSAETLYF-BJ2-3,10,1.0,1.6208751767695158
AV7-5-CAPDYSNNRLTL-AJ7_BV13-1-CASSDGQTSAETLYF-BJ2-3,10,2.0,1.4258033970347141
AV7-5-CAPDYSNNRLTL-AJ7_BV13-1-CASSDGQTSAETLYF-BJ2-3,10,5.0,1.2008453743927048
AV7-5-CAVSLDSNYQLIW-AJ33_BV30-CSSWDRTNTGQLYF-BJ2-2,8,0.0,1.549039677847345
AV7-5-CAVSLDSNYQLIW-AJ33_BV30-CSSWDRTNTGQLYF-BJ2-2,8,1.0,1.2621577625245763
AV7-5-CAVSLDSNYQLIW-AJ33_BV30-CSSWDRTNTGQLYF-BJ2-2,8,2.0,1.0956040987886289
AV7-5-CAVSLDSNYQLIW-AJ33_BV30-CSSWDRTNTGQLYF-BJ2-2,8,5.0,0.9278206697783505
AV7-6-CAVGYQNFYF-AJ49_BV4-CASSDRDINYAEQFF-BJ2-1,23,0.0,1.4324559368027892
AV7-6-CAVGYQNFYF-AJ49_BV4-CASSDRDINYAEQFF-BJ2-1,23,1.0,0.9708250408858187
AV7-6-CAVGYQNFYF-AJ49_BV4-CASSDRDINYAEQFF-BJ2-1,23,2.0,0.7729566401932317
AV7-6-CAVGYQNFYF-AJ49_BV4-CASSDRDINYAEQFF-BJ2-1,23,5.0,0.6179904669696883
AV7-6-CAVYGNEKITF-AJ48_BV5-CASSPDRGYTQYF-BJ2-5,12,0.0,0.5974937501201927
AV7-6-CAVYGNEKITF-AJ48_BV5-CASSPDRGYTQYF-BJ2-5,12,1.0,0.4915198913978944
AV7-6-CAVYGNEKITF-AJ48_BV5-CASSPDRGYTQYF-BJ2-5,12,2.0,0.42921176242427944
AV7-6-CAVYGNEKITF-AJ48_BV5-CASSPDRGYTQYF-BJ2-5,12,5.0,0.35320509620296786
AV7D-3-CAGQGGRALIF-AJ15_BV1-CTCSADQNSGNTLYF-BJ1-3,51,0.0,1.3873686150144575
AV7D-3-CAGQGGRALIF-AJ15_BV1-CTCSADQNSGNTLYF-BJ1-3,51,1.0,1.208239957362231
AV7D-3-CAGQGGRALIF-AJ15_BV1-CTCSADQNSGNTLYF-BJ1-3,51,2.0,1.0940706138260958
AV7D-3-CAGQGGRALIF-AJ15_BV1-CTCSADQNSGNTLYF-BJ1-3,51,5.0,0.9506085167797471
AV7D-5-CADRNNYAQGLTF-AJ26_BV1-CTCSADRLQNTLYF-BJ2-4,37,0.0,0.9659079376979138
AV7D-5-CADRNNYAQGLTF-AJ26_BV1-CTCSADRLQNTLYF-BJ2-4,37,1.0,0.8420469123375112
AV7D-5-CADRNNYAQGLTF-AJ26_BV1-CTCSADRLQNTLYF-BJ2-4,37,2.0,0.7607744805501502
AV7D-5-CADRNNYAQGLTF-AJ26_BV1-CTCSADRLQNTLYF-BJ2-4,37,5.0,0.6601713118825709
AV7D-5-CAVRDSGYNKLTF-AJ11_BV1-CTCSADRLGNTLYF-BJ2-4,6,0.0,1.1949875002403854
AV7D-5-CAVRDSGYNKLTF-AJ11_BV1-CTCSADRLGNTLYF-BJ2-4,6,1.0,0.9682128323919379
AV7D-5-CAVRDSGYNKLTF-AJ11_BV1-CTCSADRLGNTLYF-BJ2-4,6,2.0,0.8221053246419178
AV7D-5-CAVRDSGYNKLTF-AJ11_BV1-CTCSADRLGNTLYF-BJ2-4,6,5.0,0.6667678681355206
AV8-1-CATDDGTNAYKVIF-AJ30_BV13-2-CASGAETLYF-BJ2-3,10,0.0,1.9076815597050831
AV8-1-CATDDGTNAYKVIF-AJ30_BV13-2-CASGAETLYF-BJ2-3,10,1.0,1.6269939311371278
AV8-1-CATDDGTNAYKVIF-AJ30_BV13-2-CASGAETLYF-BJ2-3,10,2.0,1.4670673526714324
AV8-1-CATDDGTNAYKVIF-AJ30_BV13-2-CASGAETLYF-BJ2-3,10,5.0,1.2846395139448592
AV8-1-CATDGGGRALIF-AJ15_BV3-CASSSTGVDAEQFF-BJ2-1,12,0.0,1.36602645189823
AV8-1-CATDGGGRALIF-AJ15_BV3-CASSSTGVDAEQFF-BJ2-1,12,1.0,1.1468746902726814
AV8-1-CATDGGGRALIF-AJ15_BV3-CASSSTGVDAEQFF-BJ2-1,12,2.0,1.0386531627946358
AV8-1-CATDGGGRALIF-AJ15_BV3-CASSSTGVDAEQFF-BJ2-1,12,5.0,0.8921131167083618
AV8-1-CATSASSGSWQLIF-AJ22_BV13-2-CASGDEISNERLFF-BJ1-4,12,0.0,1.5785886840135002
AV8-1-CATSASSGSWQLIF-AJ22_BV13-2-CASGDEISNERLFF-BJ1-4,12,1.0,1.342197785273284
AV8-1-CATSASSGSWQLIF-AJ22_BV13-2-CASGDEISNERLFF-BJ1-4,12,2.0,1.211449330425247
AV8-1-CATSASSGSWQLIF-AJ22_BV13-2-CASGDEISNERLFF-BJ1-4,12,5.0,1.0706442264578777
AV8-1-CATSASSGSWQLIF-AJ22_BV13-2-CASGDEVSNERLFF-BJ1-4,18,0.0,1.5997118471987808
AV8-1-CATSASSGSWQLIF-AJ22_BV13-2-CASGDEVSNERLFF-BJ1-4,18,1.0,1.3284019463916235
AV8-1-CATSASSGSWQLIF-AJ22_BV13-2-CASGDEVSNERLFF-BJ1-4,18,2.0,1.177092146020672
AV8-1-CATSASSGSWQLIF-AJ22_BV13-2-CASGDEVSNERLFF-BJ1-4,18,5.0,0.9924434715032512
AV8D-1-CALTSGGNYKPTF-AJ6_BV12-1-CASSPGTGVNSDYTF-BJ1-2,11,0.0,1.1952004477220208
AV8D-1-CALTSGGNYKPTF-AJ6_BV12-1-CASSPGTGVNSDYTF-BJ1-2,11,1.0,1.105890281445531
AV8D-1-CALTSGGNYKPTF-AJ6_BV12-1-CASSPGTGVNSDYTF-BJ1-2,11,2.0,1.0387562216922126
AV8D-1-CALTSGGNYKPTF-AJ6_BV12-1-CASSPGTGVNSDYTF-BJ1-2,11,5.0,0.9445116037719287
AV8D-2-CATDAQGGRALIF-AJ15_BV19-CASSIGTSQNTLYF-BJ2-4,6,0.0,1.0
AV8D-2-CATDAQGGRALIF-AJ15_BV19-CASSIGTSQNTLYF-BJ2-4,6,1.0,0.7808080364750826
AV8D-2-CATDAQGGRALIF-AJ15_BV19-CASSIGTSQNTLYF-BJ2-4,6,2.0,0.6645431430702459
AV8D-2-CATDAQGGRALIF-AJ15_BV19-CASSIGTSQNTLYF-BJ2-4,6,5.0,0.5378550611180252
AV8D-2-CATDGQGGRALIF-AJ15_BV1-CTCSGTGGDEQYF-BJ2-7,52,0.0,1.2493531990707112
AV8D-2-CATDGQGGRALIF-AJ15_BV1-CTCSGTGGDEQYF-BJ2-7,52,1.0,1.0854065534251314
AV8D-2-CATDGQGGRALIF-AJ15_BV1-CTCSGTGGDEQYF-BJ2-7,52,2.0,0.9813172578738215
AV8D-2-CATDGQGGRALIF-AJ15_BV1-CTCSGTGGDEQYF-BJ2-7,52,5.0,0.8547433842341801
AV8D-2-CATDNQGGRALIF-AJ15_BV13-1-CASSDLGVSYEQYF-BJ2-7,13,0.0,1.0113234557647868
AV8D-2-CATDNQGGRALIF-AJ15_BV13-1-CASSDLGVSYEQYF-BJ2-7,13,1.0,0.8250824972635453
AV8D-2-CATDNQGGRALIF-AJ15_BV13-1-CASSDLGVSYEQYF-BJ2-7,13,2.0,0.7368908992813805
AV8D-2-CATDNQGGRALIF-AJ15_BV13-1-CASSDLGVSYEQYF-BJ2-7,13,5.0,0.6517934678005382
AV8D-2-CATDNSNNRIFF-AJ31_BV5-CASSQGLGYAEQFF-BJ2-1,6,0.0,1.6102963496286644
AV8D-2-CATDNSNNRIFF-AJ31_BV5-CASSQGLGYAEQFF-BJ2-1,6,1.0,1.4283037288400815
AV8D-2-CATDNSNNRIFF-AJ31_BV5-CASSQGLGYAEQFF-BJ2-1,6,2.0,1.3111523382649415
AV8D-2-CATDNSNNRIFF-AJ31_BV5-CASSQGLGYAEQFF-BJ2-1,6,5.0,1.138349930796173
AV8D-2-CATDSQGGRALIF-AJ15_BV3-CASSLHSSYEQYF-BJ2-7,8,0.0,0.4481203125901445
AV8D-2-CATDSQGGRALIF-AJ15_BV3-CASSLHSSYEQYF-BJ2-7,8,1.0,0.31668062711815326
AV8D-2-CATDSQGGRALIF-AJ15_BV3-CASSLHSSYEQYF-BJ2-7,8,2.0,0.24958907233727434
AV8D-2-CATDSQGGRALIF-AJ15_BV3-CASSLHSSYEQYF-BJ2-7,8,5.0,0.19471170629824006
AV8D-2-CATEYQGGRALIF-AJ15_BV19-CASSIGTNERLFF-BJ1-4,40,0.0,1.1784782906101636
AV8D-2-CATEYQGGRALIF-AJ15_BV19-CASSIGTNERLFF-BJ1-4,40,1.0,1.0009389437254825
AV8D-2-CATEYQGGRALIF-AJ15_BV19-CASSIGTNERLFF-BJ1-4,40,2.0,0.9011867234655415
AV8D-2-CATEYQGGRALIF-AJ15_BV19-CASSIGTNERLFF-BJ1-4,40,5.0,0.7850833407807811
AV8N-2-CATDGANYNVLYF-AJ21_BV14-CASSRTGGVLAEQFF-BJ2-1,5,0.0,1.4983706192659347
AV8N-2-CATDGANYNVLYF-AJ21_BV14-CASSRTGGVLAEQFF-BJ2-1,5,1.0,1.3317468981717049
AV8N-2-CATDGANYNVLYF-AJ21_BV14-CASSRTGGVLAEQFF-BJ2-1,5,2.0,1.2386968976651533
AV8N-2-CATDGANYNVLYF-AJ21_BV14-CASSRTGGVLAEQFF-BJ2-1,5,5.0,1.1353182226538912
AV8N-2-CATPNYNVLYF-AJ21_BV3-CASSLLGEYEQYF-BJ2-7,7,0.0,1.3264860312660356
AV8N-2-CATPNYNVLYF-AJ21_BV3-CASSLLGEYEQYF-BJ2-7,7,1.0,1.0913388785634457
AV8N-2-CATPNYNVLYF-AJ21_BV3-CASSLLGEYEQYF-BJ2-7,7,2.0,0.9627525207346778
AV8N-2-CATPNYNVLYF-AJ21_BV3-CASSLLGEYEQYF-BJ2-7,7,5.0,0.8270798646076052
AV9-2-CVLSGDQGGRALIF-AJ15_BV3-CASSFSYEQYF-BJ2-7,8,0.0,0.8633613244510647
AV9-2-CVLSGDQGGRALIF-AJ15_BV3-CASSFSYEQYF-BJ2-7,8,1.0,0.702590059984675
AV9-2-CVLSGDQGGRALIF-AJ15_BV3-CASSFSYEQYF-BJ2-7,8,2.0,0.6247456979541991
AV9-2-CVLSGDQGGRALIF-AJ15_BV3-CASSFSYEQYF-BJ2-7,8,5.0,0.5351988157029468
AV9-2-CVLSVTGSGGKLTL-AJ44_BV14-CASSFANTGQLYF-BJ2-2,53,0.0,1.1652106290443105
AV9-2-CVLSVTGSGGKLTL-AJ44_BV14-CASSFANTGQLYF-BJ2-2,53,1.0,1.0031684496912296
AV9-2-CVLSVTGSGGKLTL-AJ44_BV14-CASSFANTGQLYF-BJ2-2,53,2.0,0.9045360954067696
AV9-2-CVLSVTGSGGKLTL-AJ44_BV14-CASSFANTGQLYF-BJ2-2,53,5.0,0.782817809085316
AV9-4-CAVSADYANKMIF-AJ47_BV13-1-CASRTGGHEQYF-BJ2-7,6,0.0,1.771559436679935
AV9-4-CAVSADYANKMIF-AJ47_BV13-1-CASRTGGHEQYF-BJ2-7,6,1.0,1.4071126954559718
AV9-4-CAVSADYANKMIF-AJ47_BV13-1-CASRTGGHEQYF-BJ2-7,6,2.0,1.2042025848326177
AV9-4-CAVSADYANKMIF-AJ47_BV13-1-CASRTGGHEQYF-BJ2-7,6,5.0,0.9654724044339833
AV9-4-CAVSALNAYKVIF-AJ30_BV1-CTCSAAGGDTQYF-BJ2-5,6,0.0,1.1949875002403854
AV9-4-CAVSALNAYKVIF-AJ30_BV1-CTCSAAGGDTQYF-BJ2-5,6,1.0,1.0332413513539056
AV9-4-CAVSALNAYKVIF-AJ30_BV1-CTCSAAGGDTQYF-BJ2-5,6,2.0,0.9408801718995287
AV9-4-CAVSALNAYKVIF-AJ30_BV1-CTCSAAGGDTQYF-BJ2-5,6,5.0,0.8324937000408091
AV9-4-CAVSASNYNVLYF-AJ21_BV29-CASSLTVSYEQYF-BJ2-7,6,0.0,1.1949875002403854
AV9-4-CAVSASNYNVLYF-AJ21_BV29-CASSLTVSYEQYF-BJ2-7,6,1.0,1.0031400758369626
AV9-4-CAVSASNYNVLYF-AJ21_BV29-CASSLTVSYEQYF-BJ2-7,6,2.0,0.8805147113314349
AV9-4-CAVSASNYNVLYF-AJ21_BV29-CASSLTVSYEQYF-BJ2-7,6,5.0,0.7413616248757321
AV9-4-CAVSGNYNVLYF-AJ21_BV13-1-CASRTGGHEQYF-BJ2-7,151,0.0,1.2925793709403084
AV9-4-CAVSGNYNVLYF-AJ21_BV13-1-CASRTGGHEQYF-BJ2-7,151,1.0,1.1017071200277633
AV9-4-CAVSGNYNVLYF-AJ21_BV13-1-CASRTGGHEQYF-BJ2-7,151,2.0,0.9894161715176429
AV9-4-CAVSGNYNVLYF-AJ21_BV13-1-CASRTGGHEQYF-BJ2-7,151,5.0,0.857557119130003
AV9-4-CAVSSVYQGGRALIF-AJ15_BV20-CGARLRGNSDYTF-BJ1-2,6,0.0,1.7603737373701787
AV9-4-CAVSSVYQGGRALIF-AJ15_BV20-CGARLRGNSDYTF-BJ1-2,6,1.0,1.5404757695457738
AV9-4-CAVSSVYQGGRALIF-AJ15_BV20-CGARLRGNSDYTF-BJ1-2,6,2.0,1.3973245823866816
AV9-4-CAVSSVYQGGRALIF-AJ15_BV20-CGARLRGNSDYTF-BJ1-2,6,5.0,1.2135917462629127
AV9D-2-CVLSAANSAGNKLTF-AJ17_BV16-CASSLGEDTQYF-BJ2-5,6,0.0,1.5283208335737186
AV9D-2-CVLSAANSAGNKLTF-AJ17_BV16-CASSLGEDTQYF-BJ2-5,6,1.0,1.323910006114333
AV9D-2-CVLSAANSAGNKLTF-AJ17_BV16-CASSLGEDTQYF-BJ2-5,6,2.0,1.2033370403307189
AV9D-2-CVLSAANSAGNKLTF-AJ17_BV16-CASSLGEDTQYF-BJ2-5,6,5.0,1.0537039524407155
AV9D-2-CVLSAVGDNSKLIW-AJ38_BV19-CASSIGRFGNTLYF-BJ1-3,5,0.0,1.8983706192659349
AV9D-2-CVLSAVGDNSKLIW-AJ38_BV19-CASSIGRFGNTLYF-BJ1-3,5,1.0,1.6946755813799723
AV9D-2-CVLSAVGDNSKLIW-AJ38_BV19-CASSIGRFGNTLYF-BJ1-3,5,2.0,1.5387322086184267
AV9D-2-CVLSAVGDNSKLIW-AJ38_BV19-CASSIGRFGNTLYF-BJ1-3,5,5.0,1.3176510695859391
AV9D-2-CVLSDNYAQGLTF-AJ26_BV1-CTCSAGLGEGAETLYF-BJ2-3,10,0.0,1.6621136113274642
AV9D-2-CVLSDNYAQGLTF-AJ26_BV1-CTCSAGLGEGAETLYF-BJ2-3,10,1.0,1.5105341424281875
AV9D-2-CVLSDNYAQGLTF-AJ26_BV1-CTCSAGLGEGAETLYF-BJ2-3,10,2.0,1.4099334623557367
AV9D-2-CVLSDNYAQGLTF-AJ26_BV1-CTCSAGLGEGAETLYF-BJ2-3,10,5.0,1.2697579585863503
AV9D-3-CALRSSSFSKLVF-AJ50_BV19-CASSSRTGGHAEQFF-BJ2-1,14,0.0,0.880137721063383
AV9D-3-CALRSSSFSKLVF-AJ50_BV19-CASSSRTGGHAEQFF-BJ2-1,14,1.0,0.653116844390522
AV9D-3-CALRSSSFSKLVF-AJ50_BV19-CASSSRTGGHAEQFF-BJ2-1,14,2.0,0.5358892733486625
AV9D-3-CALRSSSFSKLVF-AJ50_BV19-CASSSRTGGHAEQFF-BJ2-1,14,5.0,0.4393756761090484
AV9D-3-CAVSMQGGRALIF-AJ15_BV13-3-CASRDRDEQYF-BJ2-7,9,0.0,1.7213170107032971
AV9D-3-CAVSMQGGRALIF-AJ15_BV13-3-CASRDRDEQYF-BJ2-7,9,1.0,1.5354292727416836
AV9D-3-CAVSMQGGRALIF-AJ15_BV13-3-CASRDRDEQYF-BJ2-7,9,2.0,1.4201341935744305
AV9D-3-CAVSMQGGRALIF-AJ15_BV13-3-CASRDRDEQYF-BJ2-7,9,5.0,1.2652542524293406
AV9N-4-CALSIDTNAYKVIF-AJ30_BV31-CAWTDWGDQNTLYF-BJ2-4,5,0.0,1.3169925001442313
AV9N-4-CALSIDTNAYKVIF-AJ30_BV31-CAWTDWGDQNTLYF-BJ2-4,5,1.0,0.989564517299933
AV9N-4-CALSIDTNAYKVIF-AJ30_BV31-CAWTDWGDQNTLYF-BJ2-4,5,2.0,0.8106425090269598
AV9N-4-CALSIDTNAYKVIF-AJ30_BV31-CAWTDWGDQNTLYF-BJ2-4,5,5.0,0.6507667562593905
