percentile,thresh_ly49C,n_cells,pct_cells_retained,n_clonotypes_baseline_ge5,n_clonotypes_filtered_ge5,n_common_clonotypes_ge5,median_cosine_dist,median_l1_dist,mean_entropy_change,mean_coherence_change
1.0,46.0,2322,62.553879310344826,500,500,500,0.0,0.0,0.0,0.0
0.995,8.0,2315,62.36530172413793,500,498,498,0.0,0.0,-0.00042930432464602164,-0.00012691507852965564
0.99,6.0,2305,62.095905172413794,500,498,498,0.0,0.0,-0.0013385296816767586,-0.0007216522902647518
0.985,5.0,2296,61.85344827586207,500,496,496,0.0,0.0,-0.0020700609800564616,-0.0007964748263097362
0.98,4.779999999999745,2278,61.36853448275862,500,490,490,0.0,0.0,-0.0022863567959319282,-0.0008654920846989265
0.975,4.0,2278,61.36853448275862,500,490,490,0.0,0.0,-0.0022863567959319282,-0.0008654920846989265
0.97,4.0,2278,61.36853448275862,500,490,490,0.0,0.0,-0.0022863567959319282,-0.0008654920846989265
0.965,4.0,2278,61.36853448275862,500,490,490,0.0,0.0,-0.0022863567959319282,-0.0008654920846989265
0.96,3.0,2242,60.39870689655172,500,481,481,0.0,0.0,-0.004848698641765053,-0.0010609929968874152
0.955,3.0,2242,60.39870689655172,500,481,481,0.0,0.0,-0.004848698641765053,-0.0010609929968874152
0.95,3.0,2242,60.39870689655172,500,481,481,0.0,0.0,-0.004848698641765053,-0.0010609929968874152
0.945,3.0,2242,60.39870689655172,500,481,481,0.0,0.0,-0.004848698641765053,-0.0010609929968874152
0.94,3.0,2242,60.39870689655172,500,481,481,0.0,0.0,-0.004848698641765053,-0.0010609929968874152
0.935,3.0,2242,60.39870689655172,500,481,481,0.0,0.0,-0.004848698641765053,-0.0010609929968874152
0.9299999999999999,3.0,2242,60.39870689655172,500,481,481,0.0,0.0,-0.004848698641765053,-0.0010609929968874152
0.925,2.0,2159,58.16271551724138,500,461,461,0.0,0.0,-0.005407227878205662,-0.0005420017786049223
0.92,2.0,2159,58.16271551724138,500,461,461,0.0,0.0,-0.005407227878205662,-0.0005420017786049223
0.915,2.0,2159,58.16271551724138,500,461,461,0.0,0.0,-0.005407227878205662,-0.0005420017786049223
0.91,2.0,2159,58.16271551724138,500,461,461,0.0,0.0,-0.005407227878205662,-0.0005420017786049223
0.905,2.0,2159,58.16271551724138,500,461,461,0.0,0.0,-0.005407227878205662,-0.0005420017786049223
0.9,2.0,2159,58.16271551724138,500,461,461,0.0,0.0,-0.005407227878205662,-0.0005420017786049223
0.895,2.0,2159,58.16271551724138,500,461,461,0.0,0.0,-0.005407227878205662,-0.0005420017786049223
0.89,2.0,2159,58.16271551724138,500,461,461,0.0,0.0,-0.005407227878205662,-0.0005420017786049223
0.885,2.0,2159,58.16271551724138,500,461,461,0.0,0.0,-0.005407227878205662,-0.0005420017786049223
0.88,2.0,2159,58.16271551724138,500,461,461,0.0,0.0,-0.005407227878205662,-0.0005420017786049223
0.875,2.0,2159,58.16271551724138,500,461,461,0.0,0.0,-0.005407227878205662,-0.0005420017786049223
0.87,2.0,2159,58.16271551724138,500,461,461,0.0,0.0,-0.005407227878205662,-0.0005420017786049223
0.865,2.0,2159,58.16271551724138,500,461,461,0.0,0.0,-0.005407227878205662,-0.0005420017786049223
0.86,2.0,2159,58.16271551724138,500,461,461,0.0,0.0,-0.005407227878205662,-0.0005420017786049223
0.855,2.0,2159,58.16271551724138,500,461,461,0.0,0.0,-0.005407227878205662,-0.0005420017786049223
0.85,2.0,2159,58.16271551724138,500,461,461,0.0,0.0,-0.005407227878205662,-0.0005420017786049223
0.845,2.0,2159,58.16271551724138,500,461,461,0.0,0.0,-0.005407227878205662,-0.0005420017786049223
0.84,2.0,2159,58.16271551724138,500,461,461,0.0,0.0,-0.005407227878205662,-0.0005420017786049223
0.835,1.0,1951,52.55926724137931,500,420,420,0.0,0.0,-0.008132280368317299,-0.0008391044743549613
0.83,1.0,1951,52.55926724137931,500,420,420,0.0,0.0,-0.008132280368317299,-0.0008391044743549613
0.825,1.0,1951,52.55926724137931,500,420,420,0.0,0.0,-0.008132280368317299,-0.0008391044743549613
0.8200000000000001,1.0,1951,52.55926724137931,500,420,420,0.0,0.0,-0.008132280368317299,-0.0008391044743549613
0.815,1.0,1951,52.55926724137931,500,420,420,0.0,0.0,-0.008132280368317299,-0.0008391044743549613
0.81,1.0,1951,52.55926724137931,500,420,420,0.0,0.0,-0.008132280368317299,-0.0008391044743549613
0.8049999999999999,1.0,1951,52.55926724137931,500,420,420,0.0,0.0,-0.008132280368317299,-0.0008391044743549613
0.8,1.0,1951,52.55926724137931,500,420,420,0.0,0.0,-0.008132280368317299,-0.0008391044743549613
0.7949999999999999,1.0,1951,52.55926724137931,500,420,420,0.0,0.0,-0.008132280368317299,-0.0008391044743549613
0.79,1.0,1951,52.55926724137931,500,420,420,0.0,0.0,-0.008132280368317299,-0.0008391044743549613
0.785,1.0,1951,52.55926724137931,500,420,420,0.0,0.0,-0.008132280368317299,-0.0008391044743549613
0.78,1.0,1951,52.55926724137931,500,420,420,0.0,0.0,-0.008132280368317299,-0.0008391044743549613
0.775,1.0,1951,52.55926724137931,500,420,420,0.0,0.0,-0.008132280368317299,-0.0008391044743549613
0.77,1.0,1951,52.55926724137931,500,420,420,0.0,0.0,-0.008132280368317299,-0.0008391044743549613
0.765,1.0,1951,52.55926724137931,500,420,420,0.0,0.0,-0.008132280368317299,-0.0008391044743549613
0.76,1.0,1951,52.55926724137931,500,420,420,0.0,0.0,-0.008132280368317299,-0.0008391044743549613
0.755,1.0,1951,52.55926724137931,500,420,420,0.0,0.0,-0.008132280368317299,-0.0008391044743549613
0.75,1.0,1951,52.55926724137931,500,420,420,0.0,0.0,-0.008132280368317299,-0.0008391044743549613
0.745,1.0,1951,52.55926724137931,500,420,420,0.0,0.0,-0.008132280368317299,-0.0008391044743549613
0.74,1.0,1951,52.55926724137931,500,420,420,0.0,0.0,-0.008132280368317299,-0.0008391044743549613
0.735,1.0,1951,52.55926724137931,500,420,420,0.0,0.0,-0.008132280368317299,-0.0008391044743549613
0.73,1.0,1951,52.55926724137931,500,420,420,0.0,0.0,-0.008132280368317299,-0.0008391044743549613
0.725,1.0,1951,52.55926724137931,500,420,420,0.0,0.0,-0.008132280368317299,-0.0008391044743549613
0.72,1.0,1951,52.55926724137931,500,420,420,0.0,0.0,-0.008132280368317299,-0.0008391044743549613
0.715,1.0,1951,52.55926724137931,500,420,420,0.0,0.0,-0.008132280368317299,-0.0008391044743549613
0.71,1.0,1951,52.55926724137931,500,420,420,0.0,0.0,-0.008132280368317299,-0.0008391044743549613
0.7050000000000001,1.0,1951,52.55926724137931,500,420,420,0.0,0.0,-0.008132280368317299,-0.0008391044743549613
0.7,1.0,1951,52.55926724137931,500,420,420,0.0,0.0,-0.008132280368317299,-0.0008391044743549613
0.6950000000000001,1.0,1951,52.55926724137931,500,420,420,0.0,0.0,-0.008132280368317299,-0.0008391044743549613
0.69,1.0,1951,52.55926724137931,500,420,420,0.0,0.0,-0.008132280368317299,-0.0008391044743549613
0.685,1.0,1951,52.55926724137931,500,420,420,0.0,0.0,-0.008132280368317299,-0.0008391044743549613
0.6799999999999999,1.0,1951,52.55926724137931,500,420,420,0.0,0.0,-0.008132280368317299,-0.0008391044743549613
0.675,1.0,1951,52.55926724137931,500,420,420,0.0,0.0,-0.008132280368317299,-0.0008391044743549613
0.6699999999999999,1.0,1951,52.55926724137931,500,420,420,0.0,0.0,-0.008132280368317299,-0.0008391044743549613
0.665,1.0,1951,52.55926724137931,500,420,420,0.0,0.0,-0.008132280368317299,-0.0008391044743549613
0.6599999999999999,1.0,1951,52.55926724137931,500,420,420,0.0,0.0,-0.008132280368317299,-0.0008391044743549613
0.655,1.0,1951,52.55926724137931,500,420,420,0.0,0.0,-0.008132280368317299,-0.0008391044743549613
0.6499999999999999,1.0,1951,52.55926724137931,500,420,420,0.0,0.0,-0.008132280368317299,-0.0008391044743549613
0.645,1.0,1951,52.55926724137931,500,420,420,0.0,0.0,-0.008132280368317299,-0.0008391044743549613
0.64,1.0,1951,52.55926724137931,500,420,420,0.0,0.0,-0.008132280368317299,-0.0008391044743549613
0.635,1.0,1951,52.55926724137931,500,420,420,0.0,0.0,-0.008132280368317299,-0.0008391044743549613
0.63,1.0,1951,52.55926724137931,500,420,420,0.0,0.0,-0.008132280368317299,-0.0008391044743549613
0.625,0.0,1458,39.27801724137931,500,335,335,0.0003563861828289605,0.06028863252202354,-0.012189105222925444,-0.0006505660404917286
0.62,0.0,1458,39.27801724137931,500,335,335,0.0003563861828289605,0.06028863252202354,-0.012189105222925444,-0.0006505660404917286
0.615,0.0,1458,39.27801724137931,500,335,335,0.0003563861828289605,0.06028863252202354,-0.012189105222925444,-0.0006505660404917286
0.61,0.0,1458,39.27801724137931,500,335,335,0.0003563861828289605,0.06028863252202354,-0.012189105222925444,-0.0006505660404917286
0.605,0.0,1458,39.27801724137931,500,335,335,0.0003563861828289605,0.06028863252202354,-0.012189105222925444,-0.0006505660404917286
0.6,0.0,1458,39.27801724137931,500,335,335,0.0003563861828289605,0.06028863252202354,-0.012189105222925444,-0.0006505660404917286
0.595,0.0,1458,39.27801724137931,500,335,335,0.0003563861828289605,0.06028863252202354,-0.012189105222925444,-0.0006505660404917286
0.59,0.0,1458,39.27801724137931,500,335,335,0.0003563861828289605,0.06028863252202354,-0.012189105222925444,-0.0006505660404917286
0.585,0.0,1458,39.27801724137931,500,335,335,0.0003563861828289605,0.06028863252202354,-0.012189105222925444,-0.0006505660404917286
0.5800000000000001,0.0,1458,39.27801724137931,500,335,335,0.0003563861828289605,0.06028863252202354,-0.012189105222925444,-0.0006505660404917286
0.575,0.0,1458,39.27801724137931,500,335,335,0.0003563861828289605,0.06028863252202354,-0.012189105222925444,-0.0006505660404917286
0.5700000000000001,0.0,1458,39.27801724137931,500,335,335,0.0003563861828289605,0.06028863252202354,-0.012189105222925444,-0.0006505660404917286
0.565,0.0,1458,39.27801724137931,500,335,335,0.0003563861828289605,0.06028863252202354,-0.012189105222925444,-0.0006505660404917286
0.56,0.0,1458,39.27801724137931,500,335,335,0.0003563861828289605,0.06028863252202354,-0.012189105222925444,-0.0006505660404917286
0.5549999999999999,0.0,1458,39.27801724137931,500,335,335,0.0003563861828289605,0.06028863252202354,-0.012189105222925444,-0.0006505660404917286
0.55,0.0,1458,39.27801724137931,500,335,335,0.0003563861828289605,0.06028863252202354,-0.012189105222925444,-0.0006505660404917286
0.5449999999999999,0.0,1458,39.27801724137931,500,335,335,0.0003563861828289605,0.06028863252202354,-0.012189105222925444,-0.0006505660404917286
0.54,0.0,1458,39.27801724137931,500,335,335,0.0003563861828289605,0.06028863252202354,-0.012189105222925444,-0.0006505660404917286
0.5349999999999999,0.0,1458,39.27801724137931,500,335,335,0.0003563861828289605,0.06028863252202354,-0.012189105222925444,-0.0006505660404917286
0.53,0.0,1458,39.27801724137931,500,335,335,0.0003563861828289605,0.06028863252202354,-0.012189105222925444,-0.0006505660404917286
0.5249999999999999,0.0,1458,39.27801724137931,500,335,335,0.0003563861828289605,0.06028863252202354,-0.012189105222925444,-0.0006505660404917286
0.52,0.0,1458,39.27801724137931,500,335,335,0.0003563861828289605,0.06028863252202354,-0.012189105222925444,-0.0006505660404917286
0.515,0.0,1458,39.27801724137931,500,335,335,0.0003563861828289605,0.06028863252202354,-0.012189105222925444,-0.0006505660404917286
0.51,0.0,1458,39.27801724137931,500,335,335,0.0003563861828289605,0.06028863252202354,-0.012189105222925444,-0.0006505660404917286
0.505,0.0,1458,39.27801724137931,500,335,335,0.0003563861828289605,0.06028863252202354,-0.012189105222925444,-0.0006505660404917286
0.5,0.0,1458,39.27801724137931,500,335,335,0.0003563861828289605,0.06028863252202354,-0.012189105222925444,-0.0006505660404917286
0.495,0.0,1458,39.27801724137931,500,335,335,0.0003563861828289605,0.06028863252202354,-0.012189105222925444,-0.0006505660404917286
0.49,0.0,1458,39.27801724137931,500,335,335,0.0003563861828289605,0.06028863252202354,-0.012189105222925444,-0.0006505660404917286
0.485,0.0,1458,39.27801724137931,500,335,335,0.0003563861828289605,0.06028863252202354,-0.012189105222925444,-0.0006505660404917286
0.48,0.0,1458,39.27801724137931,500,335,335,0.0003563861828289605,0.06028863252202354,-0.012189105222925444,-0.0006505660404917286
0.475,0.0,1458,39.27801724137931,500,335,335,0.0003563861828289605,0.06028863252202354,-0.012189105222925444,-0.0006505660404917286
0.47,0.0,1458,39.27801724137931,500,335,335,0.0003563861828289605,0.06028863252202354,-0.012189105222925444,-0.0006505660404917286
0.46499999999999997,0.0,1458,39.27801724137931,500,335,335,0.0003563861828289605,0.06028863252202354,-0.012189105222925444,-0.0006505660404917286
0.45999999999999996,0.0,1458,39.27801724137931,500,335,335,0.0003563861828289605,0.06028863252202354,-0.012189105222925444,-0.0006505660404917286
0.45499999999999996,0.0,1458,39.27801724137931,500,335,335,0.0003563861828289605,0.06028863252202354,-0.012189105222925444,-0.0006505660404917286
0.44999999999999996,0.0,1458,39.27801724137931,500,335,335,0.0003563861828289605,0.06028863252202354,-0.012189105222925444,-0.0006505660404917286
0.44499999999999995,0.0,1458,39.27801724137931,500,335,335,0.0003563861828289605,0.06028863252202354,-0.012189105222925444,-0.0006505660404917286
0.43999999999999995,0.0,1458,39.27801724137931,500,335,335,0.0003563861828289605,0.06028863252202354,-0.012189105222925444,-0.0006505660404917286
0.43499999999999994,0.0,1458,39.27801724137931,500,335,335,0.0003563861828289605,0.06028863252202354,-0.012189105222925444,-0.0006505660404917286
0.42999999999999994,0.0,1458,39.27801724137931,500,335,335,0.0003563861828289605,0.06028863252202354,-0.012189105222925444,-0.0006505660404917286
0.42499999999999993,0.0,1458,39.27801724137931,500,335,335,0.0003563861828289605,0.06028863252202354,-0.012189105222925444,-0.0006505660404917286
0.42000000000000004,0.0,1458,39.27801724137931,500,335,335,0.0003563861828289605,0.06028863252202354,-0.012189105222925444,-0.0006505660404917286
0.41500000000000004,0.0,1458,39.27801724137931,500,335,335,0.0003563861828289605,0.06028863252202354,-0.012189105222925444,-0.0006505660404917286
0.41000000000000003,0.0,1458,39.27801724137931,500,335,335,0.0003563861828289605,0.06028863252202354,-0.012189105222925444,-0.0006505660404917286
0.405,0.0,1458,39.27801724137931,500,335,335,0.0003563861828289605,0.06028863252202354,-0.012189105222925444,-0.0006505660404917286
0.4,0.0,1458,39.27801724137931,500,335,335,0.0003563861828289605,0.06028863252202354,-0.012189105222925444,-0.0006505660404917286
0.395,0.0,1458,39.27801724137931,500,335,335,0.0003563861828289605,0.06028863252202354,-0.012189105222925444,-0.0006505660404917286
0.39,0.0,1458,39.27801724137931,500,335,335,0.0003563861828289605,0.06028863252202354,-0.012189105222925444,-0.0006505660404917286
0.385,0.0,1458,39.27801724137931,500,335,335,0.0003563861828289605,0.06028863252202354,-0.012189105222925444,-0.0006505660404917286
0.38,0.0,1458,39.27801724137931,500,335,335,0.0003563861828289605,0.06028863252202354,-0.012189105222925444,-0.0006505660404917286
0.375,0.0,1458,39.27801724137931,500,335,335,0.0003563861828289605,0.06028863252202354,-0.012189105222925444,-0.0006505660404917286
0.37,0.0,1458,39.27801724137931,500,335,335,0.0003563861828289605,0.06028863252202354,-0.012189105222925444,-0.0006505660404917286
0.365,0.0,1458,39.27801724137931,500,335,335,0.0003563861828289605,0.06028863252202354,-0.012189105222925444,-0.0006505660404917286
0.36,0.0,1458,39.27801724137931,500,335,335,0.0003563861828289605,0.06028863252202354,-0.012189105222925444,-0.0006505660404917286
0.355,0.0,1458,39.27801724137931,500,335,335,0.0003563861828289605,0.06028863252202354,-0.012189105222925444,-0.0006505660404917286
0.35,0.0,1458,39.27801724137931,500,335,335,0.0003563861828289605,0.06028863252202354,-0.012189105222925444,-0.0006505660404917286
0.345,0.0,1458,39.27801724137931,500,335,335,0.0003563861828289605,0.06028863252202354,-0.012189105222925444,-0.0006505660404917286
0.33999999999999997,0.0,1458,39.27801724137931,500,335,335,0.0003563861828289605,0.06028863252202354,-0.012189105222925444,-0.0006505660404917286
0.33499999999999996,0.0,1458,39.27801724137931,500,335,335,0.0003563861828289605,0.06028863252202354,-0.012189105222925444,-0.0006505660404917286
0.32999999999999996,0.0,1458,39.27801724137931,500,335,335,0.0003563861828289605,0.06028863252202354,-0.012189105222925444,-0.0006505660404917286
0.32499999999999996,0.0,1458,39.27801724137931,500,335,335,0.0003563861828289605,0.06028863252202354,-0.012189105222925444,-0.0006505660404917286
0.31999999999999995,0.0,1458,39.27801724137931,500,335,335,0.0003563861828289605,0.06028863252202354,-0.012189105222925444,-0.0006505660404917286
0.31499999999999995,0.0,1458,39.27801724137931,500,335,335,0.0003563861828289605,0.06028863252202354,-0.012189105222925444,-0.0006505660404917286
0.30999999999999994,0.0,1458,39.27801724137931,500,335,335,0.0003563861828289605,0.06028863252202354,-0.012189105222925444,-0.0006505660404917286
0.30499999999999994,0.0,1458,39.27801724137931,500,335,335,0.0003563861828289605,0.06028863252202354,-0.012189105222925444,-0.0006505660404917286
0.29999999999999993,0.0,1458,39.27801724137931,500,335,335,0.0003563861828289605,0.06028863252202354,-0.012189105222925444,-0.0006505660404917286
0.29500000000000004,0.0,1458,39.27801724137931,500,335,335,0.0003563861828289605,0.06028863252202354,-0.012189105222925444,-0.0006505660404917286
0.29000000000000004,0.0,1458,39.27801724137931,500,335,335,0.0003563861828289605,0.06028863252202354,-0.012189105222925444,-0.0006505660404917286
0.28500000000000003,0.0,1458,39.27801724137931,500,335,335,0.0003563861828289605,0.06028863252202354,-0.012189105222925444,-0.0006505660404917286
0.28,0.0,1458,39.27801724137931,500,335,335,0.0003563861828289605,0.06028863252202354,-0.012189105222925444,-0.0006505660404917286
0.275,0.0,1458,39.27801724137931,500,335,335,0.0003563861828289605,0.06028863252202354,-0.012189105222925444,-0.0006505660404917286
0.27,0.0,1458,39.27801724137931,500,335,335,0.0003563861828289605,0.06028863252202354,-0.012189105222925444,-0.0006505660404917286
0.265,0.0,1458,39.27801724137931,500,335,335,0.0003563861828289605,0.06028863252202354,-0.012189105222925444,-0.0006505660404917286
0.26,0.0,1458,39.27801724137931,500,335,335,0.0003563861828289605,0.06028863252202354,-0.012189105222925444,-0.0006505660404917286
0.255,0.0,1458,39.27801724137931,500,335,335,0.0003563861828289605,0.06028863252202354,-0.012189105222925444,-0.0006505660404917286
0.25,0.0,1458,39.27801724137931,500,335,335,0.0003563861828289605,0.06028863252202354,-0.012189105222925444,-0.0006505660404917286
0.245,0.0,1458,39.27801724137931,500,335,335,0.0003563861828289605,0.06028863252202354,-0.012189105222925444,-0.0006505660404917286
0.24,0.0,1458,39.27801724137931,500,335,335,0.0003563861828289605,0.06028863252202354,-0.012189105222925444,-0.0006505660404917286
0.235,0.0,1458,39.27801724137931,500,335,335,0.0003563861828289605,0.06028863252202354,-0.012189105222925444,-0.0006505660404917286
0.22999999999999998,0.0,1458,39.27801724137931,500,335,335,0.0003563861828289605,0.06028863252202354,-0.012189105222925444,-0.0006505660404917286
0.22499999999999998,0.0,1458,39.27801724137931,500,335,335,0.0003563861828289605,0.06028863252202354,-0.012189105222925444,-0.0006505660404917286
0.21999999999999997,0.0,1458,39.27801724137931,500,335,335,0.0003563861828289605,0.06028863252202354,-0.012189105222925444,-0.0006505660404917286
0.21499999999999997,0.0,1458,39.27801724137931,500,335,335,0.0003563861828289605,0.06028863252202354,-0.012189105222925444,-0.0006505660404917286
0.20999999999999996,0.0,1458,39.27801724137931,500,335,335,0.0003563861828289605,0.06028863252202354,-0.012189105222925444,-0.0006505660404917286
0.20499999999999996,0.0,1458,39.27801724137931,500,335,335,0.0003563861828289605,0.06028863252202354,-0.012189105222925444,-0.0006505660404917286
0.19999999999999996,0.0,1458,39.27801724137931,500,335,335,0.0003563861828289605,0.06028863252202354,-0.012189105222925444,-0.0006505660404917286
0.19499999999999995,0.0,1458,39.27801724137931,500,335,335,0.0003563861828289605,0.06028863252202354,-0.012189105222925444,-0.0006505660404917286
0.18999999999999995,0.0,1458,39.27801724137931,500,335,335,0.0003563861828289605,0.06028863252202354,-0.012189105222925444,-0.0006505660404917286
0.18499999999999994,0.0,1458,39.27801724137931,500,335,335,0.0003563861828289605,0.06028863252202354,-0.012189105222925444,-0.0006505660404917286
0.17999999999999994,0.0,1458,39.27801724137931,500,335,335,0.0003563861828289605,0.06028863252202354,-0.012189105222925444,-0.0006505660404917286
0.17499999999999993,0.0,1458,39.27801724137931,500,335,335,0.0003563861828289605,0.06028863252202354,-0.012189105222925444,-0.0006505660404917286
0.16999999999999993,0.0,1458,39.27801724137931,500,335,335,0.0003563861828289605,0.06028863252202354,-0.012189105222925444,-0.0006505660404917286
0.16500000000000004,0.0,1458,39.27801724137931,500,335,335,0.0003563861828289605,0.06028863252202354,-0.012189105222925444,-0.0006505660404917286
0.16000000000000003,0.0,1458,39.27801724137931,500,335,335,0.0003563861828289605,0.06028863252202354,-0.012189105222925444,-0.0006505660404917286
0.15500000000000003,0.0,1458,39.27801724137931,500,335,335,0.0003563861828289605,0.06028863252202354,-0.012189105222925444,-0.0006505660404917286
0.15000000000000002,0.0,1458,39.27801724137931,500,335,335,0.0003563861828289605,0.06028863252202354,-0.012189105222925444,-0.0006505660404917286
0.14500000000000002,0.0,1458,39.27801724137931,500,335,335,0.0003563861828289605,0.06028863252202354,-0.012189105222925444,-0.0006505660404917286
0.14,0.0,1458,39.27801724137931,500,335,335,0.0003563861828289605,0.06028863252202354,-0.012189105222925444,-0.0006505660404917286
0.135,0.0,1458,39.27801724137931,500,335,335,0.0003563861828289605,0.06028863252202354,-0.012189105222925444,-0.0006505660404917286
0.13,0.0,1458,39.27801724137931,500,335,335,0.0003563861828289605,0.06028863252202354,-0.012189105222925444,-0.0006505660404917286
0.125,0.0,1458,39.27801724137931,500,335,335,0.0003563861828289605,0.06028863252202354,-0.012189105222925444,-0.0006505660404917286
0.12,0.0,1458,39.27801724137931,500,335,335,0.0003563861828289605,0.06028863252202354,-0.012189105222925444,-0.0006505660404917286
0.11499999999999999,0.0,1458,39.27801724137931,500,335,335,0.0003563861828289605,0.06028863252202354,-0.012189105222925444,-0.0006505660404917286
0.10999999999999999,0.0,1458,39.27801724137931,500,335,335,0.0003563861828289605,0.06028863252202354,-0.012189105222925444,-0.0006505660404917286
0.10499999999999998,0.0,1458,39.27801724137931,500,335,335,0.0003563861828289605,0.06028863252202354,-0.012189105222925444,-0.0006505660404917286
0.09999999999999998,0.0,1458,39.27801724137931,500,335,335,0.0003563861828289605,0.06028863252202354,-0.012189105222925444,-0.0006505660404917286
0.09499999999999997,0.0,1458,39.27801724137931,500,335,335,0.0003563861828289605,0.06028863252202354,-0.012189105222925444,-0.0006505660404917286
0.08999999999999997,0.0,1458,39.27801724137931,500,335,335,0.0003563861828289605,0.06028863252202354,-0.012189105222925444,-0.0006505660404917286
0.08499999999999996,0.0,1458,39.27801724137931,500,335,335,0.0003563861828289605,0.06028863252202354,-0.012189105222925444,-0.0006505660404917286
0.07999999999999996,0.0,1458,39.27801724137931,500,335,335,0.0003563861828289605,0.06028863252202354,-0.012189105222925444,-0.0006505660404917286
0.07499999999999996,0.0,1458,39.27801724137931,500,335,335,0.0003563861828289605,0.06028863252202354,-0.012189105222925444,-0.0006505660404917286
0.06999999999999995,0.0,1458,39.27801724137931,500,335,335,0.0003563861828289605,0.06028863252202354,-0.012189105222925444,-0.0006505660404917286
0.06499999999999995,0.0,1458,39.27801724137931,500,335,335,0.0003563861828289605,0.06028863252202354,-0.012189105222925444,-0.0006505660404917286
0.05999999999999994,0.0,1458,39.27801724137931,500,335,335,0.0003563861828289605,0.06028863252202354,-0.012189105222925444,-0.0006505660404917286
0.05499999999999994,0.0,1458,39.27801724137931,500,335,335,0.0003563861828289605,0.06028863252202354,-0.012189105222925444,-0.0006505660404917286
0.04999999999999993,0.0,1458,39.27801724137931,500,335,335,0.0003563861828289605,0.06028863252202354,-0.012189105222925444,-0.0006505660404917286
0.04499999999999993,0.0,1458,39.27801724137931,500,335,335,0.0003563861828289605,0.06028863252202354,-0.012189105222925444,-0.0006505660404917286
0.040000000000000036,0.0,1458,39.27801724137931,500,335,335,0.0003563861828289605,0.06028863252202354,-0.012189105222925444,-0.0006505660404917286
0.03500000000000003,0.0,1458,39.27801724137931,500,335,335,0.0003563861828289605,0.06028863252202354,-0.012189105222925444,-0.0006505660404917286
0.030000000000000027,0.0,1458,39.27801724137931,500,335,335,0.0003563861828289605,0.06028863252202354,-0.012189105222925444,-0.0006505660404917286
0.025000000000000022,0.0,1458,39.27801724137931,500,335,335,0.0003563861828289605,0.06028863252202354,-0.012189105222925444,-0.0006505660404917286
0.020000000000000018,0.0,1458,39.27801724137931,500,335,335,0.0003563861828289605,0.06028863252202354,-0.012189105222925444,-0.0006505660404917286
0.015000000000000013,0.0,1458,39.27801724137931,500,335,335,0.0003563861828289605,0.06028863252202354,-0.012189105222925444,-0.0006505660404917286
0.010000000000000009,0.0,1458,39.27801724137931,500,335,335,0.0003563861828289605,0.06028863252202354,-0.012189105222925444,-0.0006505660404917286
0.0050000000000000044,0.0,1458,39.27801724137931,500,335,335,0.0003563861828289605,0.06028863252202354,-0.012189105222925444,-0.0006505660404917286
0.0,0.0,1458,39.27801724137931,500,335,335,0.0003563861828289605,0.06028863252202354,-0.012189105222925444,-0.0006505660404917286
