percentile,thresh_tcrbeta,n_cells,pct_cells_retained,n_clonotypes_baseline_ge5,n_clonotypes_filtered_retained,n_common_clonotypes_retained,median_cosine_dist,median_l1_dist,mean_entropy_change,mean_coherence_change
1.0,0.0,2456,100.0,139,139,139,0.0,0.0,0.0,0.0
0.995,0.0,2456,100.0,139,139,139,0.0,0.0,0.0,0.0
0.99,0.0,2456,100.0,139,139,139,0.0,0.0,0.0,0.0
0.985,1.0,2415,98.33061889250814,139,139,139,0.0,0.0,0.00679626343918924,0.0013188155365786297
0.98,1.0,2415,98.33061889250814,139,139,139,0.0,0.0,0.00679626343918924,0.0013188155365786297
0.975,1.0,2415,98.33061889250814,139,139,139,0.0,0.0,0.00679626343918924,0.0013188155365786297
0.97,1.0,2415,98.33061889250814,139,139,139,0.0,0.0,0.00679626343918924,0.0013188155365786297
0.965,2.0,2355,95.88762214983713,139,136,136,0.0,0.0,0.016116812875794945,0.0030111665032049807
0.96,2.0,2355,95.88762214983713,139,136,136,0.0,0.0,0.016116812875794945,0.0030111665032049807
0.955,2.0,2355,95.88762214983713,139,136,136,0.0,0.0,0.016116812875794945,0.0030111665032049807
0.95,2.0,2355,95.88762214983713,139,136,136,0.0,0.0,0.016116812875794945,0.0030111665032049807
0.945,2.0,2355,95.88762214983713,139,136,136,0.0,0.0,0.016116812875794945,0.0030111665032049807
0.94,2.0,2355,95.88762214983713,139,136,136,0.0,0.0,0.016116812875794945,0.0030111665032049807
0.935,3.0,2260,92.01954397394137,139,129,129,0.0,0.0,0.02694417222618323,0.008335336648822946
0.9299999999999999,3.0,2260,92.01954397394137,139,129,129,0.0,0.0,0.02694417222618323,0.008335336648822946
0.925,3.0,2260,92.01954397394137,139,129,129,0.0,0.0,0.02694417222618323,0.008335336648822946
0.92,3.0,2260,92.01954397394137,139,129,129,0.0,0.0,0.02694417222618323,0.008335336648822946
0.915,3.0,2260,92.01954397394137,139,129,129,0.0,0.0,0.02694417222618323,0.008335336648822946
0.91,3.0,2260,92.01954397394137,139,129,129,0.0,0.0,0.02694417222618323,0.008335336648822946
0.905,3.0,2260,92.01954397394137,139,129,129,0.0,0.0,0.02694417222618323,0.008335336648822946
0.9,4.0,2148,87.45928338762215,139,129,129,0.0007237513949778229,0.0437112015065902,0.044814145713694076,0.010904883190775046
0.895,4.0,2148,87.45928338762215,139,129,129,0.0007237513949778229,0.0437112015065902,0.044814145713694076,0.010904883190775046
0.89,4.0,2148,87.45928338762215,139,129,129,0.0007237513949778229,0.0437112015065902,0.044814145713694076,0.010904883190775046
0.885,4.0,2148,87.45928338762215,139,129,129,0.0007237513949778229,0.0437112015065902,0.044814145713694076,0.010904883190775046
0.88,4.0,2148,87.45928338762215,139,129,129,0.0007237513949778229,0.0437112015065902,0.044814145713694076,0.010904883190775046
0.875,4.0,2148,87.45928338762215,139,129,129,0.0007237513949778229,0.0437112015065902,0.044814145713694076,0.010904883190775046
0.87,4.0,2148,87.45928338762215,139,129,129,0.0007237513949778229,0.0437112015065902,0.044814145713694076,0.010904883190775046
0.865,5.0,2040,83.06188925081433,139,129,129,0.003590597263997908,0.10424373374216636,0.061327936996894115,0.012624389828667879
0.86,5.0,2040,83.06188925081433,139,129,129,0.003590597263997908,0.10424373374216636,0.061327936996894115,0.012624389828667879
0.855,5.0,2040,83.06188925081433,139,129,129,0.003590597263997908,0.10424373374216636,0.061327936996894115,0.012624389828667879
0.85,5.0,2040,83.06188925081433,139,129,129,0.003590597263997908,0.10424373374216636,0.061327936996894115,0.012624389828667879
0.845,5.0,2040,83.06188925081433,139,129,129,0.003590597263997908,0.10424373374216636,0.061327936996894115,0.012624389828667879
0.84,5.0,2040,83.06188925081433,139,129,129,0.003590597263997908,0.10424373374216636,0.061327936996894115,0.012624389828667879
0.835,5.0,2040,83.06188925081433,139,129,129,0.003590597263997908,0.10424373374216636,0.061327936996894115,0.012624389828667879
0.83,5.0,2040,83.06188925081433,139,129,129,0.003590597263997908,0.10424373374216636,0.061327936996894115,0.012624389828667879
0.825,6.0,1912,77.85016286644951,139,123,123,0.009783754163638192,0.14756083867672817,0.08858160705943341,0.01453648419387872
0.8200000000000001,6.0,1912,77.85016286644951,139,123,123,0.009783754163638192,0.14756083867672817,0.08858160705943341,0.01453648419387872
0.815,6.0,1912,77.85016286644951,139,123,123,0.009783754163638192,0.14756083867672817,0.08858160705943341,0.01453648419387872
0.81,6.0,1912,77.85016286644951,139,123,123,0.009783754163638192,0.14756083867672817,0.08858160705943341,0.01453648419387872
0.8049999999999999,6.0,1912,77.85016286644951,139,123,123,0.009783754163638192,0.14756083867672817,0.08858160705943341,0.01453648419387872
0.8,6.0,1912,77.85016286644951,139,123,123,0.009783754163638192,0.14756083867672817,0.08858160705943341,0.01453648419387872
0.7949999999999999,6.0,1912,77.85016286644951,139,123,123,0.009783754163638192,0.14756083867672817,0.08858160705943341,0.01453648419387872
0.79,7.0,1801,73.33061889250814,139,117,117,0.01274428723197052,0.17670442662661776,0.10314466873870125,0.014918983517560134
0.785,7.0,1801,73.33061889250814,139,117,117,0.01274428723197052,0.17670442662661776,0.10314466873870125,0.014918983517560134
0.78,7.0,1801,73.33061889250814,139,117,117,0.01274428723197052,0.17670442662661776,0.10314466873870125,0.014918983517560134
0.775,7.0,1801,73.33061889250814,139,117,117,0.01274428723197052,0.17670442662661776,0.10314466873870125,0.014918983517560134
0.77,7.0,1801,73.33061889250814,139,117,117,0.01274428723197052,0.17670442662661776,0.10314466873870125,0.014918983517560134
0.765,7.0,1801,73.33061889250814,139,117,117,0.01274428723197052,0.17670442662661776,0.10314466873870125,0.014918983517560134
0.76,7.0,1801,73.33061889250814,139,117,117,0.01274428723197052,0.17670442662661776,0.10314466873870125,0.014918983517560134
0.755,7.0,1801,73.33061889250814,139,117,117,0.01274428723197052,0.17670442662661776,0.10314466873870125,0.014918983517560134
0.75,8.0,1701,69.25895765472313,139,110,110,0.014346051442938101,0.18336452514619778,0.11408586569774552,0.019781618983624606
0.745,8.0,1701,69.25895765472313,139,110,110,0.014346051442938101,0.18336452514619778,0.11408586569774552,0.019781618983624606
0.74,8.0,1701,69.25895765472313,139,110,110,0.014346051442938101,0.18336452514619778,0.11408586569774552,0.019781618983624606
0.735,8.0,1701,69.25895765472313,139,110,110,0.014346051442938101,0.18336452514619778,0.11408586569774552,0.019781618983624606
0.73,8.0,1701,69.25895765472313,139,110,110,0.014346051442938101,0.18336452514619778,0.11408586569774552,0.019781618983624606
0.725,8.0,1701,69.25895765472313,139,110,110,0.014346051442938101,0.18336452514619778,0.11408586569774552,0.019781618983624606
0.72,8.0,1701,69.25895765472313,139,110,110,0.014346051442938101,0.18336452514619778,0.11408586569774552,0.019781618983624606
0.715,8.0,1701,69.25895765472313,139,110,110,0.014346051442938101,0.18336452514619778,0.11408586569774552,0.019781618983624606
0.71,9.0,1590,64.73941368078177,139,105,105,0.01973447989332655,0.21541964820711954,0.12265128490898068,0.02385469378932247
0.7050000000000001,9.0,1590,64.73941368078177,139,105,105,0.01973447989332655,0.21541964820711954,0.12265128490898068,0.02385469378932247
0.7,9.0,1590,64.73941368078177,139,105,105,0.01973447989332655,0.21541964820711954,0.12265128490898068,0.02385469378932247
0.6950000000000001,9.0,1590,64.73941368078177,139,105,105,0.01973447989332655,0.21541964820711954,0.12265128490898068,0.02385469378932247
0.69,9.0,1590,64.73941368078177,139,105,105,0.01973447989332655,0.21541964820711954,0.12265128490898068,0.02385469378932247
0.685,9.0,1590,64.73941368078177,139,105,105,0.01973447989332655,0.21541964820711954,0.12265128490898068,0.02385469378932247
0.6799999999999999,9.0,1590,64.73941368078177,139,105,105,0.01973447989332655,0.21541964820711954,0.12265128490898068,0.02385469378932247
0.675,10.0,1479,60.21986970684039,139,103,103,0.026190425557631958,0.23562056867178777,0.14877309794965743,0.031957685160702715
0.6699999999999999,10.0,1479,60.21986970684039,139,103,103,0.026190425557631958,0.23562056867178777,0.14877309794965743,0.031957685160702715
0.665,10.0,1479,60.21986970684039,139,103,103,0.026190425557631958,0.23562056867178777,0.14877309794965743,0.031957685160702715
0.6599999999999999,10.0,1479,60.21986970684039,139,103,103,0.026190425557631958,0.23562056867178777,0.14877309794965743,0.031957685160702715
0.655,10.0,1479,60.21986970684039,139,103,103,0.026190425557631958,0.23562056867178777,0.14877309794965743,0.031957685160702715
0.6499999999999999,10.0,1479,60.21986970684039,139,103,103,0.026190425557631958,0.23562056867178777,0.14877309794965743,0.031957685160702715
0.645,10.0,1479,60.21986970684039,139,103,103,0.026190425557631958,0.23562056867178777,0.14877309794965743,0.031957685160702715
0.64,11.0,1394,56.758957654723126,139,98,98,0.027227112263902842,0.23359346968036176,0.1653751330891512,0.029803369631691827
0.635,11.0,1394,56.758957654723126,139,98,98,0.027227112263902842,0.23359346968036176,0.1653751330891512,0.029803369631691827
0.63,11.0,1394,56.758957654723126,139,98,98,0.027227112263902842,0.23359346968036176,0.1653751330891512,0.029803369631691827
0.625,11.0,1394,56.758957654723126,139,98,98,0.027227112263902842,0.23359346968036176,0.1653751330891512,0.029803369631691827
0.62,11.0,1394,56.758957654723126,139,98,98,0.027227112263902842,0.23359346968036176,0.1653751330891512,0.029803369631691827
0.615,11.0,1394,56.758957654723126,139,98,98,0.027227112263902842,0.23359346968036176,0.1653751330891512,0.029803369631691827
0.61,11.0,1394,56.758957654723126,139,98,98,0.027227112263902842,0.23359346968036176,0.1653751330891512,0.029803369631691827
0.605,12.0,1297,52.80944625407166,139,95,95,0.03516159702851107,0.2582284382284383,0.18438604513218368,0.0332701232782158
0.6,12.0,1297,52.80944625407166,139,95,95,0.03516159702851107,0.2582284382284383,0.18438604513218368,0.0332701232782158
0.595,12.0,1297,52.80944625407166,139,95,95,0.03516159702851107,0.2582284382284383,0.18438604513218368,0.0332701232782158
0.59,12.0,1297,52.80944625407166,139,95,95,0.03516159702851107,0.2582284382284383,0.18438604513218368,0.0332701232782158
0.585,12.0,1297,52.80944625407166,139,95,95,0.03516159702851107,0.2582284382284383,0.18438604513218368,0.0332701232782158
0.5800000000000001,13.0,1229,50.04071661237785,139,92,92,0.03564856824795465,0.24336922583660506,0.19417934727539607,0.03219366054458954
0.575,13.0,1229,50.04071661237785,139,92,92,0.03564856824795465,0.24336922583660506,0.19417934727539607,0.03219366054458954
0.5700000000000001,13.0,1229,50.04071661237785,139,92,92,0.03564856824795465,0.24336922583660506,0.19417934727539607,0.03219366054458954
0.565,13.0,1229,50.04071661237785,139,92,92,0.03564856824795465,0.24336922583660506,0.19417934727539607,0.03219366054458954
0.56,13.0,1229,50.04071661237785,139,92,92,0.03564856824795465,0.24336922583660506,0.19417934727539607,0.03219366054458954
0.5549999999999999,14.0,1147,46.70195439739414,139,85,85,0.0354955529391503,0.25858294930875586,0.21055470105886268,0.042247080833346266
0.55,14.0,1147,46.70195439739414,139,85,85,0.0354955529391503,0.25858294930875586,0.21055470105886268,0.042247080833346266
0.5449999999999999,14.0,1147,46.70195439739414,139,85,85,0.0354955529391503,0.25858294930875586,0.21055470105886268,0.042247080833346266
0.54,14.0,1147,46.70195439739414,139,85,85,0.0354955529391503,0.25858294930875586,0.21055470105886268,0.042247080833346266
0.5349999999999999,14.0,1147,46.70195439739414,139,85,85,0.0354955529391503,0.25858294930875586,0.21055470105886268,0.042247080833346266
0.53,15.0,1087,44.258957654723126,139,84,84,0.03720506845185101,0.27791832722521503,0.22078286615640824,0.046742875477410205
0.5249999999999999,15.0,1087,44.258957654723126,139,84,84,0.03720506845185101,0.27791832722521503,0.22078286615640824,0.046742875477410205
0.52,15.0,1087,44.258957654723126,139,84,84,0.03720506845185101,0.27791832722521503,0.22078286615640824,0.046742875477410205
0.515,15.0,1087,44.258957654723126,139,84,84,0.03720506845185101,0.27791832722521503,0.22078286615640824,0.046742875477410205
0.51,15.0,1087,44.258957654723126,139,84,84,0.03720506845185101,0.27791832722521503,0.22078286615640824,0.046742875477410205
0.505,16.0,1029,41.89739413680782,139,79,79,0.03770639050703395,0.278322662631941,0.23549160047128315,0.04627326024163112
0.5,16.0,1029,41.89739413680782,139,79,79,0.03770639050703395,0.278322662631941,0.23549160047128315,0.04627326024163112
0.495,16.0,1029,41.89739413680782,139,79,79,0.03770639050703395,0.278322662631941,0.23549160047128315,0.04627326024163112
0.49,16.0,1029,41.89739413680782,139,79,79,0.03770639050703395,0.278322662631941,0.23549160047128315,0.04627326024163112
0.485,16.0,1029,41.89739413680782,139,79,79,0.03770639050703395,0.278322662631941,0.23549160047128315,0.04627326024163112
0.48,17.0,960,39.08794788273616,139,76,76,0.04279076475508248,0.30167868675651194,0.2494039245898258,0.04486301672698167
0.475,17.0,960,39.08794788273616,139,76,76,0.04279076475508248,0.30167868675651194,0.2494039245898258,0.04486301672698167
0.47,17.0,960,39.08794788273616,139,76,76,0.04279076475508248,0.30167868675651194,0.2494039245898258,0.04486301672698167
0.46499999999999997,17.0,960,39.08794788273616,139,76,76,0.04279076475508248,0.30167868675651194,0.2494039245898258,0.04486301672698167
0.45999999999999996,18.0,908,36.97068403908795,139,72,72,0.042931574304129194,0.28951887716593605,0.26608029372646286,0.04876993296824675
0.45499999999999996,18.0,908,36.97068403908795,139,72,72,0.042931574304129194,0.28951887716593605,0.26608029372646286,0.04876993296824675
0.44999999999999996,18.0,908,36.97068403908795,139,72,72,0.042931574304129194,0.28951887716593605,0.26608029372646286,0.04876993296824675
0.44499999999999995,18.0,908,36.97068403908795,139,72,72,0.042931574304129194,0.28951887716593605,0.26608029372646286,0.04876993296824675
0.43999999999999995,19.0,853,34.73127035830619,139,67,67,0.04262635575163354,0.2951815456207596,0.2659897896783514,0.046832364879528354
0.43499999999999994,19.0,853,34.73127035830619,139,67,67,0.04262635575163354,0.2951815456207596,0.2659897896783514,0.046832364879528354
0.42999999999999994,19.0,853,34.73127035830619,139,67,67,0.04262635575163354,0.2951815456207596,0.2659897896783514,0.046832364879528354
0.42499999999999993,19.0,853,34.73127035830619,139,67,67,0.04262635575163354,0.2951815456207596,0.2659897896783514,0.046832364879528354
0.42000000000000004,20.0,803,32.69543973941368,139,63,63,0.051345057241450776,0.3272482619421395,0.287017562946924,0.049614082600071184
0.41500000000000004,20.0,803,32.69543973941368,139,63,63,0.051345057241450776,0.3272482619421395,0.287017562946924,0.049614082600071184
0.41000000000000003,20.0,803,32.69543973941368,139,63,63,0.051345057241450776,0.3272482619421395,0.287017562946924,0.049614082600071184
0.405,21.0,768,31.270358306188925,139,59,59,0.05264265288473502,0.3479324765704912,0.3213200186196478,0.053076515291118266
0.4,21.0,768,31.270358306188925,139,59,59,0.05264265288473502,0.3479324765704912,0.3213200186196478,0.053076515291118266
0.395,21.0,768,31.270358306188925,139,59,59,0.05264265288473502,0.3479324765704912,0.3213200186196478,0.053076515291118266
0.39,22.0,729,29.68241042345277,139,56,56,0.061144225357572135,0.35213354246052553,0.32767783595144145,0.05866615462045938
0.385,22.0,729,29.68241042345277,139,56,56,0.061144225357572135,0.35213354246052553,0.32767783595144145,0.05866615462045938
0.38,22.0,729,29.68241042345277,139,56,56,0.061144225357572135,0.35213354246052553,0.32767783595144145,0.05866615462045938
0.375,22.0,729,29.68241042345277,139,56,56,0.061144225357572135,0.35213354246052553,0.32767783595144145,0.05866615462045938
0.37,23.0,695,28.298045602605864,139,54,54,0.05409930103632593,0.3458036268378689,0.33393292477109426,0.06326555869699396
0.365,23.0,695,28.298045602605864,139,54,54,0.05409930103632593,0.3458036268378689,0.33393292477109426,0.06326555869699396
0.36,24.0,659,26.832247557003257,139,51,51,0.06647495900419043,0.37607482432491796,0.3569294991838047,0.07670265070715342
0.355,24.0,659,26.832247557003257,139,51,51,0.06647495900419043,0.37607482432491796,0.3569294991838047,0.07670265070715342
0.35,24.0,659,26.832247557003257,139,51,51,0.06647495900419043,0.37607482432491796,0.3569294991838047,0.07670265070715342
0.345,25.0,630,25.651465798045603,139,49,49,0.06647495900419043,0.39754735886449444,0.3528598956798058,0.07597784363948915
0.33999999999999997,25.0,630,25.651465798045603,139,49,49,0.06647495900419043,0.39754735886449444,0.3528598956798058,0.07597784363948915
0.33499999999999996,26.0,599,24.389250814332247,139,46,46,0.06707779441169998,0.37816207088157094,0.36962421738812706,0.0666680189415811
0.32999999999999996,26.0,599,24.389250814332247,139,46,46,0.06707779441169998,0.37816207088157094,0.36962421738812706,0.0666680189415811
0.32499999999999996,26.0,599,24.389250814332247,139,46,46,0.06707779441169998,0.37816207088157094,0.36962421738812706,0.0666680189415811
0.31999999999999995,27.0,572,23.289902280130292,139,43,43,0.06768062981920953,0.39754735886449444,0.39252033180891877,0.0757749800872792
0.31499999999999995,28.0,549,22.35342019543974,139,39,39,0.07662202849977218,0.4171899597478545,0.40399201579922994,0.08134012589526894
0.30999999999999994,28.0,549,22.35342019543974,139,39,39,0.07662202849977218,0.4171899597478545,0.40399201579922994,0.08134012589526894
0.30499999999999994,28.0,549,22.35342019543974,139,39,39,0.07662202849977218,0.4171899597478545,0.40399201579922994,0.08134012589526894
0.29999999999999993,29.0,527,21.457654723127035,139,37,37,0.07490609851665186,0.4183024296675191,0.4225214490278868,0.08284824925355429
0.29500000000000004,29.0,527,21.457654723127035,139,37,37,0.07490609851665186,0.4183024296675191,0.4225214490278868,0.08284824925355429
0.29000000000000004,30.0,503,20.480456026058633,139,36,36,0.08486347810338452,0.41510843058367486,0.4301058733119936,0.0886807109392373
0.28500000000000003,30.0,503,20.480456026058633,139,36,36,0.08486347810338452,0.41510843058367486,0.4301058733119936,0.0886807109392373
0.28,31.0,484,19.706840390879478,139,33,33,0.08285120225232212,0.41191443149983054,0.43987882649791316,0.09789454938189456
0.275,32.0,463,18.851791530944624,139,29,29,0.06772479323028657,0.3896692235396183,0.40758493541919816,0.09483627226503898
0.27,32.0,463,18.851791530944624,139,29,29,0.06772479323028657,0.3896692235396183,0.40758493541919816,0.09483627226503898
0.265,33.0,441,17.95602605863192,139,29,29,0.06278080254373852,0.39281467141836335,0.4099369407782646,0.09131548069808758
0.26,33.0,441,17.95602605863192,139,29,29,0.06278080254373852,0.39281467141836335,0.4099369407782646,0.09131548069808758
0.255,34.0,422,17.18241042345277,139,24,24,0.06274340066960044,0.3994149214111642,0.41992150050876925,0.0937669913412744
0.25,34.0,422,17.18241042345277,139,24,24,0.06274340066960044,0.3994149214111642,0.41992150050876925,0.0937669913412744
0.245,35.0,403,16.408794788273617,139,23,23,0.06475476548356551,0.4101887579159882,0.40102417821126163,0.0965163920152092
0.24,35.0,403,16.408794788273617,139,23,23,0.06475476548356551,0.4101887579159882,0.40102417821126163,0.0965163920152092
0.235,36.0,389,15.838762214983714,139,22,22,0.06867353184455921,0.41108404513961094,0.3985284341401019,0.10618606767800966
0.22999999999999998,37.0,372,15.146579804560261,139,20,20,0.06252544134366944,0.41108404513961094,0.4078259977904389,0.10383694721621131
0.22499999999999998,38.0,363,14.780130293159608,139,20,20,0.06252544134366944,0.41108404513961094,0.41487025065665756,0.10889028922486813
0.21999999999999997,38.460000000000036,353,14.372964169381108,139,20,20,0.06252544134366944,0.41108404513961094,0.41444431361791745,0.10762020271615166
0.21499999999999997,39.0,353,14.372964169381108,139,20,20,0.06252544134366944,0.41108404513961094,0.41444431361791745,0.10762020271615166
0.20999999999999996,41.0,333,13.558631921824103,139,17,17,0.048601883314383865,0.3898742325212913,0.43316582545773746,0.10291375964137559
0.20499999999999996,42.0,327,13.314332247557003,139,17,17,0.052458584481785975,0.41197933236323364,0.43447899270183293,0.10130270723137232
0.19999999999999996,43.0,316,12.866449511400651,139,15,15,0.07519876091509003,0.43053143479614064,0.4223483299197081,0.09949381816294962
0.19499999999999995,44.0,308,12.54071661237785,139,14,14,0.08389757789123475,0.4643540758072957,0.39318311239032167,0.09355850495284178
0.18999999999999995,45.0,295,12.011400651465799,139,14,14,0.08107306113492085,0.4575851898375588,0.39779176345150297,0.09353899495184019
0.18499999999999994,46.0,287,11.685667752442997,139,13,13,0.07519876091509003,0.45256088974742315,0.4175597955473545,0.1108763017562189
0.17999999999999994,48.0,279,11.359934853420196,139,13,13,0.07519876091509003,0.4438636589631745,0.43539250416269665,0.11278991676264642
0.17499999999999993,49.0,270,10.993485342019545,139,12,12,0.07981500447726364,0.45323657444543447,0.41447745234295247,0.10510064772803591
0.16999999999999993,51.0,259,10.545602605863191,139,11,11,0.08443124803943725,0.46260948992769446,0.4213404677787732,0.11187896330901008
0.16500000000000004,53.0,247,10.05700325732899,139,10,10,0.0965431666208687,0.4838766695670219,0.44311995154901035,0.11106789353874744
0.16000000000000003,54.0,239,9.731270358306189,139,10,10,0.0919269230586951,0.4838766695670219,0.41815012423237263,0.09846415599297031
0.15500000000000003,56.0,231,9.405537459283387,139,9,9,0.10865508520230016,0.5051438492063494,0.40878968668471044,0.11051374423129307
0.15000000000000002,58.0,220,8.957654723127035,139,8,8,0.11687409072705973,0.5435842209183677,0.4778661262258816,0.13115862408763324
0.14500000000000002,60.98500000000013,208,8.469055374592834,139,6,6,0.13503373929430768,0.514334914823869,0.364779378708081,0.06217007322802065
0.14,63.0,204,8.306188925081432,139,6,6,0.1472585741947754,0.5854448143334037,0.36827050095184477,0.07585899953144738
0.135,66.0,192,7.817589576547231,139,6,6,0.1472585741947754,0.5854448143334037,0.36827050095184477,0.07585899953144738
0.13,68.0,184,7.49185667752443,139,6,6,0.17244657767188082,0.5731517079822706,0.3467609773140321,0.07503916861592375
0.125,71.0,172,7.003257328990228,139,5,5,0.18344852773151,0.5723888501382106,0.40429382455572876,0.057357450707364664
0.12,73.0,165,6.7182410423452765,139,5,5,0.18344852773151,0.5723888501382106,0.40429382455572876,0.057357450707364664
0.11499999999999999,78.0,155,6.311074918566775,139,5,5,0.18344852773151,0.5723888501382106,0.38695737317504175,0.05617154220562357
0.10999999999999999,82.0,148,6.026058631921824,139,5,5,0.14248833155905072,0.46921724245253654,0.3894452709938999,0.05270202785833664
0.10499999999999998,85.0,139,5.659609120521172,139,5,5,0.14248833155905072,0.46921724245253654,0.3894452709938999,0.05270202785833664
0.09999999999999998,89.0,130,5.293159609120521,139,4,4,0.0949159731660732,0.3852967509849565,0.48359512565946694,0.063641256397621
0.09499999999999997,95.0,121,4.9267100977198695,139,4,4,0.11460900813476715,0.4689876580711733,0.4545902901382376,0.08934083572013637
0.08999999999999997,99.37000000000035,112,4.5602605863192185,139,4,4,0.11460900813476715,0.4689876580711733,0.46698329438672237,0.08969163436594185
0.08499999999999996,105.4050000000002,104,4.234527687296417,139,3,3,0.14248833155905072,0.46921724245253654,0.482187401536135,0.06070938611188625
0.07999999999999996,110.0,96,3.9087947882736156,139,2,2,0.1672027193651468,0.5208030462953736,0.278023499018531,-0.0653994035487461
0.07499999999999996,117.0,90,3.6644951140065145,139,2,2,0.1672027193651468,0.5208030462953736,0.278023499018531,-0.0653994035487461
0.06999999999999995,127.0,83,3.3794788273615635,139,2,2,0.1672027193651468,0.5208030462953736,0.278023499018531,-0.0653994035487461
0.06499999999999995,133.0,73,2.972312703583062,139,2,2,0.1672027193651468,0.5208030462953736,0.278023499018531,-0.0653994035487461
0.05999999999999994,146.0,68,2.768729641693811,139,2,2,0.1672027193651468,0.5208030462953736,0.278023499018531,-0.0653994035487461
0.05499999999999994,156.0,62,2.52442996742671,139,2,2,0.1672027193651468,0.5208030462953736,0.278023499018531,-0.0653994035487461
0.04999999999999993,168.0,56,2.2801302931596092,139,2,2,0.1672027193651468,0.5208030462953736,0.278023499018531,-0.0653994035487461
0.04499999999999993,191.0,48,1.9543973941368078,139,1,1,0.19191710717124288,0.5723888501382106,0.2031860251707358,-0.060483015602768225
0.040000000000000036,206.72000000000025,39,1.5879478827361564,139,0,0,,,,
0.03500000000000003,231.0,29,1.1807817589576548,139,0,0,,,,
0.030000000000000027,254.0,22,0.8957654723127035,139,0,0,,,,
0.025000000000000022,289.64999999999964,15,0.6107491856677525,139,0,0,,,,
0.020000000000000018,332.0,11,0.44788273615635177,139,0,0,,,,
0.015000000000000013,415.1599999999962,9,0.36644951140065146,139,0,0,,,,
0.010000000000000009,525.2500000000073,4,0.16286644951140064,139,0,0,,,,
0.0050000000000000044,701.9650000000001,3,0.12214983713355049,139,0,0,,,,
0.0,4131.0,0,0.0,139,0,0,,,,
