sample,percentile,thresh_eeepvkki,alpha,mean_entropy_change,n_common_clonotypes_ge5,n_cells_after
D7A,1.0,25.0,0.0,0.0,16,340
D7A,1.0,25.0,1.0,0.0,16,340
D7A,1.0,25.0,2.0,0.0,16,340
D7A,1.0,25.0,5.0,0.0,16,340
D7A,0.995,14.925000000000011,0.0,-0.014257860783949597,16,338
D7A,0.995,14.925000000000011,1.0,-0.014439485195663578,16,338
D7A,0.995,14.925000000000011,2.0,-0.014146855065186523,16,338
D7A,0.995,14.925000000000011,5.0,-0.012621689759737192,16,338
D7A,0.99,12.370000000000005,0.0,-0.018822807778660314,16,337
D7A,0.99,12.370000000000005,1.0,-0.019086165663664792,16,337
D7A,0.99,12.370000000000005,2.0,-0.01875061673029723,16,337
D7A,0.99,12.370000000000005,5.0,-0.016967889578102257,16,337
D7A,0.985,9.0,0.0,-0.031166167161172355,16,336
D7A,0.985,9.0,1.0,-0.029730388746482178,16,336
D7A,0.985,9.0,2.0,-0.028351873021364597,16,336
D7A,0.985,9.0,5.0,-0.025295673586751433,16,336
D7A,0.98,9.0,0.0,-0.031166167161172355,16,336
D7A,0.98,9.0,1.0,-0.029730388746482178,16,336
D7A,0.98,9.0,2.0,-0.028351873021364597,16,336
D7A,0.98,9.0,5.0,-0.025295673586751433,16,336
D7A,0.975,7.925000000000011,0.0,-0.043989478053695616,15,331
D7A,0.975,7.925000000000011,1.0,-0.03985688216513815,15,331
D7A,0.975,7.925000000000011,2.0,-0.037371689537529056,15,331
D7A,0.975,7.925000000000011,5.0,-0.03322433880414894,15,331
D7A,0.97,7.0,0.0,-0.043989478053695616,15,331
D7A,0.97,7.0,1.0,-0.03985688216513815,15,331
D7A,0.97,7.0,2.0,-0.037371689537529056,15,331
D7A,0.97,7.0,5.0,-0.03322433880414894,15,331
D7A,0.965,7.0,0.0,-0.043989478053695616,15,331
D7A,0.965,7.0,1.0,-0.03985688216513815,15,331
D7A,0.965,7.0,2.0,-0.037371689537529056,15,331
D7A,0.965,7.0,5.0,-0.03322433880414894,15,331
D7A,0.96,7.0,0.0,-0.043989478053695616,15,331
D7A,0.96,7.0,1.0,-0.03985688216513815,15,331
D7A,0.96,7.0,2.0,-0.037371689537529056,15,331
D7A,0.96,7.0,5.0,-0.03322433880414894,15,331
D7A,0.955,6.0,0.0,-0.0572196229291839,15,325
D7A,0.955,6.0,1.0,-0.05298159223383338,15,325
D7A,0.955,6.0,2.0,-0.04980988520979008,15,325
D7A,0.955,6.0,5.0,-0.044394792493348836,15,325
D7A,0.95,6.0,0.0,-0.0572196229291839,15,325
D7A,0.95,6.0,1.0,-0.05298159223383338,15,325
D7A,0.95,6.0,2.0,-0.04980988520979008,15,325
D7A,0.95,6.0,5.0,-0.044394792493348836,15,325
D7A,0.945,6.0,0.0,-0.0572196229291839,15,325
D7A,0.945,6.0,1.0,-0.05298159223383338,15,325
D7A,0.945,6.0,2.0,-0.04980988520979008,15,325
D7A,0.945,6.0,5.0,-0.044394792493348836,15,325
D7A,0.94,6.0,0.0,-0.0572196229291839,15,325
D7A,0.94,6.0,1.0,-0.05298159223383338,15,325
D7A,0.94,6.0,2.0,-0.04980988520979008,15,325
D7A,0.94,6.0,5.0,-0.044394792493348836,15,325
D7A,0.935,5.0,0.0,-0.06904135881399463,14,320
D7A,0.935,5.0,1.0,-0.06431508930151296,14,320
D7A,0.935,5.0,2.0,-0.06102892512123238,14,320
D7A,0.935,5.0,5.0,-0.055380545716043526,14,320
D7A,0.9299999999999999,5.0,0.0,-0.06904135881399463,14,320
D7A,0.9299999999999999,5.0,1.0,-0.06431508930151296,14,320
D7A,0.9299999999999999,5.0,2.0,-0.06102892512123238,14,320
D7A,0.9299999999999999,5.0,5.0,-0.055380545716043526,14,320
D7A,0.925,5.0,0.0,-0.06904135881399463,14,320
D7A,0.925,5.0,1.0,-0.06431508930151296,14,320
D7A,0.925,5.0,2.0,-0.06102892512123238,14,320
D7A,0.925,5.0,5.0,-0.055380545716043526,14,320
D7A,0.92,4.0,0.0,-0.1033951282275501,14,315
D7A,0.92,4.0,1.0,-0.09711131642073756,14,315
D7A,0.92,4.0,2.0,-0.09216965255142644,14,315
D7A,0.92,4.0,5.0,-0.08235897967560739,14,315
D7A,0.915,4.0,0.0,-0.1033951282275501,14,315
D7A,0.915,4.0,1.0,-0.09711131642073756,14,315
D7A,0.915,4.0,2.0,-0.09216965255142644,14,315
D7A,0.915,4.0,5.0,-0.08235897967560739,14,315
D7A,0.91,3.0,0.0,-0.10779108244823686,14,313
D7A,0.91,3.0,1.0,-0.10003767002336252,14,313
D7A,0.91,3.0,2.0,-0.09451914647814982,14,313
D7A,0.91,3.0,5.0,-0.08452577409416215,14,313
D7A,0.905,3.0,0.0,-0.10779108244823686,14,313
D7A,0.905,3.0,1.0,-0.10003767002336252,14,313
D7A,0.905,3.0,2.0,-0.09451914647814982,14,313
D7A,0.905,3.0,5.0,-0.08452577409416215,14,313
D7A,0.9,2.0,0.0,-0.11940524985882468,14,309
D7A,0.9,2.0,1.0,-0.1114809361502138,14,309
D7A,0.9,2.0,2.0,-0.10462669453999592,14,309
D7A,0.9,2.0,5.0,-0.09209061392078736,14,309
D7A,0.895,1.884999999999991,0.0,-0.1365810210921078,14,306
D7A,0.895,1.884999999999991,1.0,-0.12530145433778755,14,306
D7A,0.895,1.884999999999991,2.0,-0.1154382240915227,14,306
D7A,0.895,1.884999999999991,5.0,-0.09964124978880406,14,306
D7A,0.89,1.0,0.0,-0.1365810210921078,14,306
D7A,0.89,1.0,1.0,-0.12530145433778755,14,306
D7A,0.89,1.0,2.0,-0.1154382240915227,14,306
D7A,0.89,1.0,5.0,-0.09964124978880406,14,306
D7A,0.885,1.0,0.0,-0.1365810210921078,14,306
D7A,0.885,1.0,1.0,-0.12530145433778755,14,306
D7A,0.885,1.0,2.0,-0.1154382240915227,14,306
D7A,0.885,1.0,5.0,-0.09964124978880406,14,306
D7A,0.88,1.0,0.0,-0.1365810210921078,14,306
D7A,0.88,1.0,1.0,-0.12530145433778755,14,306
D7A,0.88,1.0,2.0,-0.1154382240915227,14,306
D7A,0.88,1.0,5.0,-0.09964124978880406,14,306
D7A,0.875,1.0,0.0,-0.1365810210921078,14,306
D7A,0.875,1.0,1.0,-0.12530145433778755,14,306
D7A,0.875,1.0,2.0,-0.1154382240915227,14,306
D7A,0.875,1.0,5.0,-0.09964124978880406,14,306
D7A,0.87,0.8100000000000023,0.0,-0.14581663679675833,14,297
D7A,0.87,0.8100000000000023,1.0,-0.13166288978016785,14,297
D7A,0.87,0.8100000000000023,2.0,-0.12069754522985303,14,297
D7A,0.87,0.8100000000000023,5.0,-0.1040646477796041,14,297
D7A,0.865,0.0,0.0,-0.14581663679675833,14,297
D7A,0.865,0.0,1.0,-0.13166288978016785,14,297
D7A,0.865,0.0,2.0,-0.12069754522985303,14,297
D7A,0.865,0.0,5.0,-0.1040646477796041,14,297
D7A,0.86,0.0,0.0,-0.14581663679675833,14,297
D7A,0.86,0.0,1.0,-0.13166288978016785,14,297
D7A,0.86,0.0,2.0,-0.12069754522985303,14,297
D7A,0.86,0.0,5.0,-0.1040646477796041,14,297
D7A,0.855,0.0,0.0,-0.14581663679675833,14,297
D7A,0.855,0.0,1.0,-0.13166288978016785,14,297
D7A,0.855,0.0,2.0,-0.12069754522985303,14,297
D7A,0.855,0.0,5.0,-0.1040646477796041,14,297
D7A,0.85,0.0,0.0,-0.14581663679675833,14,297
D7A,0.85,0.0,1.0,-0.13166288978016785,14,297
D7A,0.85,0.0,2.0,-0.12069754522985303,14,297
D7A,0.85,0.0,5.0,-0.1040646477796041,14,297
D7A,0.845,0.0,0.0,-0.14581663679675833,14,297
D7A,0.845,0.0,1.0,-0.13166288978016785,14,297
D7A,0.845,0.0,2.0,-0.12069754522985303,14,297
D7A,0.845,0.0,5.0,-0.1040646477796041,14,297
D7A,0.84,0.0,0.0,-0.14581663679675833,14,297
D7A,0.84,0.0,1.0,-0.13166288978016785,14,297
D7A,0.84,0.0,2.0,-0.12069754522985303,14,297
D7A,0.84,0.0,5.0,-0.1040646477796041,14,297
D7A,0.835,0.0,0.0,-0.14581663679675833,14,297
D7A,0.835,0.0,1.0,-0.13166288978016785,14,297
D7A,0.835,0.0,2.0,-0.12069754522985303,14,297
D7A,0.835,0.0,5.0,-0.1040646477796041,14,297
D7A,0.83,0.0,0.0,-0.14581663679675833,14,297
D7A,0.83,0.0,1.0,-0.13166288978016785,14,297
D7A,0.83,0.0,2.0,-0.12069754522985303,14,297
D7A,0.83,0.0,5.0,-0.1040646477796041,14,297
D7A,0.825,0.0,0.0,-0.14581663679675833,14,297
D7A,0.825,0.0,1.0,-0.13166288978016785,14,297
D7A,0.825,0.0,2.0,-0.12069754522985303,14,297
D7A,0.825,0.0,5.0,-0.1040646477796041,14,297
D7A,0.8200000000000001,0.0,0.0,-0.14581663679675833,14,297
D7A,0.8200000000000001,0.0,1.0,-0.13166288978016785,14,297
D7A,0.8200000000000001,0.0,2.0,-0.12069754522985303,14,297
D7A,0.8200000000000001,0.0,5.0,-0.1040646477796041,14,297
D7A,0.815,0.0,0.0,-0.14581663679675833,14,297
D7A,0.815,0.0,1.0,-0.13166288978016785,14,297
D7A,0.815,0.0,2.0,-0.12069754522985303,14,297
D7A,0.815,0.0,5.0,-0.1040646477796041,14,297
D7A,0.81,0.0,0.0,-0.14581663679675833,14,297
D7A,0.81,0.0,1.0,-0.13166288978016785,14,297
D7A,0.81,0.0,2.0,-0.12069754522985303,14,297
D7A,0.81,0.0,5.0,-0.1040646477796041,14,297
D7A,0.8049999999999999,0.0,0.0,-0.14581663679675833,14,297
D7A,0.8049999999999999,0.0,1.0,-0.13166288978016785,14,297
D7A,0.8049999999999999,0.0,2.0,-0.12069754522985303,14,297
D7A,0.8049999999999999,0.0,5.0,-0.1040646477796041,14,297
D7A,0.8,0.0,0.0,-0.14581663679675833,14,297
D7A,0.8,0.0,1.0,-0.13166288978016785,14,297
D7A,0.8,0.0,2.0,-0.12069754522985303,14,297
D7A,0.8,0.0,5.0,-0.1040646477796041,14,297
D7A,0.7949999999999999,0.0,0.0,-0.14581663679675833,14,297
D7A,0.7949999999999999,0.0,1.0,-0.13166288978016785,14,297
D7A,0.7949999999999999,0.0,2.0,-0.12069754522985303,14,297
D7A,0.7949999999999999,0.0,5.0,-0.1040646477796041,14,297
D7A,0.79,0.0,0.0,-0.14581663679675833,14,297
D7A,0.79,0.0,1.0,-0.13166288978016785,14,297
D7A,0.79,0.0,2.0,-0.12069754522985303,14,297
D7A,0.79,0.0,5.0,-0.1040646477796041,14,297
D7A,0.785,0.0,0.0,-0.14581663679675833,14,297
D7A,0.785,0.0,1.0,-0.13166288978016785,14,297
D7A,0.785,0.0,2.0,-0.12069754522985303,14,297
D7A,0.785,0.0,5.0,-0.1040646477796041,14,297
D7A,0.78,0.0,0.0,-0.14581663679675833,14,297
D7A,0.78,0.0,1.0,-0.13166288978016785,14,297
D7A,0.78,0.0,2.0,-0.12069754522985303,14,297
D7A,0.78,0.0,5.0,-0.1040646477796041,14,297
D7A,0.775,0.0,0.0,-0.14581663679675833,14,297
D7A,0.775,0.0,1.0,-0.13166288978016785,14,297
D7A,0.775,0.0,2.0,-0.12069754522985303,14,297
D7A,0.775,0.0,5.0,-0.1040646477796041,14,297
D7A,0.77,0.0,0.0,-0.14581663679675833,14,297
D7A,0.77,0.0,1.0,-0.13166288978016785,14,297
D7A,0.77,0.0,2.0,-0.12069754522985303,14,297
D7A,0.77,0.0,5.0,-0.1040646477796041,14,297
D7A,0.765,0.0,0.0,-0.14581663679675833,14,297
D7A,0.765,0.0,1.0,-0.13166288978016785,14,297
D7A,0.765,0.0,2.0,-0.12069754522985303,14,297
D7A,0.765,0.0,5.0,-0.1040646477796041,14,297
D7A,0.76,0.0,0.0,-0.14581663679675833,14,297
D7A,0.76,0.0,1.0,-0.13166288978016785,14,297
D7A,0.76,0.0,2.0,-0.12069754522985303,14,297
D7A,0.76,0.0,5.0,-0.1040646477796041,14,297
D7A,0.755,0.0,0.0,-0.14581663679675833,14,297
D7A,0.755,0.0,1.0,-0.13166288978016785,14,297
D7A,0.755,0.0,2.0,-0.12069754522985303,14,297
D7A,0.755,0.0,5.0,-0.1040646477796041,14,297
D7A,0.75,0.0,0.0,-0.14581663679675833,14,297
D7A,0.75,0.0,1.0,-0.13166288978016785,14,297
D7A,0.75,0.0,2.0,-0.12069754522985303,14,297
D7A,0.75,0.0,5.0,-0.1040646477796041,14,297
D7A,0.745,0.0,0.0,-0.14581663679675833,14,297
D7A,0.745,0.0,1.0,-0.13166288978016785,14,297
D7A,0.745,0.0,2.0,-0.12069754522985303,14,297
D7A,0.745,0.0,5.0,-0.1040646477796041,14,297
D7A,0.74,0.0,0.0,-0.14581663679675833,14,297
D7A,0.74,0.0,1.0,-0.13166288978016785,14,297
D7A,0.74,0.0,2.0,-0.12069754522985303,14,297
D7A,0.74,0.0,5.0,-0.1040646477796041,14,297
D7A,0.735,0.0,0.0,-0.14581663679675833,14,297
D7A,0.735,0.0,1.0,-0.13166288978016785,14,297
D7A,0.735,0.0,2.0,-0.12069754522985303,14,297
D7A,0.735,0.0,5.0,-0.1040646477796041,14,297
D7A,0.73,0.0,0.0,-0.14581663679675833,14,297
D7A,0.73,0.0,1.0,-0.13166288978016785,14,297
D7A,0.73,0.0,2.0,-0.12069754522985303,14,297
D7A,0.73,0.0,5.0,-0.1040646477796041,14,297
D7A,0.725,0.0,0.0,-0.14581663679675833,14,297
D7A,0.725,0.0,1.0,-0.13166288978016785,14,297
D7A,0.725,0.0,2.0,-0.12069754522985303,14,297
D7A,0.725,0.0,5.0,-0.1040646477796041,14,297
D7A,0.72,0.0,0.0,-0.14581663679675833,14,297
D7A,0.72,0.0,1.0,-0.13166288978016785,14,297
D7A,0.72,0.0,2.0,-0.12069754522985303,14,297
D7A,0.72,0.0,5.0,-0.1040646477796041,14,297
D7A,0.715,0.0,0.0,-0.14581663679675833,14,297
D7A,0.715,0.0,1.0,-0.13166288978016785,14,297
D7A,0.715,0.0,2.0,-0.12069754522985303,14,297
D7A,0.715,0.0,5.0,-0.1040646477796041,14,297
D7A,0.71,0.0,0.0,-0.14581663679675833,14,297
D7A,0.71,0.0,1.0,-0.13166288978016785,14,297
D7A,0.71,0.0,2.0,-0.12069754522985303,14,297
D7A,0.71,0.0,5.0,-0.1040646477796041,14,297
D7A,0.7050000000000001,0.0,0.0,-0.14581663679675833,14,297
D7A,0.7050000000000001,0.0,1.0,-0.13166288978016785,14,297
D7A,0.7050000000000001,0.0,2.0,-0.12069754522985303,14,297
D7A,0.7050000000000001,0.0,5.0,-0.1040646477796041,14,297
D7A,0.7,0.0,0.0,-0.14581663679675833,14,297
D7A,0.7,0.0,1.0,-0.13166288978016785,14,297
D7A,0.7,0.0,2.0,-0.12069754522985303,14,297
D7A,0.7,0.0,5.0,-0.1040646477796041,14,297
D7A,0.6950000000000001,0.0,0.0,-0.14581663679675833,14,297
D7A,0.6950000000000001,0.0,1.0,-0.13166288978016785,14,297
D7A,0.6950000000000001,0.0,2.0,-0.12069754522985303,14,297
D7A,0.6950000000000001,0.0,5.0,-0.1040646477796041,14,297
D7A,0.69,0.0,0.0,-0.14581663679675833,14,297
D7A,0.69,0.0,1.0,-0.13166288978016785,14,297
D7A,0.69,0.0,2.0,-0.12069754522985303,14,297
D7A,0.69,0.0,5.0,-0.1040646477796041,14,297
D7A,0.685,0.0,0.0,-0.14581663679675833,14,297
D7A,0.685,0.0,1.0,-0.13166288978016785,14,297
D7A,0.685,0.0,2.0,-0.12069754522985303,14,297
D7A,0.685,0.0,5.0,-0.1040646477796041,14,297
D7A,0.6799999999999999,0.0,0.0,-0.14581663679675833,14,297
D7A,0.6799999999999999,0.0,1.0,-0.13166288978016785,14,297
D7A,0.6799999999999999,0.0,2.0,-0.12069754522985303,14,297
D7A,0.6799999999999999,0.0,5.0,-0.1040646477796041,14,297
D7A,0.675,0.0,0.0,-0.14581663679675833,14,297
D7A,0.675,0.0,1.0,-0.13166288978016785,14,297
D7A,0.675,0.0,2.0,-0.12069754522985303,14,297
D7A,0.675,0.0,5.0,-0.1040646477796041,14,297
D7A,0.6699999999999999,0.0,0.0,-0.14581663679675833,14,297
D7A,0.6699999999999999,0.0,1.0,-0.13166288978016785,14,297
D7A,0.6699999999999999,0.0,2.0,-0.12069754522985303,14,297
D7A,0.6699999999999999,0.0,5.0,-0.1040646477796041,14,297
D7A,0.665,0.0,0.0,-0.14581663679675833,14,297
D7A,0.665,0.0,1.0,-0.13166288978016785,14,297
D7A,0.665,0.0,2.0,-0.12069754522985303,14,297
D7A,0.665,0.0,5.0,-0.1040646477796041,14,297
D7A,0.6599999999999999,0.0,0.0,-0.14581663679675833,14,297
D7A,0.6599999999999999,0.0,1.0,-0.13166288978016785,14,297
D7A,0.6599999999999999,0.0,2.0,-0.12069754522985303,14,297
D7A,0.6599999999999999,0.0,5.0,-0.1040646477796041,14,297
D7A,0.655,0.0,0.0,-0.14581663679675833,14,297
D7A,0.655,0.0,1.0,-0.13166288978016785,14,297
D7A,0.655,0.0,2.0,-0.12069754522985303,14,297
D7A,0.655,0.0,5.0,-0.1040646477796041,14,297
D7A,0.6499999999999999,0.0,0.0,-0.14581663679675833,14,297
D7A,0.6499999999999999,0.0,1.0,-0.13166288978016785,14,297
D7A,0.6499999999999999,0.0,2.0,-0.12069754522985303,14,297
D7A,0.6499999999999999,0.0,5.0,-0.1040646477796041,14,297
D7A,0.645,0.0,0.0,-0.14581663679675833,14,297
D7A,0.645,0.0,1.0,-0.13166288978016785,14,297
D7A,0.645,0.0,2.0,-0.12069754522985303,14,297
D7A,0.645,0.0,5.0,-0.1040646477796041,14,297
D7A,0.64,0.0,0.0,-0.14581663679675833,14,297
D7A,0.64,0.0,1.0,-0.13166288978016785,14,297
D7A,0.64,0.0,2.0,-0.12069754522985303,14,297
D7A,0.64,0.0,5.0,-0.1040646477796041,14,297
D7A,0.635,0.0,0.0,-0.14581663679675833,14,297
D7A,0.635,0.0,1.0,-0.13166288978016785,14,297
D7A,0.635,0.0,2.0,-0.12069754522985303,14,297
D7A,0.635,0.0,5.0,-0.1040646477796041,14,297
D7A,0.63,0.0,0.0,-0.14581663679675833,14,297
D7A,0.63,0.0,1.0,-0.13166288978016785,14,297
D7A,0.63,0.0,2.0,-0.12069754522985303,14,297
D7A,0.63,0.0,5.0,-0.1040646477796041,14,297
D7A,0.625,0.0,0.0,-0.14581663679675833,14,297
D7A,0.625,0.0,1.0,-0.13166288978016785,14,297
D7A,0.625,0.0,2.0,-0.12069754522985303,14,297
D7A,0.625,0.0,5.0,-0.1040646477796041,14,297
D7A,0.62,0.0,0.0,-0.14581663679675833,14,297
D7A,0.62,0.0,1.0,-0.13166288978016785,14,297
D7A,0.62,0.0,2.0,-0.12069754522985303,14,297
D7A,0.62,0.0,5.0,-0.1040646477796041,14,297
D7A,0.615,0.0,0.0,-0.14581663679675833,14,297
D7A,0.615,0.0,1.0,-0.13166288978016785,14,297
D7A,0.615,0.0,2.0,-0.12069754522985303,14,297
D7A,0.615,0.0,5.0,-0.1040646477796041,14,297
D7A,0.61,0.0,0.0,-0.14581663679675833,14,297
D7A,0.61,0.0,1.0,-0.13166288978016785,14,297
D7A,0.61,0.0,2.0,-0.12069754522985303,14,297
D7A,0.61,0.0,5.0,-0.1040646477796041,14,297
D7A,0.605,0.0,0.0,-0.14581663679675833,14,297
D7A,0.605,0.0,1.0,-0.13166288978016785,14,297
D7A,0.605,0.0,2.0,-0.12069754522985303,14,297
D7A,0.605,0.0,5.0,-0.1040646477796041,14,297
D7A,0.6,0.0,0.0,-0.14581663679675833,14,297
D7A,0.6,0.0,1.0,-0.13166288978016785,14,297
D7A,0.6,0.0,2.0,-0.12069754522985303,14,297
D7A,0.6,0.0,5.0,-0.1040646477796041,14,297
D7A,0.595,0.0,0.0,-0.14581663679675833,14,297
D7A,0.595,0.0,1.0,-0.13166288978016785,14,297
D7A,0.595,0.0,2.0,-0.12069754522985303,14,297
D7A,0.595,0.0,5.0,-0.1040646477796041,14,297
D7A,0.59,0.0,0.0,-0.14581663679675833,14,297
D7A,0.59,0.0,1.0,-0.13166288978016785,14,297
D7A,0.59,0.0,2.0,-0.12069754522985303,14,297
D7A,0.59,0.0,5.0,-0.1040646477796041,14,297
D7A,0.585,0.0,0.0,-0.14581663679675833,14,297
D7A,0.585,0.0,1.0,-0.13166288978016785,14,297
D7A,0.585,0.0,2.0,-0.12069754522985303,14,297
D7A,0.585,0.0,5.0,-0.1040646477796041,14,297
D7A,0.5800000000000001,0.0,0.0,-0.14581663679675833,14,297
D7A,0.5800000000000001,0.0,1.0,-0.13166288978016785,14,297
D7A,0.5800000000000001,0.0,2.0,-0.12069754522985303,14,297
D7A,0.5800000000000001,0.0,5.0,-0.1040646477796041,14,297
D7A,0.575,0.0,0.0,-0.14581663679675833,14,297
D7A,0.575,0.0,1.0,-0.13166288978016785,14,297
D7A,0.575,0.0,2.0,-0.12069754522985303,14,297
D7A,0.575,0.0,5.0,-0.1040646477796041,14,297
D7A,0.5700000000000001,0.0,0.0,-0.14581663679675833,14,297
D7A,0.5700000000000001,0.0,1.0,-0.13166288978016785,14,297
D7A,0.5700000000000001,0.0,2.0,-0.12069754522985303,14,297
D7A,0.5700000000000001,0.0,5.0,-0.1040646477796041,14,297
D7A,0.565,0.0,0.0,-0.14581663679675833,14,297
D7A,0.565,0.0,1.0,-0.13166288978016785,14,297
D7A,0.565,0.0,2.0,-0.12069754522985303,14,297
D7A,0.565,0.0,5.0,-0.1040646477796041,14,297
D7A,0.56,0.0,0.0,-0.14581663679675833,14,297
D7A,0.56,0.0,1.0,-0.13166288978016785,14,297
D7A,0.56,0.0,2.0,-0.12069754522985303,14,297
D7A,0.56,0.0,5.0,-0.1040646477796041,14,297
D7A,0.5549999999999999,0.0,0.0,-0.14581663679675833,14,297
D7A,0.5549999999999999,0.0,1.0,-0.13166288978016785,14,297
D7A,0.5549999999999999,0.0,2.0,-0.12069754522985303,14,297
D7A,0.5549999999999999,0.0,5.0,-0.1040646477796041,14,297
D7A,0.55,0.0,0.0,-0.14581663679675833,14,297
D7A,0.55,0.0,1.0,-0.13166288978016785,14,297
D7A,0.55,0.0,2.0,-0.12069754522985303,14,297
D7A,0.55,0.0,5.0,-0.1040646477796041,14,297
D7A,0.5449999999999999,0.0,0.0,-0.14581663679675833,14,297
D7A,0.5449999999999999,0.0,1.0,-0.13166288978016785,14,297
D7A,0.5449999999999999,0.0,2.0,-0.12069754522985303,14,297
D7A,0.5449999999999999,0.0,5.0,-0.1040646477796041,14,297
D7A,0.54,0.0,0.0,-0.14581663679675833,14,297
D7A,0.54,0.0,1.0,-0.13166288978016785,14,297
D7A,0.54,0.0,2.0,-0.12069754522985303,14,297
D7A,0.54,0.0,5.0,-0.1040646477796041,14,297
D7A,0.5349999999999999,0.0,0.0,-0.14581663679675833,14,297
D7A,0.5349999999999999,0.0,1.0,-0.13166288978016785,14,297
D7A,0.5349999999999999,0.0,2.0,-0.12069754522985303,14,297
D7A,0.5349999999999999,0.0,5.0,-0.1040646477796041,14,297
D7A,0.53,0.0,0.0,-0.14581663679675833,14,297
D7A,0.53,0.0,1.0,-0.13166288978016785,14,297
D7A,0.53,0.0,2.0,-0.12069754522985303,14,297
D7A,0.53,0.0,5.0,-0.1040646477796041,14,297
D7A,0.5249999999999999,0.0,0.0,-0.14581663679675833,14,297
D7A,0.5249999999999999,0.0,1.0,-0.13166288978016785,14,297
D7A,0.5249999999999999,0.0,2.0,-0.12069754522985303,14,297
D7A,0.5249999999999999,0.0,5.0,-0.1040646477796041,14,297
D7A,0.52,0.0,0.0,-0.14581663679675833,14,297
D7A,0.52,0.0,1.0,-0.13166288978016785,14,297
D7A,0.52,0.0,2.0,-0.12069754522985303,14,297
D7A,0.52,0.0,5.0,-0.1040646477796041,14,297
D7A,0.515,0.0,0.0,-0.14581663679675833,14,297
D7A,0.515,0.0,1.0,-0.13166288978016785,14,297
D7A,0.515,0.0,2.0,-0.12069754522985303,14,297
D7A,0.515,0.0,5.0,-0.1040646477796041,14,297
D7A,0.51,0.0,0.0,-0.14581663679675833,14,297
D7A,0.51,0.0,1.0,-0.13166288978016785,14,297
D7A,0.51,0.0,2.0,-0.12069754522985303,14,297
D7A,0.51,0.0,5.0,-0.1040646477796041,14,297
D7A,0.505,0.0,0.0,-0.14581663679675833,14,297
D7A,0.505,0.0,1.0,-0.13166288978016785,14,297
D7A,0.505,0.0,2.0,-0.12069754522985303,14,297
D7A,0.505,0.0,5.0,-0.1040646477796041,14,297
D7A,0.5,0.0,0.0,-0.14581663679675833,14,297
D7A,0.5,0.0,1.0,-0.13166288978016785,14,297
D7A,0.5,0.0,2.0,-0.12069754522985303,14,297
D7A,0.5,0.0,5.0,-0.1040646477796041,14,297
D7A,0.495,0.0,0.0,-0.14581663679675833,14,297
D7A,0.495,0.0,1.0,-0.13166288978016785,14,297
D7A,0.495,0.0,2.0,-0.12069754522985303,14,297
D7A,0.495,0.0,5.0,-0.1040646477796041,14,297
D7A,0.49,0.0,0.0,-0.14581663679675833,14,297
D7A,0.49,0.0,1.0,-0.13166288978016785,14,297
D7A,0.49,0.0,2.0,-0.12069754522985303,14,297
D7A,0.49,0.0,5.0,-0.1040646477796041,14,297
D7A,0.485,0.0,0.0,-0.14581663679675833,14,297
D7A,0.485,0.0,1.0,-0.13166288978016785,14,297
D7A,0.485,0.0,2.0,-0.12069754522985303,14,297
D7A,0.485,0.0,5.0,-0.1040646477796041,14,297
D7A,0.48,0.0,0.0,-0.14581663679675833,14,297
D7A,0.48,0.0,1.0,-0.13166288978016785,14,297
D7A,0.48,0.0,2.0,-0.12069754522985303,14,297
D7A,0.48,0.0,5.0,-0.1040646477796041,14,297
D7A,0.475,0.0,0.0,-0.14581663679675833,14,297
D7A,0.475,0.0,1.0,-0.13166288978016785,14,297
D7A,0.475,0.0,2.0,-0.12069754522985303,14,297
D7A,0.475,0.0,5.0,-0.1040646477796041,14,297
D7A,0.47,0.0,0.0,-0.14581663679675833,14,297
D7A,0.47,0.0,1.0,-0.13166288978016785,14,297
D7A,0.47,0.0,2.0,-0.12069754522985303,14,297
D7A,0.47,0.0,5.0,-0.1040646477796041,14,297
D7A,0.46499999999999997,0.0,0.0,-0.14581663679675833,14,297
D7A,0.46499999999999997,0.0,1.0,-0.13166288978016785,14,297
D7A,0.46499999999999997,0.0,2.0,-0.12069754522985303,14,297
D7A,0.46499999999999997,0.0,5.0,-0.1040646477796041,14,297
D7A,0.45999999999999996,0.0,0.0,-0.14581663679675833,14,297
D7A,0.45999999999999996,0.0,1.0,-0.13166288978016785,14,297
D7A,0.45999999999999996,0.0,2.0,-0.12069754522985303,14,297
D7A,0.45999999999999996,0.0,5.0,-0.1040646477796041,14,297
D7A,0.45499999999999996,0.0,0.0,-0.14581663679675833,14,297
D7A,0.45499999999999996,0.0,1.0,-0.13166288978016785,14,297
D7A,0.45499999999999996,0.0,2.0,-0.12069754522985303,14,297
D7A,0.45499999999999996,0.0,5.0,-0.1040646477796041,14,297
D7A,0.44999999999999996,0.0,0.0,-0.14581663679675833,14,297
D7A,0.44999999999999996,0.0,1.0,-0.13166288978016785,14,297
D7A,0.44999999999999996,0.0,2.0,-0.12069754522985303,14,297
D7A,0.44999999999999996,0.0,5.0,-0.1040646477796041,14,297
D7A,0.44499999999999995,0.0,0.0,-0.14581663679675833,14,297
D7A,0.44499999999999995,0.0,1.0,-0.13166288978016785,14,297
D7A,0.44499999999999995,0.0,2.0,-0.12069754522985303,14,297
D7A,0.44499999999999995,0.0,5.0,-0.1040646477796041,14,297
D7A,0.43999999999999995,0.0,0.0,-0.14581663679675833,14,297
D7A,0.43999999999999995,0.0,1.0,-0.13166288978016785,14,297
D7A,0.43999999999999995,0.0,2.0,-0.12069754522985303,14,297
D7A,0.43999999999999995,0.0,5.0,-0.1040646477796041,14,297
D7A,0.43499999999999994,0.0,0.0,-0.14581663679675833,14,297
D7A,0.43499999999999994,0.0,1.0,-0.13166288978016785,14,297
D7A,0.43499999999999994,0.0,2.0,-0.12069754522985303,14,297
D7A,0.43499999999999994,0.0,5.0,-0.1040646477796041,14,297
D7A,0.42999999999999994,0.0,0.0,-0.14581663679675833,14,297
D7A,0.42999999999999994,0.0,1.0,-0.13166288978016785,14,297
D7A,0.42999999999999994,0.0,2.0,-0.12069754522985303,14,297
D7A,0.42999999999999994,0.0,5.0,-0.1040646477796041,14,297
D7A,0.42499999999999993,0.0,0.0,-0.14581663679675833,14,297
D7A,0.42499999999999993,0.0,1.0,-0.13166288978016785,14,297
D7A,0.42499999999999993,0.0,2.0,-0.12069754522985303,14,297
D7A,0.42499999999999993,0.0,5.0,-0.1040646477796041,14,297
D7A,0.42000000000000004,0.0,0.0,-0.14581663679675833,14,297
D7A,0.42000000000000004,0.0,1.0,-0.13166288978016785,14,297
D7A,0.42000000000000004,0.0,2.0,-0.12069754522985303,14,297
D7A,0.42000000000000004,0.0,5.0,-0.1040646477796041,14,297
D7A,0.41500000000000004,0.0,0.0,-0.14581663679675833,14,297
D7A,0.41500000000000004,0.0,1.0,-0.13166288978016785,14,297
D7A,0.41500000000000004,0.0,2.0,-0.12069754522985303,14,297
D7A,0.41500000000000004,0.0,5.0,-0.1040646477796041,14,297
D7A,0.41000000000000003,0.0,0.0,-0.14581663679675833,14,297
D7A,0.41000000000000003,0.0,1.0,-0.13166288978016785,14,297
D7A,0.41000000000000003,0.0,2.0,-0.12069754522985303,14,297
D7A,0.41000000000000003,0.0,5.0,-0.1040646477796041,14,297
D7A,0.405,0.0,0.0,-0.14581663679675833,14,297
D7A,0.405,0.0,1.0,-0.13166288978016785,14,297
D7A,0.405,0.0,2.0,-0.12069754522985303,14,297
D7A,0.405,0.0,5.0,-0.1040646477796041,14,297
D7A,0.4,0.0,0.0,-0.14581663679675833,14,297
D7A,0.4,0.0,1.0,-0.13166288978016785,14,297
D7A,0.4,0.0,2.0,-0.12069754522985303,14,297
D7A,0.4,0.0,5.0,-0.1040646477796041,14,297
D7A,0.395,0.0,0.0,-0.14581663679675833,14,297
D7A,0.395,0.0,1.0,-0.13166288978016785,14,297
D7A,0.395,0.0,2.0,-0.12069754522985303,14,297
D7A,0.395,0.0,5.0,-0.1040646477796041,14,297
D7A,0.39,0.0,0.0,-0.14581663679675833,14,297
D7A,0.39,0.0,1.0,-0.13166288978016785,14,297
D7A,0.39,0.0,2.0,-0.12069754522985303,14,297
D7A,0.39,0.0,5.0,-0.1040646477796041,14,297
D7A,0.385,0.0,0.0,-0.14581663679675833,14,297
D7A,0.385,0.0,1.0,-0.13166288978016785,14,297
D7A,0.385,0.0,2.0,-0.12069754522985303,14,297
D7A,0.385,0.0,5.0,-0.1040646477796041,14,297
D7A,0.38,0.0,0.0,-0.14581663679675833,14,297
D7A,0.38,0.0,1.0,-0.13166288978016785,14,297
D7A,0.38,0.0,2.0,-0.12069754522985303,14,297
D7A,0.38,0.0,5.0,-0.1040646477796041,14,297
D7A,0.375,0.0,0.0,-0.14581663679675833,14,297
D7A,0.375,0.0,1.0,-0.13166288978016785,14,297
D7A,0.375,0.0,2.0,-0.12069754522985303,14,297
D7A,0.375,0.0,5.0,-0.1040646477796041,14,297
D7A,0.37,0.0,0.0,-0.14581663679675833,14,297
D7A,0.37,0.0,1.0,-0.13166288978016785,14,297
D7A,0.37,0.0,2.0,-0.12069754522985303,14,297
D7A,0.37,0.0,5.0,-0.1040646477796041,14,297
D7A,0.365,0.0,0.0,-0.14581663679675833,14,297
D7A,0.365,0.0,1.0,-0.13166288978016785,14,297
D7A,0.365,0.0,2.0,-0.12069754522985303,14,297
D7A,0.365,0.0,5.0,-0.1040646477796041,14,297
D7A,0.36,0.0,0.0,-0.14581663679675833,14,297
D7A,0.36,0.0,1.0,-0.13166288978016785,14,297
D7A,0.36,0.0,2.0,-0.12069754522985303,14,297
D7A,0.36,0.0,5.0,-0.1040646477796041,14,297
D7A,0.355,0.0,0.0,-0.14581663679675833,14,297
D7A,0.355,0.0,1.0,-0.13166288978016785,14,297
D7A,0.355,0.0,2.0,-0.12069754522985303,14,297
D7A,0.355,0.0,5.0,-0.1040646477796041,14,297
D7A,0.35,0.0,0.0,-0.14581663679675833,14,297
D7A,0.35,0.0,1.0,-0.13166288978016785,14,297
D7A,0.35,0.0,2.0,-0.12069754522985303,14,297
D7A,0.35,0.0,5.0,-0.1040646477796041,14,297
D7A,0.345,0.0,0.0,-0.14581663679675833,14,297
D7A,0.345,0.0,1.0,-0.13166288978016785,14,297
D7A,0.345,0.0,2.0,-0.12069754522985303,14,297
D7A,0.345,0.0,5.0,-0.1040646477796041,14,297
D7A,0.33999999999999997,0.0,0.0,-0.14581663679675833,14,297
D7A,0.33999999999999997,0.0,1.0,-0.13166288978016785,14,297
D7A,0.33999999999999997,0.0,2.0,-0.12069754522985303,14,297
D7A,0.33999999999999997,0.0,5.0,-0.1040646477796041,14,297
D7A,0.33499999999999996,0.0,0.0,-0.14581663679675833,14,297
D7A,0.33499999999999996,0.0,1.0,-0.13166288978016785,14,297
D7A,0.33499999999999996,0.0,2.0,-0.12069754522985303,14,297
D7A,0.33499999999999996,0.0,5.0,-0.1040646477796041,14,297
D7A,0.32999999999999996,0.0,0.0,-0.14581663679675833,14,297
D7A,0.32999999999999996,0.0,1.0,-0.13166288978016785,14,297
D7A,0.32999999999999996,0.0,2.0,-0.12069754522985303,14,297
D7A,0.32999999999999996,0.0,5.0,-0.1040646477796041,14,297
D7A,0.32499999999999996,0.0,0.0,-0.14581663679675833,14,297
D7A,0.32499999999999996,0.0,1.0,-0.13166288978016785,14,297
D7A,0.32499999999999996,0.0,2.0,-0.12069754522985303,14,297
D7A,0.32499999999999996,0.0,5.0,-0.1040646477796041,14,297
D7A,0.31999999999999995,0.0,0.0,-0.14581663679675833,14,297
D7A,0.31999999999999995,0.0,1.0,-0.13166288978016785,14,297
D7A,0.31999999999999995,0.0,2.0,-0.12069754522985303,14,297
D7A,0.31999999999999995,0.0,5.0,-0.1040646477796041,14,297
D7A,0.31499999999999995,0.0,0.0,-0.14581663679675833,14,297
D7A,0.31499999999999995,0.0,1.0,-0.13166288978016785,14,297
D7A,0.31499999999999995,0.0,2.0,-0.12069754522985303,14,297
D7A,0.31499999999999995,0.0,5.0,-0.1040646477796041,14,297
D7A,0.30999999999999994,0.0,0.0,-0.14581663679675833,14,297
D7A,0.30999999999999994,0.0,1.0,-0.13166288978016785,14,297
D7A,0.30999999999999994,0.0,2.0,-0.12069754522985303,14,297
D7A,0.30999999999999994,0.0,5.0,-0.1040646477796041,14,297
D7A,0.30499999999999994,0.0,0.0,-0.14581663679675833,14,297
D7A,0.30499999999999994,0.0,1.0,-0.13166288978016785,14,297
D7A,0.30499999999999994,0.0,2.0,-0.12069754522985303,14,297
D7A,0.30499999999999994,0.0,5.0,-0.1040646477796041,14,297
D7A,0.29999999999999993,0.0,0.0,-0.14581663679675833,14,297
D7A,0.29999999999999993,0.0,1.0,-0.13166288978016785,14,297
D7A,0.29999999999999993,0.0,2.0,-0.12069754522985303,14,297
D7A,0.29999999999999993,0.0,5.0,-0.1040646477796041,14,297
D7A,0.29500000000000004,0.0,0.0,-0.14581663679675833,14,297
D7A,0.29500000000000004,0.0,1.0,-0.13166288978016785,14,297
D7A,0.29500000000000004,0.0,2.0,-0.12069754522985303,14,297
D7A,0.29500000000000004,0.0,5.0,-0.1040646477796041,14,297
D7A,0.29000000000000004,0.0,0.0,-0.14581663679675833,14,297
D7A,0.29000000000000004,0.0,1.0,-0.13166288978016785,14,297
D7A,0.29000000000000004,0.0,2.0,-0.12069754522985303,14,297
D7A,0.29000000000000004,0.0,5.0,-0.1040646477796041,14,297
D7A,0.28500000000000003,0.0,0.0,-0.14581663679675833,14,297
D7A,0.28500000000000003,0.0,1.0,-0.13166288978016785,14,297
D7A,0.28500000000000003,0.0,2.0,-0.12069754522985303,14,297
D7A,0.28500000000000003,0.0,5.0,-0.1040646477796041,14,297
D7A,0.28,0.0,0.0,-0.14581663679675833,14,297
D7A,0.28,0.0,1.0,-0.13166288978016785,14,297
D7A,0.28,0.0,2.0,-0.12069754522985303,14,297
D7A,0.28,0.0,5.0,-0.1040646477796041,14,297
D7A,0.275,0.0,0.0,-0.14581663679675833,14,297
D7A,0.275,0.0,1.0,-0.13166288978016785,14,297
D7A,0.275,0.0,2.0,-0.12069754522985303,14,297
D7A,0.275,0.0,5.0,-0.1040646477796041,14,297
D7A,0.27,0.0,0.0,-0.14581663679675833,14,297
D7A,0.27,0.0,1.0,-0.13166288978016785,14,297
D7A,0.27,0.0,2.0,-0.12069754522985303,14,297
D7A,0.27,0.0,5.0,-0.1040646477796041,14,297
D7A,0.265,0.0,0.0,-0.14581663679675833,14,297
D7A,0.265,0.0,1.0,-0.13166288978016785,14,297
D7A,0.265,0.0,2.0,-0.12069754522985303,14,297
D7A,0.265,0.0,5.0,-0.1040646477796041,14,297
D7A,0.26,0.0,0.0,-0.14581663679675833,14,297
D7A,0.26,0.0,1.0,-0.13166288978016785,14,297
D7A,0.26,0.0,2.0,-0.12069754522985303,14,297
D7A,0.26,0.0,5.0,-0.1040646477796041,14,297
D7A,0.255,0.0,0.0,-0.14581663679675833,14,297
D7A,0.255,0.0,1.0,-0.13166288978016785,14,297
D7A,0.255,0.0,2.0,-0.12069754522985303,14,297
D7A,0.255,0.0,5.0,-0.1040646477796041,14,297
D7A,0.25,0.0,0.0,-0.14581663679675833,14,297
D7A,0.25,0.0,1.0,-0.13166288978016785,14,297
D7A,0.25,0.0,2.0,-0.12069754522985303,14,297
D7A,0.25,0.0,5.0,-0.1040646477796041,14,297
D7A,0.245,0.0,0.0,-0.14581663679675833,14,297
D7A,0.245,0.0,1.0,-0.13166288978016785,14,297
D7A,0.245,0.0,2.0,-0.12069754522985303,14,297
D7A,0.245,0.0,5.0,-0.1040646477796041,14,297
D7A,0.24,0.0,0.0,-0.14581663679675833,14,297
D7A,0.24,0.0,1.0,-0.13166288978016785,14,297
D7A,0.24,0.0,2.0,-0.12069754522985303,14,297
D7A,0.24,0.0,5.0,-0.1040646477796041,14,297
D7A,0.235,0.0,0.0,-0.14581663679675833,14,297
D7A,0.235,0.0,1.0,-0.13166288978016785,14,297
D7A,0.235,0.0,2.0,-0.12069754522985303,14,297
D7A,0.235,0.0,5.0,-0.1040646477796041,14,297
D7A,0.22999999999999998,0.0,0.0,-0.14581663679675833,14,297
D7A,0.22999999999999998,0.0,1.0,-0.13166288978016785,14,297
D7A,0.22999999999999998,0.0,2.0,-0.12069754522985303,14,297
D7A,0.22999999999999998,0.0,5.0,-0.1040646477796041,14,297
D7A,0.22499999999999998,0.0,0.0,-0.14581663679675833,14,297
D7A,0.22499999999999998,0.0,1.0,-0.13166288978016785,14,297
D7A,0.22499999999999998,0.0,2.0,-0.12069754522985303,14,297
D7A,0.22499999999999998,0.0,5.0,-0.1040646477796041,14,297
D7A,0.21999999999999997,0.0,0.0,-0.14581663679675833,14,297
D7A,0.21999999999999997,0.0,1.0,-0.13166288978016785,14,297
D7A,0.21999999999999997,0.0,2.0,-0.12069754522985303,14,297
D7A,0.21999999999999997,0.0,5.0,-0.1040646477796041,14,297
D7A,0.21499999999999997,0.0,0.0,-0.14581663679675833,14,297
D7A,0.21499999999999997,0.0,1.0,-0.13166288978016785,14,297
D7A,0.21499999999999997,0.0,2.0,-0.12069754522985303,14,297
D7A,0.21499999999999997,0.0,5.0,-0.1040646477796041,14,297
D7A,0.20999999999999996,0.0,0.0,-0.14581663679675833,14,297
D7A,0.20999999999999996,0.0,1.0,-0.13166288978016785,14,297
D7A,0.20999999999999996,0.0,2.0,-0.12069754522985303,14,297
D7A,0.20999999999999996,0.0,5.0,-0.1040646477796041,14,297
D7A,0.20499999999999996,0.0,0.0,-0.14581663679675833,14,297
D7A,0.20499999999999996,0.0,1.0,-0.13166288978016785,14,297
D7A,0.20499999999999996,0.0,2.0,-0.12069754522985303,14,297
D7A,0.20499999999999996,0.0,5.0,-0.1040646477796041,14,297
D7A,0.19999999999999996,0.0,0.0,-0.14581663679675833,14,297
D7A,0.19999999999999996,0.0,1.0,-0.13166288978016785,14,297
D7A,0.19999999999999996,0.0,2.0,-0.12069754522985303,14,297
D7A,0.19999999999999996,0.0,5.0,-0.1040646477796041,14,297
D7A,0.19499999999999995,0.0,0.0,-0.14581663679675833,14,297
D7A,0.19499999999999995,0.0,1.0,-0.13166288978016785,14,297
D7A,0.19499999999999995,0.0,2.0,-0.12069754522985303,14,297
D7A,0.19499999999999995,0.0,5.0,-0.1040646477796041,14,297
D7A,0.18999999999999995,0.0,0.0,-0.14581663679675833,14,297
D7A,0.18999999999999995,0.0,1.0,-0.13166288978016785,14,297
D7A,0.18999999999999995,0.0,2.0,-0.12069754522985303,14,297
D7A,0.18999999999999995,0.0,5.0,-0.1040646477796041,14,297
D7A,0.18499999999999994,0.0,0.0,-0.14581663679675833,14,297
D7A,0.18499999999999994,0.0,1.0,-0.13166288978016785,14,297
D7A,0.18499999999999994,0.0,2.0,-0.12069754522985303,14,297
D7A,0.18499999999999994,0.0,5.0,-0.1040646477796041,14,297
D7A,0.17999999999999994,0.0,0.0,-0.14581663679675833,14,297
D7A,0.17999999999999994,0.0,1.0,-0.13166288978016785,14,297
D7A,0.17999999999999994,0.0,2.0,-0.12069754522985303,14,297
D7A,0.17999999999999994,0.0,5.0,-0.1040646477796041,14,297
D7A,0.17499999999999993,0.0,0.0,-0.14581663679675833,14,297
D7A,0.17499999999999993,0.0,1.0,-0.13166288978016785,14,297
D7A,0.17499999999999993,0.0,2.0,-0.12069754522985303,14,297
D7A,0.17499999999999993,0.0,5.0,-0.1040646477796041,14,297
D7A,0.16999999999999993,0.0,0.0,-0.14581663679675833,14,297
D7A,0.16999999999999993,0.0,1.0,-0.13166288978016785,14,297
D7A,0.16999999999999993,0.0,2.0,-0.12069754522985303,14,297
D7A,0.16999999999999993,0.0,5.0,-0.1040646477796041,14,297
D7A,0.16500000000000004,0.0,0.0,-0.14581663679675833,14,297
D7A,0.16500000000000004,0.0,1.0,-0.13166288978016785,14,297
D7A,0.16500000000000004,0.0,2.0,-0.12069754522985303,14,297
D7A,0.16500000000000004,0.0,5.0,-0.1040646477796041,14,297
D7A,0.16000000000000003,0.0,0.0,-0.14581663679675833,14,297
D7A,0.16000000000000003,0.0,1.0,-0.13166288978016785,14,297
D7A,0.16000000000000003,0.0,2.0,-0.12069754522985303,14,297
D7A,0.16000000000000003,0.0,5.0,-0.1040646477796041,14,297
D7A,0.15500000000000003,0.0,0.0,-0.14581663679675833,14,297
D7A,0.15500000000000003,0.0,1.0,-0.13166288978016785,14,297
D7A,0.15500000000000003,0.0,2.0,-0.12069754522985303,14,297
D7A,0.15500000000000003,0.0,5.0,-0.1040646477796041,14,297
D7A,0.15000000000000002,0.0,0.0,-0.14581663679675833,14,297
D7A,0.15000000000000002,0.0,1.0,-0.13166288978016785,14,297
D7A,0.15000000000000002,0.0,2.0,-0.12069754522985303,14,297
D7A,0.15000000000000002,0.0,5.0,-0.1040646477796041,14,297
D7A,0.14500000000000002,0.0,0.0,-0.14581663679675833,14,297
D7A,0.14500000000000002,0.0,1.0,-0.13166288978016785,14,297
D7A,0.14500000000000002,0.0,2.0,-0.12069754522985303,14,297
D7A,0.14500000000000002,0.0,5.0,-0.1040646477796041,14,297
D7A,0.14,0.0,0.0,-0.14581663679675833,14,297
D7A,0.14,0.0,1.0,-0.13166288978016785,14,297
D7A,0.14,0.0,2.0,-0.12069754522985303,14,297
D7A,0.14,0.0,5.0,-0.1040646477796041,14,297
D7A,0.135,0.0,0.0,-0.14581663679675833,14,297
D7A,0.135,0.0,1.0,-0.13166288978016785,14,297
D7A,0.135,0.0,2.0,-0.12069754522985303,14,297
D7A,0.135,0.0,5.0,-0.1040646477796041,14,297
D7A,0.13,0.0,0.0,-0.14581663679675833,14,297
D7A,0.13,0.0,1.0,-0.13166288978016785,14,297
D7A,0.13,0.0,2.0,-0.12069754522985303,14,297
D7A,0.13,0.0,5.0,-0.1040646477796041,14,297
D7A,0.125,0.0,0.0,-0.14581663679675833,14,297
D7A,0.125,0.0,1.0,-0.13166288978016785,14,297
D7A,0.125,0.0,2.0,-0.12069754522985303,14,297
D7A,0.125,0.0,5.0,-0.1040646477796041,14,297
D7A,0.12,0.0,0.0,-0.14581663679675833,14,297
D7A,0.12,0.0,1.0,-0.13166288978016785,14,297
D7A,0.12,0.0,2.0,-0.12069754522985303,14,297
D7A,0.12,0.0,5.0,-0.1040646477796041,14,297
D7A,0.11499999999999999,0.0,0.0,-0.14581663679675833,14,297
D7A,0.11499999999999999,0.0,1.0,-0.13166288978016785,14,297
D7A,0.11499999999999999,0.0,2.0,-0.12069754522985303,14,297
D7A,0.11499999999999999,0.0,5.0,-0.1040646477796041,14,297
D7A,0.10999999999999999,0.0,0.0,-0.14581663679675833,14,297
D7A,0.10999999999999999,0.0,1.0,-0.13166288978016785,14,297
D7A,0.10999999999999999,0.0,2.0,-0.12069754522985303,14,297
D7A,0.10999999999999999,0.0,5.0,-0.1040646477796041,14,297
D7A,0.10499999999999998,0.0,0.0,-0.14581663679675833,14,297
D7A,0.10499999999999998,0.0,1.0,-0.13166288978016785,14,297
D7A,0.10499999999999998,0.0,2.0,-0.12069754522985303,14,297
D7A,0.10499999999999998,0.0,5.0,-0.1040646477796041,14,297
D7A,0.09999999999999998,0.0,0.0,-0.14581663679675833,14,297
D7A,0.09999999999999998,0.0,1.0,-0.13166288978016785,14,297
D7A,0.09999999999999998,0.0,2.0,-0.12069754522985303,14,297
D7A,0.09999999999999998,0.0,5.0,-0.1040646477796041,14,297
D7A,0.09499999999999997,0.0,0.0,-0.14581663679675833,14,297
D7A,0.09499999999999997,0.0,1.0,-0.13166288978016785,14,297
D7A,0.09499999999999997,0.0,2.0,-0.12069754522985303,14,297
D7A,0.09499999999999997,0.0,5.0,-0.1040646477796041,14,297
D7A,0.08999999999999997,0.0,0.0,-0.14581663679675833,14,297
D7A,0.08999999999999997,0.0,1.0,-0.13166288978016785,14,297
D7A,0.08999999999999997,0.0,2.0,-0.12069754522985303,14,297
D7A,0.08999999999999997,0.0,5.0,-0.1040646477796041,14,297
D7A,0.08499999999999996,0.0,0.0,-0.14581663679675833,14,297
D7A,0.08499999999999996,0.0,1.0,-0.13166288978016785,14,297
D7A,0.08499999999999996,0.0,2.0,-0.12069754522985303,14,297
D7A,0.08499999999999996,0.0,5.0,-0.1040646477796041,14,297
D7A,0.07999999999999996,0.0,0.0,-0.14581663679675833,14,297
D7A,0.07999999999999996,0.0,1.0,-0.13166288978016785,14,297
D7A,0.07999999999999996,0.0,2.0,-0.12069754522985303,14,297
D7A,0.07999999999999996,0.0,5.0,-0.1040646477796041,14,297
D7A,0.07499999999999996,0.0,0.0,-0.14581663679675833,14,297
D7A,0.07499999999999996,0.0,1.0,-0.13166288978016785,14,297
D7A,0.07499999999999996,0.0,2.0,-0.12069754522985303,14,297
D7A,0.07499999999999996,0.0,5.0,-0.1040646477796041,14,297
D7A,0.06999999999999995,0.0,0.0,-0.14581663679675833,14,297
D7A,0.06999999999999995,0.0,1.0,-0.13166288978016785,14,297
D7A,0.06999999999999995,0.0,2.0,-0.12069754522985303,14,297
D7A,0.06999999999999995,0.0,5.0,-0.1040646477796041,14,297
D7A,0.06499999999999995,0.0,0.0,-0.14581663679675833,14,297
D7A,0.06499999999999995,0.0,1.0,-0.13166288978016785,14,297
D7A,0.06499999999999995,0.0,2.0,-0.12069754522985303,14,297
D7A,0.06499999999999995,0.0,5.0,-0.1040646477796041,14,297
D7A,0.05999999999999994,0.0,0.0,-0.14581663679675833,14,297
D7A,0.05999999999999994,0.0,1.0,-0.13166288978016785,14,297
D7A,0.05999999999999994,0.0,2.0,-0.12069754522985303,14,297
D7A,0.05999999999999994,0.0,5.0,-0.1040646477796041,14,297
D7A,0.05499999999999994,0.0,0.0,-0.14581663679675833,14,297
D7A,0.05499999999999994,0.0,1.0,-0.13166288978016785,14,297
D7A,0.05499999999999994,0.0,2.0,-0.12069754522985303,14,297
D7A,0.05499999999999994,0.0,5.0,-0.1040646477796041,14,297
D7A,0.04999999999999993,0.0,0.0,-0.14581663679675833,14,297
D7A,0.04999999999999993,0.0,1.0,-0.13166288978016785,14,297
D7A,0.04999999999999993,0.0,2.0,-0.12069754522985303,14,297
D7A,0.04999999999999993,0.0,5.0,-0.1040646477796041,14,297
D7A,0.04499999999999993,0.0,0.0,-0.14581663679675833,14,297
D7A,0.04499999999999993,0.0,1.0,-0.13166288978016785,14,297
D7A,0.04499999999999993,0.0,2.0,-0.12069754522985303,14,297
D7A,0.04499999999999993,0.0,5.0,-0.1040646477796041,14,297
D7A,0.040000000000000036,0.0,0.0,-0.14581663679675833,14,297
D7A,0.040000000000000036,0.0,1.0,-0.13166288978016785,14,297
D7A,0.040000000000000036,0.0,2.0,-0.12069754522985303,14,297
D7A,0.040000000000000036,0.0,5.0,-0.1040646477796041,14,297
D7A,0.03500000000000003,0.0,0.0,-0.14581663679675833,14,297
D7A,0.03500000000000003,0.0,1.0,-0.13166288978016785,14,297
D7A,0.03500000000000003,0.0,2.0,-0.12069754522985303,14,297
D7A,0.03500000000000003,0.0,5.0,-0.1040646477796041,14,297
D7A,0.030000000000000027,0.0,0.0,-0.14581663679675833,14,297
D7A,0.030000000000000027,0.0,1.0,-0.13166288978016785,14,297
D7A,0.030000000000000027,0.0,2.0,-0.12069754522985303,14,297
D7A,0.030000000000000027,0.0,5.0,-0.1040646477796041,14,297
D7A,0.025000000000000022,0.0,0.0,-0.14581663679675833,14,297
D7A,0.025000000000000022,0.0,1.0,-0.13166288978016785,14,297
D7A,0.025000000000000022,0.0,2.0,-0.12069754522985303,14,297
D7A,0.025000000000000022,0.0,5.0,-0.1040646477796041,14,297
D7A,0.020000000000000018,0.0,0.0,-0.14581663679675833,14,297
D7A,0.020000000000000018,0.0,1.0,-0.13166288978016785,14,297
D7A,0.020000000000000018,0.0,2.0,-0.12069754522985303,14,297
D7A,0.020000000000000018,0.0,5.0,-0.1040646477796041,14,297
D7A,0.015000000000000013,0.0,0.0,-0.14581663679675833,14,297
D7A,0.015000000000000013,0.0,1.0,-0.13166288978016785,14,297
D7A,0.015000000000000013,0.0,2.0,-0.12069754522985303,14,297
D7A,0.015000000000000013,0.0,5.0,-0.1040646477796041,14,297
D7A,0.010000000000000009,0.0,0.0,-0.14581663679675833,14,297
D7A,0.010000000000000009,0.0,1.0,-0.13166288978016785,14,297
D7A,0.010000000000000009,0.0,2.0,-0.12069754522985303,14,297
D7A,0.010000000000000009,0.0,5.0,-0.1040646477796041,14,297
D7A,0.0050000000000000044,0.0,0.0,-0.14581663679675833,14,297
D7A,0.0050000000000000044,0.0,1.0,-0.13166288978016785,14,297
D7A,0.0050000000000000044,0.0,2.0,-0.12069754522985303,14,297
D7A,0.0050000000000000044,0.0,5.0,-0.1040646477796041,14,297
D7A,0.0,0.0,0.0,-0.14581663679675833,14,297
D7A,0.0,0.0,1.0,-0.13166288978016785,14,297
D7A,0.0,0.0,2.0,-0.12069754522985303,14,297
D7A,0.0,0.0,5.0,-0.1040646477796041,14,297
