clonotype,similarity_baseline,similarity_filtered,n_baseline,n_filtered,similarity_change
AV8-1-CATDGASSSFSKLVF-AJ50_BV1-CTCSADGVEQYF-BJ2-7,0.940001192399052,0.940001192399052,10,10,0.0
AV14-2-CAASADTGNYKYVF-AJ40_BV13-3-CASSDMGGQNTLYF-BJ2-4,0.7955668669752606,0.7955668669752606,9,9,0.0
AV13-1-CALVTGYQNFYF-AJ49_BV5-CASSQDRSQNTLYF-BJ2-4,0.860685503447262,0.860685503447262,11,11,0.0
AV14D-3/DV8-CAASEDNYAQGLTF-AJ26_BV31-CAWRDNTEVFF-BJ1-1,0.9733313361241883,0.9733313361241883,8,8,0.0
AV13-2-CAIDTNTGKLTF-AJ27_BV31-CAWSLGYAEQFF-BJ2-1,0.9514909515577065,0.9514909515577065,5,5,0.0
AV13-3-CAMERSNNRIFF-AJ31_BV2-CASSQDRRGDTQYF-BJ2-5,0.5301655878592191,0.5301655878592191,6,6,0.0
AV9-4-CAVSAAEGADRLTF-AJ45_BV16-CASSWGQDTQYF-BJ2-5,0.8307425770851815,0.8307425770851815,17,17,0.0
AV13N-1-CAMELNSGTYQRF-AJ13_BV17-CASSPGQGFQDTQYF-BJ2-5,0.6910414197141539,0.6910414197141539,14,14,0.0
AV14-2-CAADNNNAPRF-AJ43_BV12-1-CASSRGQANTGQLYF-BJ2-2,0.6649888724091525,0.7200101498608125,7,6,0.05502127745165997
AV13-4/DV7-CAMAGDYANKMIF-AJ47_BV14-CASSFRTEVFF-BJ1-1,0.9251312129436751,0.923816887915986,52,51,-0.0013143250276890228
AV14-2-CAARDQGGSAKLIF-AJ57_BV5-CASSQQGRANTGQLYF-BJ2-2,0.989231747096628,0.9958184591126693,38,36,0.0065867120160413295
AV8N-2-CATDSRGGRALIF-AJ15_BV3-CASSAGLGAEQYF-BJ2-7,0.680130882760351,0.680130882760351,17,17,0.0
AV7-5-CAVRQQGTGSKLSF-AJ58_BV31-CAWSLDRNSPLYF-BJ1-6,0.3676957738143404,0.3676957738143404,5,5,0.0
AV13-2-CAIDTNTGKLTF-AJ27_BV13-3-CASSDANSDYTF-BJ1-2,0.7568840568180839,0.7568840568180839,12,12,0.0
AV16N-CAMRDDTNAYKVIF-AJ30_BV1-CTCSRDRGREQYF-BJ2-7,0.9516894740829785,0.9516894740829785,5,5,0.0
AV13D-1-CAMERSNNRIFF-AJ31_BV2-CASSQDRRGDTQYF-BJ2-5,0.6777975982300195,0.6777975982300195,8,8,0.0
AV16/DV11-CAMRASGGNYKPTF-AJ6_BV1-CTCSADRGVYAEQFF-BJ2-1,0.4220715001083606,0.4029217505066699,47,44,-0.01914974960169069
AV14D-1-CAASADYNQGKLIF-AJ23_BV3-CASSFNQDTQYF-BJ2-5,0.9995309069084863,0.9995309069084863,6,6,0.0
AV13-2-CAIDPNTGKLTF-AJ27_BV13-2-CASGDAGGEVFF-BJ1-1,0.836016807845354,0.836016807845354,15,15,0.0
AV12-2-CALRPNYGNEKITF-AJ48_BV4-CASSYGSSYNSPLYF-BJ1-6,0.256174097827535,0.256174097827535,5,5,0.0
AV12-1-CALNNNNAPRF-AJ43_BV13-1-CASSPGLGENTLYF-BJ2-4,0.8476024413551513,0.8476024413551513,9,9,0.0
AV9-4-CAVSGDYANKMIF-AJ47_BV3-CASSLGTGYEQYF-BJ2-7,0.9785613576689657,0.9785613576689657,27,27,0.0
AV16/DV11-CAMRADSNYQLIW-AJ33_BV3-CASSRGQISNERLFF-BJ1-4,0.9615852511447766,0.9615852511447766,27,27,0.0
AV19-CAAGNTGYQNFYF-AJ49_BV14-CASSRLGGLQNTLYF-BJ2-4,0.9716800379181617,0.9716800379181617,14,14,0.0
AV1-CAVRDRTGNTGKLIF-AJ37_BV13-2-CASGDQGNSGNTLYF-BJ1-3,0.9016995426602133,0.8971079943266818,18,17,-0.004591548333531592
AV8N-2-CATDGQGGRALIF-AJ15_BV13-1-CASSETGVSSYEQYF-BJ2-7,0.590196082832908,0.5689162168589785,34,29,-0.0212798659739295
AV16/DV11-CAMREDSNYQLIW-AJ33_BV3-CASSTGQISNERLFF-BJ1-4,0.9937577497933331,0.9937577497933331,5,5,0.0
AV19-CAAGPMATGGNNKLTF-AJ56_BV12-2-CASSWGGYAEQFF-BJ2-1,0.9954750144558709,0.9954750144558709,10,10,0.0
AV9-2-CVLSSTSGGNYKPTF-AJ6_BV1-CTCSAVRVDTEVFF-BJ1-1,0.9841800890973105,0.9841800890973105,8,8,0.0
AV13-2-CAIDDNTGKLTF-AJ27_BV12-1-CASSQGNTLYF-BJ2-4,0.8083032048284123,0.8083032048284123,31,31,0.0
AV6D-7-CALGDHMGYKLTF-AJ9_BV26-CASSLGGYAEQFF-BJ2-1,0.79928340707643,0.79928340707643,6,6,0.0
AV7D-5-CAVSMTNSAGNKLTF-AJ17_BV3-CASSLSTGNSDYTF-BJ1-2,0.8620714786088137,0.8543722071191112,30,28,-0.007699271489702508
AV16-CAMREGGAGNTGKLIF-AJ37_BV13-2-CASGDNYEQYF-BJ2-7,0.8941788372887699,0.8941788372887699,15,15,0.0
AV12-2-CALSLSSGSWQLIF-AJ22_BV13-1-CASSDQGTEVFF-BJ1-1,0.5248199799503014,0.5248199799503014,12,12,0.0
AV5-1-CSASSGTGGYKVVF-AJ12_BV13-1-CASSETGVSSYEQYF-BJ2-7,0.5923055808239941,0.5943790582594736,60,58,0.002073477435479476
AV10N-CAASRASGSWQLIF-AJ22_BV16-CASSLTGEGNTLYF-BJ1-3,0.47574811329721955,0.47574811329721955,7,7,0.0
AV5-4-CAASNTNTGKLTF-AJ27_BV13-2-CASGRDRAQNTLYF-BJ2-4,0.9846279922326124,0.9818592359366302,9,7,-0.0027687562959822776
AV7-2-CAASITGNTGKLIF-AJ37_BV26-CASSLGLNYAEQFF-BJ2-1,0.8418047944687655,0.8418047944687655,6,6,0.0
AV6D-7-CALGDGSGGKLTL-AJ44_BV13-3-CASSDVRTSQNTLYF-BJ2-4,0.9890093010241147,0.9887104161999606,34,33,-0.0002988848241540776
AV13D-2-CAIDRSSGSWQLIF-AJ22_BV4-CASSYIEVFF-BJ1-1,0.9563262743198757,0.9563262743198757,28,28,0.0
AV10-CAASPNSNNRIFF-AJ31_BV13-3-CASSDRYEQYF-BJ2-7,0.9847557679825953,0.9847557679825953,5,5,0.0
AV8N-2-CATDSAGNKLTF-AJ17_BV13-2-CASGDLGFNQDTQYF-BJ2-5,0.8626048291340448,0.8626048291340448,10,10,0.0
AV13-2-CAIDPNTGKLTF-AJ27_BV13-3-CASSDSNQAPLF-BJ1-5,0.9978820966277737,0.9978820966277737,8,8,0.0
AV5-4-CAASVGGSAKLIF-AJ57_BV5-CASSHRDNNERLFF-BJ1-4,0.865191506062108,0.865191506062108,18,18,0.0
AV7-2-CAAPDTNAYKVIF-AJ30_BV4-CASSWTGRAEQFF-BJ2-1,0.9985678809758053,0.9985678809758053,19,19,0.0
AV13-2-CALEQTGFASALTF-AJ35_BV3-CASSLGGSQNTLYF-BJ2-4,0.9642560804730442,0.9642560804730442,7,7,0.0
AV16/DV11-CAMRGDSNYQLIW-AJ33_BV3-CASSTGQISNERLFF-BJ1-4,0.9723330802900194,0.972026507102304,80,79,-0.00030657318771543096
AV8-1-CATLYQGGRALIF-AJ15_BV3-CASSLTGVDTEVFF-BJ1-1,0.8122934411352555,0.8122934411352555,7,7,0.0
AV12D-3-CALINQGKLIF-AJ23_BV13-2-CASGDINYAEQFF-BJ2-1,0.7930774856892298,0.768979298592327,9,8,-0.0240981870969027
AV16-CAMRDSNTGYQNFYF-AJ49_BV13-2-CASGDGGKNTLYF-BJ2-4,0.9368093152854804,0.9368093152854804,10,10,0.0
AV16-CAMREANYGNEKITF-AJ48_BV31-CAWSLRDINERLFF-BJ1-4,0.971400349566206,0.971400349566206,10,10,0.0
AV14-2-CAATEGADRLTF-AJ45_BV1-CTCSAVRVTGQLYF-BJ2-2,0.9772573945096819,0.9772573945096819,6,6,0.0
AV13-2-CAIDTNTGKLTF-AJ27_BV20-CGASPSGNTLYF-BJ1-3,0.6983107733300205,0.6983107733300205,15,15,0.0
AV19-CAAGATGYQNFYF-AJ49_BV17-CASSRLGGPYAEQFF-BJ2-1,0.9356515544105353,0.9348711321810348,77,76,-0.000780422229500477
AV5-4-CAASGDYNQGKLIF-AJ23_BV3-CASSLGLGYEQYF-BJ2-7,0.9923862265268769,0.9923862265268769,29,29,0.0
AV5-4-CASSSFSKLVF-AJ50_BV13-2-CASGEGQVEQYF-BJ2-7,0.9168157290213536,0.9168157290213536,8,8,0.0
AV6N-6-CALSGANTGKLTF-AJ52_BV1-CTCSANRVDTLYF-BJ2-4,0.9520664209194558,0.9520664209194558,24,24,0.0
AV16-CAMREANTGYQNFYF-AJ49_BV13-2-CASGTGGENTLYF-BJ2-4,0.6912355073502117,0.6912355073502117,6,6,0.0
AV12-1-CALSDRPSGSWQLIF-AJ22_BV19-CASSPGLTQYF-BJ2-5,0.9735997330095034,0.9735997330095034,6,6,0.0
AV14D-1-CAAHLSSGSWQLIF-AJ22_BV1-CTCSASDWEQYF-BJ2-7,0.919826713302602,0.919826713302602,6,6,0.0
AV12-1-CALSDHGGSGGKLTL-AJ44_BV1-CTCSAVRISNERLFF-BJ1-4,0.9622511701035988,0.9622511701035988,10,10,0.0
AV7D-3-CAVTGNYKYVF-AJ40_BV13-1-CASSDAGGSNERLFF-BJ1-4,0.9090893646920933,0.9090893646920933,15,15,0.0
AV10D-CAASWDTNAYKVIF-AJ30_BV13-2-CASGEQTEVFF-BJ1-1,0.6476877572498257,0.6476877572498257,13,13,0.0
AV6D-7-CALGDASGSWQLIF-AJ22_BV13-1-CASSDGANYAEQFF-BJ2-1,0.9840921440308052,0.9840921440308052,5,5,0.0
AV14-3-CAATSSSFSKLVF-AJ50_BV13-2-CASGERLDAEQFF-BJ2-1,0.7402622144551217,0.7376217170002509,62,61,-0.002640497454870827
AV7D-3-CAVTGNYKYVF-AJ40_BV13-2-CASGDAQGSNERLFF-BJ1-4,0.9907975759773441,0.990955621673091,146,143,0.0001580456957469556
AV9N-4-CALSTDYNQGKLIF-AJ23_BV3-CASSLGVEQYF-BJ2-7,0.944118926608983,0.950040408647457,123,118,0.00592148203847398
AV7D-5-CAVSASNSAGNKLTF-AJ17_BV3-CASSLSTGNSDYTF-BJ1-2,0.7598425599316635,0.7598425599316635,18,18,0.0
AV8-1-CATDASSGSWQLIF-AJ22_BV13-2-CASGDEGTYNSPLYF-BJ1-6,0.9636645005101692,0.9619805621255543,20,19,-0.0016839383846148914
AV7-2-CAASDNYAQGLTF-AJ26_BV31-CAWSLGNYAEQFF-BJ2-1,0.9462858229843667,0.9462858229843667,10,10,0.0
AV16-CAMRETGGNNKLTF-AJ56_BV1-CTCSAVRVGNTLYF-BJ1-3,0.8578785499145569,0.8547451325618254,77,75,-0.003133417352731538
AV16N-CAMREANTGYQNFYF-AJ49_BV15-CASSLARGGRGDTQYF-BJ2-5,0.9731271072261258,0.9731271072261258,6,6,0.0
AV12D-3-CALSEGDSGTYQRF-AJ13_BV19-CASSIREGQNTLYF-BJ2-4,0.9981747592903715,0.9979086800545268,10,8,-0.00026607923584465176
AV16-CAMREGGAGNTGKLIF-AJ37_BV13-2-CASGELYEQYF-BJ2-7,0.9815874492500759,0.9815874492500759,9,9,0.0
AV12-2-CALSANTEGADRLTF-AJ45_BV1-CTCSAVRVSEVFF-BJ1-1,0.8624530963355584,0.8624530963355584,49,49,0.0
AV11-CVVGANNYAQGLTF-AJ26_BV13-2-CASGDVGGNSPLYF-BJ1-6,0.9968652912127014,0.9968652912127014,5,5,0.0
AV16-CAMREDMGYKLTF-AJ9_BV13-1-CASSADRGQNTLYF-BJ2-4,0.8926988553743215,0.8926988553743215,34,34,0.0
AV16/DV11-CAMREGGAGNTGKLIF-AJ37_BV13-2-CASGDYYEQYF-BJ2-7,0.9874035455726174,0.9874035455726174,5,5,0.0
AV5-4-CAASGDTGANTGKLTF-AJ52_BV1-CTCSAATDTEVFF-BJ1-1,0.6399807571738375,0.6564209590344027,40,38,0.016440201860565162
AV9-2-CVLSLNYGSSGNKLIF-AJ32_BV3-CASSPGYYAEQFF-BJ2-1,0.9987905641083693,0.9987905641083693,9,9,0.0
AV6-6-CALGENTNTGKLTF-AJ27_BV2-CASSQDRRGDTQYF-BJ2-5,0.4372090285180346,0.4372090285180346,5,5,0.0
AV10-CAASTDYANKMIF-AJ47_BV3-CASSLAHSYEQYF-BJ2-7,0.9922685173608436,0.9922685173608436,6,6,0.0
AV14D-1-CAASSGSWQLIF-AJ22_BV17-CASRSRDIYNSPLYF-BJ1-6,0.9564997565166805,0.9559117094169205,63,62,-0.000588047099760014
AV6-6-CALGNQGGSAKLIF-AJ57_BV12-2-CASSPDWGEDTQYF-BJ2-5,0.5537115728834623,0.5537115728834623,7,7,0.0
AV16N-CAMREADSNYQLIW-AJ33_BV13-2-CASGRVDSPLYF-BJ1-6,0.9998812214747407,0.9998812214747407,5,5,0.0
AV16-CAMRESGANTGKLTF-AJ52_BV1-CTCSAVREDTQYF-BJ2-5,0.5959673840046502,0.5959673840046502,5,5,0.0
AV3D-3-CAVTSSSGSWQLIF-AJ22_BV5-CASSPDRGDERLFF-BJ1-4,0.4235768090183904,0.4165865047999597,12,11,-0.006990304218430721
AV3D-3-CAVRGGSGGKLTL-AJ44_BV13-3-CASSGGPTGQLYF-BJ2-2,0.39887897067207323,0.39887897067207323,10,10,0.0
AV16-CAMRDSNTGYQNFYF-AJ49_BV13-2-CASGAGGQNTLYF-BJ2-4,0.7662991047487345,0.7677749531994337,101,100,0.0014758484506991465
AV5-1-CSASSDYNQGKLIF-AJ23_BV3-CASSPSGGADTQYF-BJ2-5,0.9934602437191724,0.9934602437191724,16,16,0.0
AV14D-3/DV8-CAASEGSALGRLHF-AJ18_BV12-2-CASSLDSNQDTQYF-BJ2-5,0.8077486495081305,0.8077486495081305,6,6,0.0
AV13N-4-CAMEPSSSFSKLVF-AJ50_BV31-CAWSLGGAEQFF-BJ2-1,0.6068836303452468,0.6068836303452468,5,5,0.0
AV7-5-CAVLTNSAGNKLTF-AJ17_BV29-CASSWGQGLDTQYF-BJ2-5,0.8824498782352285,0.8824498782352285,7,7,0.0
AV7-2-CAARGSNAKLTF-AJ42_BV17-CASSNWGAEQFF-BJ2-1,0.8340317726700516,0.8340317726700516,49,49,0.0
AV13-2-CAIDPNTGKLTF-AJ27_BV13-3-CASSETGPEVFF-BJ1-1,0.981447002673022,0.981447002673022,5,5,0.0
AV16N-CAMREGSSGSWQLIF-AJ22_BV13-2-CASGVQGSAETLYF-BJ2-3,0.9401647844993608,0.9401647844993608,5,5,0.0
AV13N-3-CASNNRIFF-AJ31_BV1-CTCSADRVQGTQYF-BJ2-5,0.9807981667261175,0.9807981667261175,8,8,0.0
AV14D-3/DV8-CAASAFDTNAYKVIF-AJ30_BV13-2-CASGDWGGQDTQYF-BJ2-5,0.9746440732131944,0.9734438827495817,41,39,-0.0012001904636126381
AV16-CAMREDTGYQNFYF-AJ49_BV13-1-CASSDPGDGVFF-BJ1-1,0.7825046366639499,0.7924288490150888,12,11,0.009924212351138939
AV16/DV11-CAMREGNMGYKLTF-AJ9_BV31-CAWLGGLAETLYF-BJ2-3,0.9150891082844221,0.9142463507522851,94,93,-0.0008427575321370284
AV19-CAAGITGYQNFYF-AJ49_BV17-CASSRLGSSYEQYF-BJ2-7,0.8394382199871202,0.8394382199871202,14,14,0.0
AV9-2-CVLSDDTNAYKVIF-AJ30_BV31-CAWTDWGDQNTLYF-BJ2-4,0.7650359946045364,0.7650359946045364,15,15,0.0
AV6-7/DV9-CALSEDTGYQNFYF-AJ49_BV17-CASSRDRGYTLYF-BJ2-4,0.8916035382602882,0.8894986560998602,7,6,-0.0021048821604279233
AV7D-3-CAVSMVDSGTYQRF-AJ13_BV1-CTCSAVRVDTEVFF-BJ1-1,0.9401247337171006,0.9382498481721829,80,77,-0.0018748855449176594
AV14-2-CAASNSAGNKLTF-AJ17_BV3-CASSLGTGYEQYF-BJ2-7,0.9323697170225022,0.9257628661519868,39,35,-0.0066068508705153794
AV13-2-CAIDDNAGAKLTF-AJ39_BV14-CASSLRDEQYF-BJ2-7,0.8758402444900633,0.8763106685692915,31,30,0.0004704240792282599
AV10N-CAASLDSNYQLIW-AJ33_BV19-CASSSSGTTNQAPLF-BJ1-5,0.9327520038409066,0.9327520038409066,11,11,0.0
AV12-2-CAFLPGTGSNRLTF-AJ28_BV13-2-CASGGVAEQFF-BJ2-1,0.9897853015623014,0.9883897529950063,8,7,-0.0013955485672950685
AV7-5-CAEISSNTNKVVF-AJ34_BV1-CTCSALRFSGNTLYF-BJ1-3,0.9500513551095293,0.9500513551095293,20,20,0.0
AV16/DV11-CAMREGTNTGKLTF-AJ27_BV1-CTCSGDRFYEQYF-BJ2-7,0.3633296310124118,0.3633296310124118,6,6,0.0
AV8-1-CATDRAEGADRLTF-AJ45_BV3-CASSLDWGASAETLYF-BJ2-3,0.46686887475424227,0.3844660555660001,6,5,-0.08240281918824216
AV9-4-CAVSADYANKMIF-AJ47_BV31-CAWSLAQGYEQYF-BJ2-7,0.47314234398976496,0.4572983253367695,10,9,-0.01584401865299545
AV16/DV11-CAMREDNYAQGLTF-AJ26_BV5-CASSQAGGANERLFF-BJ1-4,0.8367650069257305,0.8367650069257305,6,6,0.0
AV7D-3-CAVTGNYKYVF-AJ40_BV17-CASSPGQGYTGQLYF-BJ2-2,0.46294972828401754,0.46294972828401754,8,8,0.0
AV16N-CAMREDSNYQLIW-AJ33_BV3-CASSAGQISNERLFF-BJ1-4,0.8821420658226944,0.8770126110278635,20,19,-0.0051294547948308455
AV16/DV11-CAMREGDSNYQLIW-AJ33_BV13-2-CASGDRANSDYTF-BJ1-2,0.7906343948105407,0.7906343948105407,8,8,0.0
AV14D-1-CAARGNYNQGKLIF-AJ23_BV1-CTCSAVGFAETLYF-BJ2-3,0.9093684998753908,0.9093684998753908,32,32,0.0
AV17-CALGNNAGAKLTF-AJ39_BV17-CASSRQGAREQYF-BJ2-7,0.9890695519325856,0.9890695519325856,13,13,0.0
AV19-CAAGSNYQLIW-AJ33_BV1-CTCSADWVSNERLFF-BJ1-4,0.45721973117663806,0.45721973117663806,5,5,0.0
AV4-4/DV10-CAAEANTGYQNFYF-AJ49_BV16-CASSWDRGNTQYF-BJ2-5,0.5412164165725243,0.5412164165725243,14,14,0.0
AV16/DV11-CAMREGTNAYKVIF-AJ30_BV13-2-CASGDAWGQAGNTLYF-BJ1-3,0.9986172963262654,0.9986172963262654,5,5,0.0
AV7-6-CAVYAQGLTF-AJ26_BV1-CTCSVDRFSYNSPLYF-BJ1-6,0.8306540091295266,0.8306540091295266,37,37,0.0
AV16N-CAMREGDSNYQLIW-AJ33_BV13-2-CASGDRANSDYTF-BJ1-2,0.8468244285155766,0.8988619228465728,9,8,0.05203749433099625
AV14D-1-CAASEGSNTNKVVF-AJ34_BV1-CTCSVLGGEDTQYF-BJ2-5,0.9892831989900301,0.9892831989900301,5,5,0.0
AV13-1-CASPMDSNYQLIW-AJ33_BV31-CAWSLGQDTQYF-BJ2-5,0.9804711066912031,0.9804711066912031,24,24,0.0
AV16N-CAMREVSNYNVLYF-AJ21_BV13-2-CASGDQGNSGNTLYF-BJ1-3,0.9957966027971626,0.9957966027971626,8,8,0.0
AV9-2-CVLSANTGYQNFYF-AJ49_BV1-CTCSVDRISYEQYF-BJ2-7,0.3986872921235199,0.3986872921235199,6,6,0.0
AV7-5-CAVSMDYANKMIF-AJ47_BV3-CASSLAAVYEQYF-BJ2-7,0.9630471511703925,0.9620816300614128,160,155,-0.0009655211089797389
AV16N-CAMREDSNYQLIW-AJ33_BV3-CASSLRQISNERLFF-BJ1-4,0.9473470105227975,0.9441376934904556,17,16,-0.0032093170323418407
AV17-CALGNNAGAKLTF-AJ39_BV13-1-CASSILGGSYEQYF-BJ2-7,0.9588865949267603,0.9588865949267603,18,18,0.0
AV9-4-CAVSMDYANKMIF-AJ47_BV3-CASSSGPNYEQYF-BJ2-7,0.9809976773942044,0.9807518695691223,240,236,-0.00024580782508210053
AV16/DV11-CAMREDSNYQLIW-AJ33_BV3-CASSWGQISNERLFF-BJ1-4,0.9965201576529827,0.9965201576529827,6,6,0.0
AV16N-CAMREDSNYQLIW-AJ33_BV13-2-CASGGTGGAREQYF-BJ2-7,0.9920150837729977,0.9920150837729977,13,13,0.0
AV13-2-CAIGSALGRLHF-AJ18_BV2-CASSQDRGWEQYF-BJ2-7,0.3985431763788128,0.3985431763788128,5,5,0.0
AV7-3-CAGTGNYKYVF-AJ40_BV13-1-CASSDAQGSNERLFF-BJ1-4,0.9985997569501928,0.9985997569501928,8,8,0.0
AV16N-CAMRDTNAYKVIF-AJ30_BV13-2-CASGGANTEVFF-BJ1-1,0.9301913609804204,0.9301913609804204,74,74,0.0
AV16-CAMREDSNYQLIW-AJ33_BV3-CASSPGQISNERLFF-BJ1-4,0.8557991275116303,0.8557991275116303,12,12,0.0
AV5-1-CSASTDYANKMIF-AJ47_BV3-CASSLSGGNTQYF-BJ2-5,0.9688644656328261,0.9688644656328261,5,5,0.0
AV16N-CAMREGGSNNRIFF-AJ31_BV13-2-CASGEGPANSDYTF-BJ1-2,0.9238537042987942,0.9215595169742801,54,52,-0.002294187324514141
AV13-4/DV7-CAMERGGSNAKLTF-AJ42_BV13-2-CASGEGQGKNTLYF-BJ2-4,0.9319768957352351,0.9319768957352351,9,9,0.0
AV6D-7-CALGLDSNYQLIW-AJ33_BV13-1-CASSGGVYAEQFF-BJ2-1,0.797295634760381,0.797295634760381,13,13,0.0
AV9D-4-CALSTDYNQGKLIF-AJ23_BV3-CASSLGVEQYF-BJ2-7,0.9969725751362345,0.9969725751362345,5,5,0.0
AV14-3-CAASAGGNNKLTF-AJ56_BV13-2-CASGDAGYEQYF-BJ2-7,0.38419905399272547,0.38419905399272547,7,7,0.0
AV19-CAAGNQGGSAKLIF-AJ57_BV1-CTCSASGGTLYF-BJ2-4,0.4898806899172042,0.4800995005682181,21,20,-0.009781189348986086
AV8D-2-CATDNYAQGLTF-AJ26_BV3-CASSLAREYEQYF-BJ2-7,0.9582449175668976,0.9582449175668976,11,11,0.0
AV13-2-CAIDDNMGYKLTF-AJ9_BV26-CASSLRGEQYF-BJ2-7,0.9645653817096879,0.9787346063208388,8,7,0.014169224611150888
AV5-4-CAAMSNYNVLYF-AJ21_BV2-CASSQERWPETLYF-BJ2-3,0.44787634226944695,0.4253621661250354,15,14,-0.022514176144411535
AV9-4-CAVIDTEGADRLTF-AJ45_BV1-CTCSAVRVQNTLYF-BJ2-4,0.6285909315237402,0.6285909315237402,17,17,0.0
AV13-2-CAMDNNAGAKLTF-AJ39_BV13-3-CASSERTEVFF-BJ1-1,0.9964811204755855,0.9964811204755855,43,43,0.0
AV5-1-CSASMDYAQGLTF-AJ26_BV13-1-CASSDRGQYEQYF-BJ2-7,0.8476329015973256,0.8476329015973256,5,5,0.0
AV12-2-CATANYGNEKITF-AJ48_BV23-CSSSQWQGASDYTF-BJ1-2,0.47075378946588675,0.6083371468595723,6,5,0.13758335739368555
AV7-5-CAVSMKGGRALIF-AJ15_BV3-CASSPDWTSAETLYF-BJ2-3,0.9000438807779856,0.9000438807779856,16,16,0.0
AV6D-7-CALNTEGADRLTF-AJ45_BV3-CASSLGTGWYEQYF-BJ2-7,0.9910611872166376,0.9910611872166376,5,5,0.0
AV6D-7-CALGDRTGYQNFYF-AJ49_BV13-1-CASSPGFSNERLFF-BJ1-4,0.9986093091247674,0.9986093091247674,7,7,0.0
AV14-2-CAARGSALGRLHF-AJ18_BV12-2-CASSQDSSQNTLYF-BJ2-4,0.7671908853438003,0.7671908853438003,15,15,0.0
AV6N-6-CALRNSNNRIFF-AJ31_BV12-1-CASSRTGDSYEQYF-BJ2-7,0.9873463857878789,0.9873463857878789,13,13,0.0
AV13-1-CALLNTGKLTF-AJ27_BV29-CASSWDRVYEQYF-BJ2-7,0.8302927385139585,0.8302927385139585,15,15,0.0
AV3D-3-CAVSAGSNTNKVVF-AJ34_BV31-CAWSPWTGTEVFF-BJ1-1,0.9313933812585051,0.9313933812585051,19,19,0.0
AV16/DV11-CAMREDSNYQLIW-AJ33_BV3-CASSPGQISNERLFF-BJ1-4,0.8316468344037059,0.8316468344037059,12,12,0.0
AV6D-7-CALGDNNNAPRF-AJ43_BV31-CAWSLGNYAEQFF-BJ2-1,0.9870652166084251,0.9870652166084251,9,9,0.0
AV13D-3-CATNSAGNKLTF-AJ17_BV13-1-CASSDQGTEVFF-BJ1-1,0.6746509668030107,0.6746509668030107,7,7,0.0
AV3-3-CAVSAPEGADRLTF-AJ45_BV13-2-CASGDARDNQAPLF-BJ1-5,0.9967666873818672,0.9967666873818672,11,11,0.0
AV13-1-CALERPEGADRLTF-AJ45_BV16-CASRGLGGKYF-BJ2-7,0.7913104384862192,0.7913104384862192,6,6,0.0
AV8D-2-CATDTGKLTF-AJ27_BV3-CASSLDSNERLFF-BJ1-4,0.9198653515336636,0.9198653515336636,8,8,0.0
AV14D-3/DV8-CAATGNTGKLIF-AJ37_BV19-CASSIVRVSYEQYF-BJ2-7,0.9148831012248393,0.9148831012248393,7,7,0.0
AV5-4-CAASSNSGGSNAKLTF-AJ42_BV3-CASSLGQISNERLFF-BJ1-4,0.9873844413303995,0.9873844413303995,14,14,0.0
AV14D-1-CAASADNYAQGLTF-AJ26_BV1-CTCSAVGGGQDTQYF-BJ2-5,0.4596337389894358,0.4596337389894358,6,6,0.0
AV16N-CAMREANTGYQNFYF-AJ49_BV13-2-CASGDGAQNTLYF-BJ2-4,0.9854778474553354,0.9854778474553354,13,13,0.0
AV13-1-CALEQTGFASALTF-AJ35_BV3-CASSLGGSQNTLYF-BJ2-4,0.9445960940968032,0.9445960940968032,5,5,0.0
AV14-2-CAASPSGSWQLIF-AJ22_BV13-1-CASSGGSDYTF-BJ1-2,0.9920279758808547,0.9920279758808547,6,6,0.0
AV8D-2-CATDAEGGRALIF-AJ15_BV13-3-CASSGGPTGQLYF-BJ2-2,0.45113909659593265,0.44643462916342225,47,44,-0.004704467432510406
AV8D-2-CATMSNYNVLYF-AJ21_BV3-CASSLGQEYEQYF-BJ2-7,0.9361010945350731,0.9361010945350731,13,13,0.0
AV13N-1-CAMERSNNRIFF-AJ31_BV2-CASSQDRRGDTQYF-BJ2-5,0.5892850586663017,0.590280776836325,146,142,0.0009957181700233075
AV16N-CAMRDTNAYKVIF-AJ30_BV13-2-CASGGANERLFF-BJ1-4,0.8446625003823324,0.8446625003823324,18,18,0.0
AV10-CASNYGSSGNKLIF-AJ32_BV13-3-CASSDRDTQYF-BJ2-5,0.9922021420856777,0.9922021420856777,9,9,0.0
AV7-5-CAVPGYQNFYF-AJ49_BV1-CTCSAGQGNTGQLYF-BJ2-2,0.9886831756616473,0.9886831756616473,6,6,0.0
AV7-3-CAVSDNTGKLTF-AJ27_BV1-CTCSAVRISNERLFF-BJ1-4,0.8333366226360558,0.8237835437973404,31,29,-0.009553078838715368
AV16N-CAMREEGNYQLIW-AJ33_BV13-2-CASGDQGNSGNTLYF-BJ1-3,0.9949396536007407,0.9948130004250614,114,111,-0.00012665317567928103
AV16N-CAMRDPGTQVVGQLTF-AJ5_BV13-1-CASMGANTEVFF-BJ1-1,0.9990511486983283,0.9990511486983283,18,18,0.0
AV19-CAAGFGGNNKLTF-AJ56_BV1-CTCSAAGGEQYF-BJ2-7,0.8108569821344125,0.7999640539265693,16,15,-0.010892928207843156
AV12D-2-CALSDNYAQGLTF-AJ26_BV14-CASSGDRVSETLYF-BJ2-3,0.9965693138684899,0.9965475469009881,31,30,-2.1766967501779533e-05
AV3-3-CAVSASNNAGAKLTF-AJ39_BV5-CASSPDRGDERLFF-BJ1-4,0.45478155134917375,0.46080738047675507,60,59,0.006025829127581317
AV14-2-CAASLDNYAQGLTF-AJ26_BV13-1-CASSGRTTNTEVFF-BJ1-1,0.9540081979410271,0.9540081979410271,16,16,0.0
AV9-2-CVLSANNNNAPRF-AJ43_BV5-CASSQVWGAEQYF-BJ2-7,0.9779402379740686,0.9779402379740686,5,5,0.0
AV12D-3-CALIASSGSWQLIF-AJ22_BV13-2-CASGDAGNQAPLF-BJ1-5,0.912330665450393,0.912330665450393,5,5,0.0
AV19-CAAGNQGGSAKLIF-AJ57_BV19-CASSYSGAEQFF-BJ2-1,0.8334981106132527,0.8198539797981039,12,11,-0.013644130815148814
AV16-CAMREGQGGSAKLIF-AJ57_BV1-CTCSADRFYEQYF-BJ2-7,0.4521213455323787,0.4521213455323787,14,14,0.0
AV8D-2-CATDQQGGRALIF-AJ15_BV19-CASSIGTNERLFF-BJ1-4,0.4640108618783514,0.4640108618783514,5,5,0.0
AV19-CAAGATGYQNFYF-AJ49_BV17-CASSDRGEQYF-BJ2-7,0.9375112848040915,0.9592604373858296,6,5,0.02174915258173804
AV19-CAAGAAGYQNFYF-AJ49_BV17-CASSRLGGLAEQFF-BJ2-1,0.9938852750387726,0.9938852750387726,24,24,0.0
AV13D-2-CAIDLDNNRIFF-AJ31_BV5-CASSQDWGNYAEQFF-BJ2-1,0.8791889071761319,0.8791889071761319,9,9,0.0
AV16-CAMRKEGADRLTF-AJ45_BV13-1-CASSDNYEQYF-BJ2-7,0.9990465700581941,0.9990465700581941,6,6,0.0
AV5-4-CAASVGGSAKLIF-AJ57_BV13-3-CASSDRDTEVFF-BJ1-1,0.9050610414468903,0.9050610414468903,10,10,0.0
AV5-4-CAALDSNYQLIW-AJ33_BV1-CTCSADRGWSPLYF-BJ1-6,0.995782397198689,0.9956451861953766,27,26,-0.00013721100331243186
AV9-4-CAVSMDYANKMIF-AJ47_BV3-CASSLGTGYEQYF-BJ2-7,0.9608626302807839,0.9608626302807839,18,18,0.0
AV6D-7-CALGDPQGGRALIF-AJ15_BV13-1-CASSDGVHYAEQFF-BJ2-1,0.9951710494691984,0.9951710494691984,21,21,0.0
AV13-1-CALELMDYANKMIF-AJ47_BV13-2-CASGDYWGGAEQFF-BJ2-1,0.6576299663960735,0.6576299663960735,8,8,0.0
AV6-7/DV9-CALSDHAGYQNFYF-AJ49_BV13-2-CASGARTGENYAEQFF-BJ2-1,0.5212528315080313,0.5212528315080313,5,5,0.0
AV3-4-CAVSAGNNKLTF-AJ56_BV13-2-CASGDAQGQNTLYF-BJ2-4,0.7822886776098216,0.7822886776098216,5,5,0.0
AV7-2-CAAASSGSWQLIF-AJ22_BV13-1-CASSDAGYEQYF-BJ2-7,0.9917897880633695,0.9917897880633695,7,7,0.0
AV5-1-CSASIGSGSWQLIF-AJ22_BV13-1-CASTGGVEQYF-BJ2-7,0.9848368539453314,0.9848368539453314,10,10,0.0
AV13D-2-CAIDTNAYKVIF-AJ30_BV3-CASSLDWSSYEQYF-BJ2-7,0.9302215229760098,0.9277624879778452,23,22,-0.0024590349981645776
AV6-6-CALGEGGNYKYVF-AJ40_BV16-CASSLGGYEQYF-BJ2-7,0.7585728051251245,0.7585728051251245,5,5,0.0
AV3-3-CAVSANTGYQNFYF-AJ49_BV5-CASSPGGRYAEQFF-BJ2-1,0.7932219620374544,0.7932219620374544,5,5,0.0
AV7-2-CAASNMGYKLTF-AJ9_BV20-CGARLGGDTQYF-BJ2-5,0.7990801761683809,0.7990801761683809,7,7,0.0
AV12D-2-CALSNYGSSGNKLIF-AJ32_BV13-2-CASGDAQGSNERLFF-BJ1-4,0.9473585349968008,0.9473585349968008,10,10,0.0
AV16N-CAMREGDTEGADRLTF-AJ45_BV13-1-CASSVTRVGNTLYF-BJ1-3,0.7443943055204192,0.7443943055204192,5,5,0.0
AV16-CAMREDSNYQLIW-AJ33_BV3-CASSSGQISNERLFF-BJ1-4,0.9658109911489663,0.96455085712906,25,24,-0.0012601340199063227
AV3D-3-CAVSGGNYKYVF-AJ40_BV13-2-CASGDAGGATEQFF-BJ2-1,0.9745395956060998,0.9745395956060998,6,6,0.0
AV5D-4-CAASGSNYNVLYF-AJ21_BV31-CAWGDSSGNTLYF-BJ1-3,0.8531119349797419,0.8531119349797419,15,15,0.0
AV14D-1-CAATGANTGKLTF-AJ52_BV1-CTCSAAWGAEQYF-BJ2-7,0.5120821431145143,0.4983825370889113,21,20,-0.013699606025602995
AV6D-7-CALGDDSGYNKLTF-AJ11_BV3-CASSLGQISYEQYF-BJ2-7,0.9685656773178241,0.9723874504390093,43,41,0.003821773121185257
AV9-2-CVLNTGYQNFYF-AJ49_BV13-1-CASSVAGREQYF-BJ2-7,0.9483777652077222,0.9450925069091571,13,12,-0.0032852582985650747
AV21/DV12-CILRVAGANTGKLTF-AJ52_BV13-3-CASSARVEQYF-BJ2-7,0.8685405877613435,0.8685405877613435,12,12,0.0
AV6D-7-CALGLSSGSWQLIF-AJ22_BV13-3-CASSLRGPEVFF-BJ1-1,0.9997483825184533,0.9997483825184533,7,7,0.0
AV7-3-CAADSGYNKLTF-AJ11_BV13-2-CASGDSGQAPLF-BJ1-5,0.9753934158244202,0.9753934158244202,14,14,0.0
AV6-7/DV9-CALRRASSSFSKLVF-AJ50_BV14-CASRDVYAEQFF-BJ2-1,0.8345992259167034,0.8295274034939563,28,26,-0.005071822422747174
AV13-1-CALERSNNRIFF-AJ31_BV2-CASSQDRRGDTQYF-BJ2-5,0.6138240098048158,0.6110605619741712,68,67,-0.0027634478306445276
AV16-CAMREGASSSFSKLVF-AJ50_BV29-CASSLGGLYAEQFF-BJ2-1,0.7142014935122817,0.68224396304697,8,7,-0.03195753046531169
AV12-1-CALTSNYNVLYF-AJ21_BV26-CASSLGTYAEQFF-BJ2-1,0.4797549110457871,0.4797549110457871,13,13,0.0
AV19-CAAGNTGYQNFYF-AJ49_BV17-CASRDRGGETLYF-BJ2-3,0.554436924193354,0.554436924193354,5,5,0.0
AV8D-1-CATDRAEGADRLTF-AJ45_BV3-CASSLDWGASAETLYF-BJ2-3,0.7642722849711361,0.7642722849711361,6,6,0.0
AV9-2-CVLSLGNSNNRIFF-AJ31_BV13-2-CASGDAGGQDTQYF-BJ2-5,0.9788643151169614,0.9788643151169614,5,5,0.0
AV7-2-CAASRGDYANKMIF-AJ47_BV13-3-CASSARVEQYF-BJ2-7,0.6048803505088635,0.6048803505088635,5,5,0.0
AV16/DV11-CAMREGPGTNAYKVIF-AJ30_BV13-2-CASGDSYEQYF-BJ2-7,0.9586795242000666,0.9586795242000666,7,7,0.0
AV9-1-CAVRDNNAGAKLTF-AJ39_BV1-CTCSAVRIAETLYF-BJ2-3,0.8610484735369501,0.8610484735369501,5,5,0.0
AV14-2-CAASAETGGYKVVF-AJ12_BV13-2-CASGELGGHTGQLYF-BJ2-2,0.9296458374230679,0.9296458374230679,5,5,0.0
AV4-4/DV10-CAAEEATGGNNKLTF-AJ56_BV2-CASSQRVPNTGQLYF-BJ2-2,0.3643767955380348,0.3643767955380348,18,18,0.0
AV6N-6-CALSDRGSGGSNAKLTF-AJ42_BV13-1-CASSDWGDYEQYF-BJ2-7,0.6404679822793148,0.6184899983524724,10,9,-0.02197798392684236
AV19-CAAGVDSNYQLIW-AJ33_BV1-CTCSAGTQNTGQLYF-BJ2-2,0.9668918526453925,0.9668918526453925,16,16,0.0
AV7D-5-CAVSYYNQGKLIF-AJ23_BV1-CTCSADSNTLYF-BJ2-4,0.8131306148001298,0.8131306148001298,5,5,0.0
AV8D-2-CAPYQGGRALIF-AJ15_BV13-1-CASSPTGLSDYTF-BJ1-2,0.47235370542392185,0.47235370542392185,10,10,0.0
AV16-CAMREDSGGSNYKLTF-AJ53_BV13-1-CASSDITEVFF-BJ1-1,0.9286695667728777,0.9286695667728777,8,8,0.0
AV17-CALVPDTGNYKYVF-AJ40_BV1-CTCSARQGRNTEVFF-BJ1-1,0.9583781043080072,0.9583781043080072,13,13,0.0
AV16/DV11-CAMREEGGRALIF-AJ15_BV13-1-CASKDTYEQYF-BJ2-7,0.49622199672301653,0.49622199672301653,12,12,0.0
AV13D-2-CAIDNNAGAKLTF-AJ39_BV13-3-CASRDRYEQYF-BJ2-7,0.897296509199135,0.897296509199135,26,26,0.0
AV13-2-CAMDNNAGAKLTF-AJ39_BV14-CASSLRGSQYF-BJ2-7,0.6803813725573088,0.6803813725573088,7,7,0.0
AV6N-6-CALSDMGYKLTF-AJ9_BV3-CASSLGLDTQYF-BJ2-5,0.9994042462095508,0.9993891163883266,31,30,-1.5129821224202367e-05
AV13D-1-CAMEPASGSWQLIF-AJ22_BV4-CASSLNTLYF-BJ2-4,0.8872354520723593,0.8807371254421982,8,7,-0.006498326630161144
AV7-3-CAVSSYGSSGNKLIF-AJ32_BV13-2-CASGDAGNNQAPLF-BJ1-5,0.9853672495036844,0.9853672495036844,12,12,0.0
AV4-3-CAAEASTGNYKYVF-AJ40_BV3-CASSLVQVTEVFF-BJ1-1,0.7765912833232537,0.7712485254656102,17,16,-0.0053427578576434875
AV12-1-CALSETGNTGKLIF-AJ37_BV13-2-CASGDAGGSYEQYF-BJ2-7,0.9556666723312404,0.9556666723312404,7,7,0.0
AV3D-3-CAVSVTNSAGNKLTF-AJ17_BV5-CASSPDRGDERLFF-BJ1-4,0.31109682601652716,0.31109682601652716,6,6,0.0
AV16/DV11-CAMREGGGYKVVF-AJ12_BV13-2-CASGGNNSPLYF-BJ1-6,0.8266585319621684,0.8266585319621684,6,6,0.0
AV12-2-CALINYGSSGNKLIF-AJ32_BV13-2-CASGEGGDTQYF-BJ2-5,0.7481818009256601,0.7481818009256601,6,6,0.0
AV16-CAMRERSNYNVLYF-AJ21_BV13-2-CASGDQGASGNTLYF-BJ1-3,0.9905394105637156,0.9905394105637156,6,6,0.0
AV16/DV11-CAMREPYQGGRALIF-AJ15_BV13-3-CASSERVNQDTQYF-BJ2-5,0.9569018568024793,0.9571208174418145,361,354,0.00021896063933524168
AV9D-2-CVLSDYSNNRLTL-AJ7_BV13-2-CASGDGLGDYEQYF-BJ2-7,0.8657298566546654,0.8640903581128756,77,76,-0.0016394985417897967
AV14-1-CAARGAEQGGRALIF-AJ15_BV13-1-CASSEQGGYEQYF-BJ2-7,0.9223081547694607,0.9223081547694607,79,79,0.0
AV16N-CAMREGDSNYQLIW-AJ33_BV13-1-CASSGTYNQDTQYF-BJ2-5,0.9748974948536774,0.9859897401728226,6,5,0.01109224531914521
AV19-CAAGNTGYQNFYF-AJ49_BV17-CASSRLGSSYEQYF-BJ2-7,0.9051114143865541,0.9153987644807503,59,58,0.010287350094196235
AV7D-5-CAVSNTGNYKYVF-AJ40_BV4-CASSSGQNQAPLF-BJ1-5,0.9955131789218716,0.9955131789218716,6,6,0.0
AV16-CAMREANTGYQNFYF-AJ49_BV13-2-CASGEGAQNTLYF-BJ2-4,0.8573198124706096,0.8507932377890985,18,17,-0.006526574681511077
AV6-6-CALGEAGGSNAKLTF-AJ42_BV14-CASSPGLSYNSPLYF-BJ1-6,0.524520147595366,0.524520147595366,5,5,0.0
AV3-1-CAVTASSGSWQLIF-AJ22_BV4-CASSFSYEQYF-BJ2-7,0.9975942013392243,0.9975942013392243,20,20,0.0
AV9-2-CAPIASSSFSKLVF-AJ50_BV13-2-CASGDVGGANERLFF-BJ1-4,0.9433490824527022,0.9433490824527022,7,7,0.0
AV14D-1-CAASEDSAGNKLTF-AJ17_BV20-CGARPDGTEVFF-BJ1-1,0.6786077723252407,0.6234346882590437,6,5,-0.05517308406619703
AV12-3-CALSEGGSGGKLTL-AJ44_BV13-1-CASSVGGGYAEQFF-BJ2-1,0.5691770978442173,0.5691770978442173,15,15,0.0
AV7-5-CAVSTYYGSSGNKLIF-AJ32_BV13-2-CASGLGGDTQYF-BJ2-5,0.7999590381410575,0.7999590381410575,12,12,0.0
AV13-2-CAIERDYANKMIF-AJ47_BV14-CASSYRGEQYF-BJ2-7,0.9808682230241401,0.9808682230241401,7,7,0.0
AV7-2-CAAITGSGGKLTL-AJ44_BV31-CAWSLGNYAEQFF-BJ2-1,0.9514781387277331,0.9514781387277331,6,6,0.0
AV13-4/DV7-CAMEVDSNYQLIW-AJ33_BV31-CAWSLGGSDYTF-BJ1-2,0.9499392974139879,0.9499392974139879,7,7,0.0
AV16/DV11-CAMRESNTGYQNFYF-AJ49_BV13-2-CASGEGQGKNTLYF-BJ2-4,0.9574272157070907,0.9527975948486374,8,7,-0.004629620858453309
AV8D-2-CATDNQGGRALIF-AJ15_BV14-CASSDRAEVFF-BJ1-1,0.9942841826578251,0.9942841826578251,19,19,0.0
AV13-1-CALEHGDAGAKLTF-AJ39_BV1-CTCSVGTGGSTGQLYF-BJ2-2,0.790831026204476,0.790831026204476,27,27,0.0
AV14-2-CAAIDSNNRIFF-AJ31_BV13-3-CASSGGHLNTEVFF-BJ1-1,0.998869048626254,0.998869048626254,8,8,0.0
AV7-2-CAATGNTGKLIF-AJ37_BV13-1-CASSDARVGEQYF-BJ2-7,0.9927176746774312,0.9953882048135325,44,43,0.002670530136101301
AV5-4-CAARTSSSFSKLVF-AJ50_BV1-CTCSAVRLAETLYF-BJ2-3,0.8599569109164134,0.8456750474115282,6,5,-0.01428186350488514
AV19-CAAGNTGYQNFYF-AJ49_BV17-CASRDRGGERLFF-BJ1-4,0.5014733473610139,0.5014733473610139,7,7,0.0
AV9-4-CAVRTDYANKMIF-AJ47_BV3-CASSLSSYEQYF-BJ2-7,0.915581071565048,0.915581071565048,16,16,0.0
AV13-2-CAIDNNAGAKLTF-AJ39_BV13-3-CASSDRDTLYF-BJ2-4,0.8488316420192438,0.8488316420192438,30,30,0.0
AV16-CAMREDSNYQLIW-AJ33_BV3-CASSHGQISNERLFF-BJ1-4,0.8723704796601053,0.8723704796601053,5,5,0.0
AV16N-CAMREGTGSNRLTF-AJ28_BV1-CTCSPNRVDTLYF-BJ2-4,0.8158112425524456,0.8158112425524456,10,10,0.0
AV14-1-CAARYTEGADRLTF-AJ45_BV3-CASSLAGGYEQYF-BJ2-7,0.9488662967310141,0.9488662967310141,12,12,0.0
AV3-3-CAVSPNYAQGLTF-AJ26_BV13-2-CASGQGANSDYTF-BJ1-2,0.9983890494316114,0.9983890494316114,7,7,0.0
AV3D-3-CAVESSNTNKVVF-AJ34_BV13-2-CASGRDRAQNTLYF-BJ2-4,0.9917279568795229,0.9917279568795229,6,6,0.0
AV7-2-CAASKGGRALIF-AJ15_BV12-2-CASSSGQGGISDYTF-BJ1-2,0.838105246477342,0.838105246477342,8,8,0.0
AV3-3-CAVSATTNYGNEKITF-AJ48_BV13-1-CASSDLGGDTQYF-BJ2-5,0.7531273056209746,0.8427591127687681,16,15,0.08963180714779351
AV13-2-CAMDSNYQLIW-AJ33_BV13-2-CASGDRNTLYF-BJ1-3,0.9329993273637891,0.9329993273637891,14,14,0.0
AV6-7/DV9-CALSDRGFASALTF-AJ35_BV3-CASSSGQISNERLFF-BJ1-4,0.9469160609709516,0.9469160609709516,17,17,0.0
AV10-CAAYTEGADRLTF-AJ45_BV13-1-CASSVGFTGQLYF-BJ2-2,0.926107329486163,0.926107329486163,11,11,0.0
AV16-CAMREANTGYQNFYF-AJ49_BV13-2-CASGTGGQNTLYF-BJ2-4,0.8527259834583115,0.8471077147638227,47,45,-0.005618268694488782
AV10N-CAASMDYNQGKLIF-AJ23_BV3-CASSLDWGGSYEQYF-BJ2-7,0.3627486314079418,0.3627486314079418,7,7,0.0
AV8N-2-CATEGGGRALIF-AJ15_BV1-CTCSGTGANTEVFF-BJ1-1,0.5804711752132581,0.5804711752132581,9,9,0.0
AV14-2-CAATNTGKLTF-AJ27_BV13-2-CASGDVGGSNERLFF-BJ1-4,0.9065858475513472,0.9059885206148468,9,8,-0.0005973269365003864
AV6-6-CALGASNTEGADRLTF-AJ45_BV13-3-CASSDRDTLYF-BJ2-4,0.9370187724066997,0.9362944899361209,37,35,-0.0007242824705788742
AV9D-3-CALVSNTNKVVF-AJ34_BV13-1-CASSDVNTEVFF-BJ1-1,0.9908435491042195,0.9908435491042195,5,5,0.0
AV6D-7-CALGDHMGYKLTF-AJ9_BV19-CASRGFAEQFF-BJ2-1,0.9899361764710157,0.9899361764710157,16,16,0.0
AV16N-CAMRDDSGYNKLTF-AJ11_BV13-2-CASGDAGTGVDSDYTF-BJ1-2,0.941052911656822,0.941052911656822,6,6,0.0
AV16N-CAMREGPSGYNKLTF-AJ11_BV13-2-CASGDAGASQNTLYF-BJ2-4,0.7064820893498466,0.7064820893498466,7,7,0.0
AV7-3-CAVMGGRALIF-AJ15_BV13-1-CASSADWGDAEQFF-BJ2-1,0.901522252136455,0.901522252136455,13,13,0.0
AV16/DV11-CAMREEGGRALIF-AJ15_BV17-CASSPGQGYTGQLYF-BJ2-2,0.4344398837875082,0.4344398837875082,7,7,0.0
AV8D-2-CATDGDYSNNRLTL-AJ7_BV3-CASSLATEYEQYF-BJ2-7,0.9983587787875476,0.9983587787875476,6,6,0.0
AV6D-7-CALVASSGSWQLIF-AJ22_BV13-2-CASGDAGASQNTLYF-BJ2-4,0.9670455836251445,0.9670455836251445,12,12,0.0
AV10-CAASMTNSAGNKLTF-AJ17_BV26-CASRDWGQDTQYF-BJ2-5,0.9544411990608952,0.9544411990608952,28,28,0.0
AV10N-CAASTDYNQGKLIF-AJ23_BV3-CASSSGLGYEQYF-BJ2-7,0.9876666935672849,0.9876666935672849,6,6,0.0
AV10-CAASMDYANKMIF-AJ47_BV1-CTCSVTPNSDYTF-BJ1-2,0.9741289326973462,0.9741289326973462,7,7,0.0
AV14-2-CAASPNTGYQNFYF-AJ49_BV13-2-CASGNNQAPLF-BJ1-5,0.9846790805847584,0.9846790805847584,29,29,0.0
AV14D-1-CAASAETGGYKVVF-AJ12_BV3-CASSLARGYEQYF-BJ2-7,0.9618466936919853,0.9599411502811143,40,38,-0.0019055434108710134
AV10-CAASSGSWQLIF-AJ22_BV1-CTCSADGTGEREQYF-BJ2-7,0.9563356162706259,0.9563356162706259,8,8,0.0
AV5-4-CAASTDYANKMIF-AJ47_BV3-CASSSGTGYEQYF-BJ2-7,0.97433107678342,0.97433107678342,89,89,0.0
AV4-4/DV10-CAADQNTGYQNFYF-AJ49_BV4-CASSWDWGGEQYF-BJ2-7,0.45778074044510475,0.45778074044510475,5,5,0.0
AV16-CAMRATSSGQKLVF-AJ16_BV1-CTCSAVRVGNTLYF-BJ1-3,0.9647175781669293,0.9647175781669293,15,15,0.0
AV16N-CAMREGSSGSWQLIF-AJ22_BV13-2-CASGDRDQAPLF-BJ1-5,0.3560050391040065,0.3560050391040065,8,8,0.0
AV15-1/DV6-1-CALWELNNNAGAKLTF-AJ39_BV3-CASSLGGGYEQYF-BJ2-7,0.9700530923826556,0.9700530923826556,5,5,0.0
AV14-1-CAASADTGNYKYVF-AJ40_BV13-3-CASSGTGTQNTLYF-BJ2-4,0.8283533866588333,0.8283533866588333,12,12,0.0
AV16N-CAMREGDSNYQLIW-AJ33_BV13-1-CASSDVNQAPLF-BJ1-5,0.9933740817452862,0.9924364602625991,7,6,-0.0009376214826870566
AV16/DV11-CAMREGDSGYNKLTF-AJ11_BV13-2-CASGTGGANTLYF-BJ2-4,0.962412011441893,0.962412011441893,5,5,0.0
AV16-CAMREANTGYQNFYF-AJ49_BV13-2-CASGPGGQNTLYF-BJ2-4,0.9356823380976461,0.9347172410058882,63,62,-0.0009650970917579604
AV6-6-CALGDHSNYQLIW-AJ33_BV4-CASSSPYEQYF-BJ2-7,0.9065007792713341,0.9065007792713341,17,17,0.0
AV13N-4-CAMEHGTGGYKVVF-AJ12_BV5-CASSQAQGEVFF-BJ1-1,0.8991625496545405,0.8991625496545405,7,7,0.0
AV16N-CAMRDDTNAYKVIF-AJ30_BV17-CASSPGQGYTGQLYF-BJ2-2,0.5048989004141697,0.5048989004141697,5,5,0.0
AV13-1-CALDNRIFF-AJ31_BV12-1-CASSDWGGAEQFF-BJ2-1,0.8935711940181645,0.8930788835772634,86,83,-0.0004923104409011447
AV16-CAMREDTEGADRLTF-AJ45_BV13-1-CASSQANYAEQFF-BJ2-1,0.938801325211823,0.938801325211823,10,10,0.0
AV16N-CAMREDSNYQLIW-AJ33_BV16-CASSLDGLNYAEQFF-BJ2-1,0.9637381302922124,0.9637381302922124,9,9,0.0
AV14-1-CAARNTEGADRLTF-AJ45_BV3-CASSFSGGYEQYF-BJ2-7,0.9893332522200011,0.9893332522200011,15,15,0.0
AV16N-CAMREDQGGRALIF-AJ15_BV16-CASSLVGNQDTQYF-BJ2-5,0.9127678013038242,0.9127678013038242,21,21,0.0
AV16-CAMREGDSNNRIFF-AJ31_BV13-2-CASGGTYEQYF-BJ2-7,0.9984426365196897,0.9985666906024887,9,8,0.00012405408279902996
AV9-4-CAVSPNQGGSAKLIF-AJ57_BV1-CTCSANWGYEQYF-BJ2-7,0.9817598856682931,0.9817598856682931,7,7,0.0
AV5-1-CSASMDYNQGKLIF-AJ23_BV3-CASSSGQGHEQYF-BJ2-7,0.9138899434240769,0.9109546315757415,13,12,-0.002935311848335398
AV7D-3-CAVTGNYKYVF-AJ40_BV13-2-CASGDQGASGNTLYF-BJ1-3,0.8826642807805031,0.8826642807805031,17,17,0.0
AV5-4-CAASAGGSNAKLTF-AJ42_BV19-CASSIGRTGNTLYF-BJ1-3,0.548499840926511,0.5483437704360998,65,63,-0.0001560704904112198
AV5-4-CAARGDYANKMIF-AJ47_BV3-CASSLGVDTQYF-BJ2-5,0.9858140155738835,0.9858140155738835,79,79,0.0
AV9-2-CVLRMDYANKMIF-AJ47_BV16-CASSWGAETLYF-BJ2-3,0.9649863242081839,0.9649863242081839,7,7,0.0
AV8D-2-CATDYSNNRLTL-AJ7_BV3-CASSLRDSSYEQYF-BJ2-7,0.994747990552079,0.994747990552079,6,6,0.0
AV7-4-CAASENTGNYKYVF-AJ40_BV20-CGASPSGNTLYF-BJ1-3,0.7909842470585922,0.8071016691127383,54,53,0.016117422054146124
AV13-2-CAIDPNTGKLTF-AJ27_BV13-3-CASSDSGSDYTF-BJ1-2,0.8873925105393305,0.8873925105393305,9,9,0.0
AV7-2-CAAMSNYNVLYF-AJ21_BV31-CAWKTGGLNYAEQFF-BJ2-1,0.9932469450375019,0.9934100935031033,17,16,0.00016314846560139262
AV12-2-CALSESEGADRLTF-AJ45_BV16-CASSLGGDTEVFF-BJ1-1,0.8006135417614278,0.8006135417614278,9,9,0.0
AV14-2-CAASDDTNAYKVIF-AJ30_BV13-1-CASSALGGSYEQYF-BJ2-7,0.9669699818091987,0.9669699818091987,8,8,0.0
AV6-7/DV9-CALSVDSNYQLIW-AJ33_BV13-2-CASGLGGDTQYF-BJ2-5,0.8581166801633586,0.8581166801633586,38,38,0.0
AV7-1-CAATSSGQKLVF-AJ16_BV13-1-CASSDVGGRGTGQLYF-BJ2-2,0.9498979070130603,0.9498979070130603,20,20,0.0
AV16/DV11-CAMREDSNYQLIW-AJ33_BV3-CASSQGQISNERLFF-BJ1-4,0.9374190330277918,0.9374190330277918,43,43,0.0
AV13D-2-CAIDTNTGKLTF-AJ27_BV13-3-CASRDRYEQYF-BJ2-7,0.9665518015978687,0.9653047431592006,27,26,-0.001247058438668125
AV7D-3-CAVNNNNAPRF-AJ43_BV13-2-CASGDWGGAYEQYF-BJ2-7,0.8881468345277219,0.8881468345277219,11,11,0.0
AV3-1-CAVTASSGSWQLIF-AJ22_BV4-CASSYSTEVFF-BJ1-1,0.995557999432084,0.995557999432084,25,25,0.0
AV10N-CAASMDYANKMIF-AJ47_BV3-CASSWTYNSPLYF-BJ1-6,0.8904908305868979,0.8904908305868979,24,24,0.0
AV13D-2-CAIDPNYNVLYF-AJ21_BV13-3-CASSEKGREQYF-BJ2-7,0.45342707619001915,0.45342707619001915,42,42,0.0
AV16N-CAMREDSNYQLIW-AJ33_BV3-CASSSGQISNERLFF-BJ1-4,0.9394294513624113,0.9394294513624113,109,109,0.0
AV12D-3-CALSGENSGTYQRF-AJ13_BV12-2-CASSLAGVYQDTQYF-BJ2-5,0.5575756317245745,0.5575756317245745,5,5,0.0
AV7D-5-CAVSMNYNQGKLIF-AJ23_BV13-2-CASGDAGNQAPLF-BJ1-5,0.818800406302462,0.818800406302462,14,14,0.0
AV16/DV11-CAMREPYQGGRALIF-AJ15_BV13-2-CASGDQGASGNTLYF-BJ1-3,0.6076031270520912,0.6076031270520912,12,12,0.0
AV12-3-CALSDLDYGNEKITF-AJ48_BV16-CASSGLGGLSYEQYF-BJ2-7,0.9431451502760023,0.9431451502760023,13,13,0.0
AV8D-2-CATDSNNRLTL-AJ7_BV3-CASSLAREYEQYF-BJ2-7,0.9957611630253919,0.9956307570280505,31,30,-0.00013040599734137626
AV12-2-CALSPTGNYKYVF-AJ40_BV13-2-CASGDRDSSYEQYF-BJ2-7,0.7077240320845788,0.7332201695318418,37,36,0.02549613744726298
AV14-2-CAARSAGNKLTF-AJ17_BV1-CTCSAVRANSDYTF-BJ1-2,0.5738807127185461,0.5738807127185461,7,7,0.0
AV16/DV11-CAMRENTGGLSGKLTF-AJ2_BV13-1-CASSDEQYNNQAPLF-BJ1-5,0.7297220261376868,0.6909682308624322,7,6,-0.03875379527525458
AV8D-2-CATDDQGGRALIF-AJ15_BV19-CASSSGVNERLFF-BJ1-4,0.5724744428782487,0.5308616515323451,9,8,-0.041612791345903566
AV9-2-CVLSAPYNNAGAKLTF-AJ39_BV13-1-CASSDREDTEVFF-BJ1-1,0.7896645670787192,0.7896645670787192,10,10,0.0
AV14-3-CAASDGSSGNKLIF-AJ32_BV1-CTCSAVRYAEQFF-BJ2-1,0.9368587492846878,0.9368587492846878,20,20,0.0
AV9-4-CAVRWDYANKMIF-AJ47_BV3-CASSLSSYEQYF-BJ2-7,0.9681860695695281,0.9677362525869119,128,126,-0.0004498169826162579
AV13-2-CAIDSEGADRLTF-AJ45_BV30-CSSSPGQNEQYF-BJ2-7,0.9888795944384239,0.9879904146764201,13,12,-0.0008891797620037556
AV12D-2-CALSDRDSGTYQRF-AJ13_BV13-3-CASSDRVSNERLFF-BJ1-4,0.9487016824657223,0.9487016824657223,11,11,0.0
AV4-4/DV10-CAAEENTGYQNFYF-AJ49_BV13-3-CASQNTLYF-BJ2-4,0.615683463612059,0.6399568749868917,9,8,0.024273411374832743
AV4-4/DV10-CAAEENTGYQNFYF-AJ49_BV14-CASSFGTGGEQYF-BJ2-7,0.7394625970720186,0.7394625970720186,5,5,0.0
AV16/DV11-CAMREGPTNAYKVIF-AJ30_BV13-2-CASGDTYEQYF-BJ2-7,0.9962733164854836,0.9961375562766451,12,11,-0.00013576020883843132
AV4-4/DV10-CAAEAGYGNEKITF-AJ48_BV14-CASSFGTGGTQYF-BJ2-5,0.5459724278177789,0.5459724278177789,9,9,0.0
AV14D-3/DV8-CAASPNYNVLYF-AJ21_BV31-CAWGQGAGNTLYF-BJ1-3,0.6508020968553668,0.6508020968553668,8,8,0.0
AV16N-CAMREDSNYQLIW-AJ33_BV3-CASSPGQISNERLFF-BJ1-4,0.9516198029254503,0.9504130357407874,35,34,-0.001206767184662949
AV6-7/DV9-CALSDNNNAPRF-AJ43_BV1-CTCSADLGGWEQYF-BJ2-7,0.8937228612051107,0.8913190499775014,22,21,-0.0024038112276092427
AV13-4/DV7-CAMEDGSSGNKLIF-AJ32_BV13-2-CASGDARDNQAPLF-BJ1-5,0.9963204274833691,0.9963204274833691,5,5,0.0
AV16-CAMREDSNYQLIW-AJ33_BV3-CASSLGQISNERLFF-BJ1-4,0.889633366061947,0.889633366061947,95,95,0.0
AV16/DV11-CAMREGGGYKVVF-AJ12_BV13-2-CASGDIQAPLF-BJ1-5,0.9463002480049957,0.9463002480049957,18,18,0.0
AV3-3-CAVSSNNRIFF-AJ31_BV1-CTCSAVRVGNTLYF-BJ1-3,0.6891768141384361,0.6891768141384361,6,6,0.0
AV8D-2-CATDANSNNRIFF-AJ31_BV3-CASSLRDWEYEQYF-BJ2-7,0.9287447119299311,0.9282058684411697,235,233,-0.0005388434887614313
AV19-CAAANTGYQNFYF-AJ49_BV17-CASSSTGGYNYAEQFF-BJ2-1,0.8920733823926987,0.8920733823926987,9,9,0.0
AV16/DV11-CAMRGSSGSWQLIF-AJ22_BV1-CTCSADRFYEQYF-BJ2-7,0.3203009912894405,0.3203009912894405,6,6,0.0
AV6N-6-CALRSSGSWQLIF-AJ22_BV31-CAWSLEQGSAETLYF-BJ2-3,0.5866454189490494,0.5866454189490494,5,5,0.0
AV16N-CAMREDSGYNKLTF-AJ11_BV13-1-CASSDAGAEVFF-BJ1-1,0.9851486694059094,0.9851486694059094,5,5,0.0
AV16/DV11-CAMRDSGGSNAKLTF-AJ42_BV1-CTCSADRVAETLYF-BJ2-3,0.8301939556840198,0.8301939556840198,14,14,0.0
AV7-1-CAVSSQGGRALIF-AJ15_BV13-1-CASSGTGMYEQYF-BJ2-7,0.8123796536443657,0.8123796536443657,15,15,0.0
AV8D-2-CATDSQGGRALIF-AJ15_BV3-CASSLGTGGEQYF-BJ2-7,0.687618478325293,0.687618478325293,9,9,0.0
AV16N-CAMREGNMGYKLTF-AJ9_BV31-CAWLGGLAETLYF-BJ2-3,0.9503245416328799,0.9493855029326875,145,142,-0.0009390387001924072
AV2-CIVTDNSNNRIFF-AJ31_BV20-CGARTGGGSDYTF-BJ1-2,0.9757447854418108,0.9757447854418108,16,16,0.0
AV19-CAAGATGYQNFYF-AJ49_BV17-CASSRLGSSYEQYF-BJ2-7,0.8544928441185864,0.8544928441185864,23,23,0.0
AV6-7/DV9-CALRDSNYQLIW-AJ33_BV1-CTCSAVRVAEQFF-BJ2-1,0.9573885623234251,0.9573885623234251,6,6,0.0
AV7N-4-CAVSEPGTQVVGQLTF-AJ5_BV1-CTCSAGGSYAEQFF-BJ2-1,0.7517669894022108,0.7517669894022108,7,7,0.0
AV14-2-CAASSSNNRIFF-AJ31_BV13-2-CASGGGWGTEVFF-BJ1-1,0.5511690886432729,0.5238479841248023,21,19,-0.027321104518470585
AV15D-1/DV6D-1-CALWELARMGYKLTF-AJ9_BV13-1-CASSDGVHYAEQFF-BJ2-1,0.8277592138489295,0.8277592138489295,12,12,0.0
AV6-2-CVLGEAGGSNAKLTF-AJ42_BV17-CASSRGQGSERLFF-BJ1-4,0.7647168344538006,0.7647168344538006,10,10,0.0
AV13-4/DV7-CAMDPNSNNRIFF-AJ31_BV3-CASSLGVDTQYF-BJ2-5,0.9142933862990531,0.9119918427664665,26,25,-0.002301543532586603
AV7-5-CAVRPSGSWQLIF-AJ22_BV1-CTCSAVGFAETLYF-BJ2-3,0.8896676929247676,0.8896676929247676,9,9,0.0
AV9-4-CAVSVDYANKMIF-AJ47_BV3-CASSWGGGYEQYF-BJ2-7,0.9734588703472615,0.9734588703472615,10,10,0.0
AV13D-1-CAMEDSGTYQRF-AJ13_BV12-2-CASSLGQGAETLYF-BJ2-3,0.9506639425746832,0.9506639425746832,7,7,0.0
AV10N-CAASMDTGYQNFYF-AJ49_BV13-2-CASGDVGGANERLFF-BJ1-4,0.7648762168228511,0.7611767677694209,53,52,-0.003699449053430226
AV7D-5-CAVSMTNSAGNKLTF-AJ17_BV13-3-CASSDAGQAERLFF-BJ1-4,0.9822723927682772,0.9822723927682772,8,8,0.0
AV16N-CAMREDTNTGKLTF-AJ27_BV16-CASSLDNYAEQFF-BJ2-1,0.6587052078766009,0.6587052078766009,34,34,0.0
AV5-4-CAASADYNQGKLIF-AJ23_BV3-CASSLGLGYEQYF-BJ2-7,0.9944854766444563,0.9944854766444563,11,11,0.0
AV19-CASNTGYQNFYF-AJ49_BV31-CAWSARGDTQYF-BJ2-5,0.9981102830041155,0.9981102830041155,8,8,0.0
AV13-2-CAPNNNAGAKLTF-AJ39_BV14-CASSDRYEQYF-BJ2-7,0.9611703025148719,0.9609520043583578,91,89,-0.00021829815651408513
AV16N-CAMREGLSAGNKLTF-AJ17_BV1-CTCSAGQGAETLYF-BJ2-3,0.994409891947196,0.994409891947196,7,7,0.0
AV6-3-CAMRSNYNVLYF-AJ21_BV13-2-CASGDAGVNQDTQYF-BJ2-5,0.8238230865160869,0.8238230865160869,6,6,0.0
AV16N-CAMREGGAGNTGKLIF-AJ37_BV13-2-CASGDNYEQYF-BJ2-7,0.9737254630964438,0.9737254630964438,27,27,0.0
AV10-CAASLDTNAYKVIF-AJ30_BV13-2-CASGGQTEVFF-BJ1-1,0.9927867194128124,0.9922443606764152,8,7,-0.000542358736397186
AV9-2-CVLSVAEGADRLTF-AJ45_BV13-2-CASGDWGYAEQFF-BJ2-1,0.9915373303238263,0.9915373303238263,15,15,0.0
AV12-2-CALSGNTNKVVF-AJ34_BV1-CTCSAVRVSAETLYF-BJ2-3,0.8183415607076572,0.8094487694684431,17,16,-0.008892791239214048
AV9-4-CAVSAATGGNNKLTF-AJ56_BV1-CTCSAVRVDERLFF-BJ1-4,0.8248063921270576,0.8186816136107565,27,26,-0.00612477851630111
AV16/DV11-CAMREDSNYQLIW-AJ33_BV3-CASSLGQISNERLFF-BJ1-4,0.9597358543351912,0.9597358543351912,17,17,0.0
AV6D-7-CALGHDSGYNKLTF-AJ11_BV3-CASSLGQVSYEQYF-BJ2-7,0.5765264867202201,0.5765264867202201,5,5,0.0
AV7-2-CAAINTNTGKLTF-AJ27_BV13-2-CASGDAGGGNERLFF-BJ1-4,0.8435883419525764,0.8435883419525764,5,5,0.0
AV19-CAADQGGSAKLIF-AJ57_BV13-3-CASSDAGLSYNSPLYF-BJ1-6,0.9962194777150276,0.9962194777150276,6,6,0.0
AV4-4/DV10-CAAEGQGGSAKLIF-AJ57_BV12-2-CASSLDGAQDTQYF-BJ2-5,0.8330347843518204,0.8465349850250719,26,24,0.013500200673251417
AV8D-1-CATDGASSSFSKLVF-AJ50_BV1-CTCSADGVEQYF-BJ2-7,0.9422671836905961,0.9438441194212519,14,13,0.0015769357306557596
AV16N-CAMRASSGSWQLIF-AJ22_BV1-CTCSASGTGDNSPLYF-BJ1-6,0.5373235776942342,0.5373235776942342,9,9,0.0
AV8N-2-CATEDQGGRALIF-AJ15_BV5-CASSQEAISNERLFF-BJ1-4,0.47170840810354864,0.47170840810354864,6,6,0.0
AV4-2-CAVEGTGGYKVVF-AJ12_BV13-1-CASSAGADSPLYF-BJ1-6,0.9500735388129162,0.9502962829551296,14,13,0.00022274414221334915
AV13-1-CALEQGGSAKLIF-AJ57_BV12-2-CASSLEGADTEVFF-BJ1-1,0.9630909241493641,0.9625077790061338,49,48,-0.0005831451432303236
AV16-CAMREANYGNEKITF-AJ48_BV1-CTCSADRVQNTLYF-BJ2-4,0.818631889965274,0.818631889965274,9,9,0.0
AV13-2-CAIDYNQGKLIF-AJ23_BV13-3-CASSEPNSPLYF-BJ1-6,0.9097033214731819,0.9097033214731819,7,7,0.0
AV16-CAMREDSNYQLIW-AJ33_BV3-CASSQGQISNERLFF-BJ1-4,0.9601446685556468,0.9570580769081893,12,11,-0.003086591647457504
AV8-2-CATNTGNYKYVF-AJ40_BV1-CTCSAGGLGSTGQLYF-BJ2-2,0.5543461377685956,0.5543461377685956,6,6,0.0
AV8D-2-CATDATNYNVLYF-AJ21_BV3-CASSLQQEYEQYF-BJ2-7,0.9590514477447317,0.9590514477447317,11,11,0.0
AV13-2-CAMNNNAGAKLTF-AJ39_BV14-CASTDRGEQYF-BJ2-7,0.9700886910507269,0.9700886910507269,15,15,0.0
AV3D-3-CAVRTQVVGQLTF-AJ5_BV12-2-CASSLGDNQDTQYF-BJ2-5,0.7336809959704733,0.7151804901508124,9,8,-0.018500505819660895
AV14-2-CAASVGDSNNRIFF-AJ31_BV1-CTCSAVRVQDTQYF-BJ2-5,0.7717471043527288,0.7717471043527288,22,22,0.0
AV3-3-CAVRNNAGAKLTF-AJ39_BV19-CASSRLGLYEQYF-BJ2-7,0.38760947353052294,0.38760947353052294,6,6,0.0
AV3-3-CAVSSYGSSGNKLIF-AJ32_BV5-CASSPDRSNERLFF-BJ1-4,0.6010468249558268,0.6010468249558268,5,5,0.0
AV6N-6-CALDTNAYKVIF-AJ30_BV4-CASSPDLNTLYF-BJ2-4,0.7916692591053851,0.7916692591053851,6,6,0.0
AV7-3-CAVSRTGGLSGKLTF-AJ2_BV13-2-CASGDTGGQNTLYF-BJ2-4,0.93521818863665,0.93521818863665,11,11,0.0
AV7-3-CAVSGGNYKPTF-AJ6_BV31-CAWSYRGETLYF-BJ2-3,0.7105118745303552,0.7105118745303552,7,7,0.0
AV4-4/DV10-CAAMDYANKMIF-AJ47_BV2-CASSQDRGYNNQAPLF-BJ1-5,0.9444829198690716,0.9397435328965504,20,18,-0.004739386972521187
AV16N-CAMRDDTNAYKVIF-AJ30_BV13-2-CASGDQGASGNTLYF-BJ1-3,0.6141980906273208,0.6141980906273208,5,5,0.0
AV14-2-CAASGGYNQGKLIF-AJ23_BV3-CASSLGFQDTQYF-BJ2-5,0.9856743418199788,0.98549917680265,74,73,-0.0001751650173288377
AV16N-CAMREEAGNTGKLIF-AJ37_BV20-CGARDWGGYEQYF-BJ2-7,0.5747354753306303,0.5777906562758082,34,33,0.003055180945177871
AV3-1-CAVSVNYAQGLTF-AJ26_BV31-CAWSPGQQAPLF-BJ1-5,0.9181693458107323,0.9220693087543205,32,31,0.0038999629435881866
AV3-1-CAVSARTNKVVF-AJ34_BV13-2-CASGDRGGNTEVFF-BJ1-1,0.8844130126134561,0.8844130126134561,13,13,0.0
AV9-2-CVLTPDTNAYKVIF-AJ30_BV12-1-CASSLGALEQYF-BJ2-7,0.9439555039742743,0.9439555039742743,28,28,0.0
AV8-1-CATEGYQNFYF-AJ49_BV12-1-CASSLGTGGYEQYF-BJ2-7,0.8980228540720436,0.8980228540720436,47,47,0.0
AV7D-4-CAASDMGYKLTF-AJ9_BV2-CASSQDLGQGYAEQFF-BJ2-1,0.36808911450850845,0.36808911450850845,5,5,0.0
