sample,clonotype,coherence,mean_tcrbeta,mean_total_dextramer,n_cells
D7A,AV10-CAASGDTNAYKVIF-AJ30_BV3-CASSLVRHPNSDYTF-BJ1-2,0.07808688094430302,18.0,3.8,5
D7A,AV10D-CAASPLASSSFSKLVF-AJ50_BV5-CASSQVQGAEVFF-BJ1-1,0.07915543352055222,14.666666666666666,6.166666666666667,6
D7A,AV10N-CAARAGSFNKLTF-AJ4_BV16-CASSFTGGGQDTQYF-BJ2-5,0.21618916420880285,47.833333333333336,11.583333333333334,12
D7A,AV10N-CAASPNYNVLYF-AJ21_BV13-1-CASSDVGGQDTQYF-BJ2-5,0.3249871655157091,42.4,15.8,5
D7A,AV12-2-CALISQQGTGSKLSF-AJ58_BV1-CTCSAVRVSYEQYF-BJ2-7,0.6047010343370058,11.727272727272727,12.454545454545455,11
D7A,AV12-2-CALNQGGSAKLIF-AJ57_BV1-CTCSADWGNYAEQFF-BJ2-1,0.2118332638122817,52.7,18.7,10
D7A,AV12-2-CALSDDGSGGKLTL-AJ44_BV1-CTCSADGGLATEVFF-BJ1-1,0.12194480854900168,15.625,8.125,24
D7A,AV12D-2-CALSDDYAQGLTF-AJ26_BV14-CASSPNRVGEQYF-BJ2-7,0.30282535341086025,42.416666666666664,24.0,12
D7A,AV12D-3-CALSDHYNQGKLIF-AJ23_BV2-CASSQDISYEQYF-BJ2-7,0.20841397792373975,19.625,13.375,16
D7A,AV13-1-CALERSNNRIFF-AJ31_BV2-CASSQDRRGDEQYF-BJ2-7,0.35919305728089934,17.2,12.4,10
D7A,AV13-1-CALGTNSAGNKLTF-AJ17_BV2-CASSQDRVYEQYF-BJ2-7,0.24876464238314583,46.875,19.375,8
D7A,AV13-2-CAIDPNYNVLYF-AJ21_BV13-1-CASRDNSGNTLYF-BJ1-3,0.22961887083328558,37.714285714285715,9.428571428571429,7
D7A,AV13-2-CAIEENAGAKLTF-AJ39_BV13-3-CASSDRYTLYF-BJ2-4,0.13991593294349158,13.333333333333334,6.666666666666667,6
D7A,AV13-2-CALNNNAGAKLTF-AJ39_BV14-CASSNREEVFF-BJ1-1,0.7354069692548101,61.1,26.3,10
D7A,AV13-4/DV7-CAMERDTGYQNFYF-AJ49_BV3-CASSLDWGGYEQYF-BJ2-7,0.5117175178498161,46.4,9.6,5
D7A,AV13D-1-CAMERSNNRIFF-AJ31_BV2-CASSQDRRGDTQYF-BJ2-5,0.21642808937270486,18.133333333333333,19.6,15
D7A,AV13D-2-CAIDRQGGRALIF-AJ15_BV13-1-CASSRTGVNQAPLF-BJ1-5,0.2180877965050771,44.53333333333333,14.266666666666667,15
D7A,AV13D-2-CAIDYNQGKLIF-AJ23_BV1-CTCSAVRISGNTLYF-BJ1-3,0.3077582047915163,35.6,34.4,5
D7A,AV13D-2-CAMNNNAGAKLTF-AJ39_BV12-2-CASSPGQGGEQYF-BJ2-7,0.2803748225038133,19.2,17.2,5
D7A,AV13D-4-CAMELDSNYQLIW-AJ33_BV4-CASHGSYNSPLYF-BJ1-6,0.2714076730092334,40.22222222222222,13.666666666666666,9
D7A,AV13N-1-CAMERDQGGRALIF-AJ15_BV3-CASSLDWGGPYEQYF-BJ2-7,0.12831427521161212,70.4,23.4,5
D7A,AV13N-3-CASSGSWQLIF-AJ22_BV31-CAWSLAGSGNTLYF-BJ1-3,0.16544293218591297,15.68421052631579,10.473684210526315,19
D7A,AV14-2-CAADNNNAPRF-AJ43_BV12-1-CASSLGQANTGQLYF-BJ2-2,0.21503498923246284,15.444444444444445,12.88888888888889,9
D7A,AV14-2-CAAENSAGNKLTF-AJ17_BV3-CASSLGTGYEQYF-BJ2-7,0.1841269517454091,37.0,14.571428571428571,14
D7A,AV14-2-CAASADQGGRALIF-AJ15_BV16-CASSLDHSQNTLYF-BJ2-4,0.2920706940389392,20.307692307692307,11.384615384615385,13
D7A,AV14-2-CAASASSGSWQLIF-AJ22_BV31-CAWSLAGSGNTLYF-BJ1-3,0.18855711546678422,19.390625,12.828125,64
D7A,AV14-2-CAASASSGSWQLIF-AJ22_BV31-CAWSLQGSGNTLYF-BJ1-3,0.20056870320966624,26.8,17.6,25
D7A,AV14-2-CAASGNNNNAPRF-AJ43_BV16-CASSLGHSYEQYF-BJ2-7,0.2548712735633444,26.214285714285715,14.571428571428571,14
D7A,AV14-2-CAASGNYNVLYF-AJ21_BV3-CASSLDWGGSYEQYF-BJ2-7,0.21276353967978215,38.42857142857143,12.0,7
D7A,AV14-2-CAASGTEGADRLTF-AJ45_BV1-CTCSAVRVTGQLYF-BJ2-2,0.1606003038489452,23.31578947368421,11.842105263157896,19
D7A,AV14-2-CAASLASSGSWQLIF-AJ22_BV26-CASSWTGGAETLYF-BJ2-3,0.09999450097565732,15.0,6.6,5
D7A,AV14-2-CAASPYTGNYKYVF-AJ40_BV13-2-CASGDVGGLYF-BJ1-3,0.2312559449096455,15.576923076923077,16.26923076923077,26
D7A,AV14-2-CAASPYTGNYKYVF-AJ40_BV13-2-CASTNNNQAPLF-BJ1-5,0.19178590677284357,41.23529411764706,10.058823529411764,17
D7A,AV14-2-CAASRGSSGNKLIF-AJ32_BV1-CTCSAVRVQDTQYF-BJ2-5,0.36456045287662525,32.0,17.8,5
D7A,AV14-2-CAASVAMGYKLTF-AJ9_BV19-CASSIEERLFF-BJ1-4,0.2331325557464333,48.9,22.7,10
D7A,AV14-3-CAARQGTQVVGQLTF-AJ5_BV1-CTCSGTGDEQYF-BJ2-7,0.21009924267167193,22.875,18.458333333333332,24
D7A,AV14-3-CAASAGSGGKLTL-AJ44_BV3-CASSLDFGQNTLYF-BJ2-4,0.22154172521992235,26.242424242424242,16.303030303030305,33
D7A,AV14-3/DV8-CAAGHDTNAYKVIF-AJ30_BV13-2-CASGDAAYEQYF-BJ2-7,0.0769800358919501,16.833333333333332,5.5,6
D7A,AV14D-1-CAASAGGSAKLIF-AJ57_BV12-2-CASSLGQGAGAEQFF-BJ2-1,0.2270999448461603,14.333333333333334,8.166666666666666,6
D7A,AV14D-1-CAASSAGNTGKLIF-AJ37_BV31-CAWSARGSGNTLYF-BJ1-3,0.12864110909701276,43.06666666666667,6.666666666666667,15
D7A,AV14D-3/DV8-CAANYGSSGNKLIF-AJ32_BV1-CTCSAVRVQDTQYF-BJ2-5,0.28030743700848415,24.944444444444443,10.88888888888889,18
D7A,AV14D-3/DV8-CAASATEGADRLTF-AJ45_BV13-1-CASSDAWGREQYF-BJ2-7,0.19449944731797514,89.85714285714286,22.0,7
D7A,AV15-1/DV6-1-CALWEPPHNNNAPRF-AJ43_BV16-CASSLRTGVYEQYF-BJ2-7,0.13789230270486583,22.272727272727273,12.090909090909092,11
D7A,AV15-2/DV6-2-CALSELGGNYKYVF-AJ40_BV13-2-CASGTGGENTLYF-BJ2-4,0.48809578407338244,21.046153846153846,17.73846153846154,65
D7A,AV16-CAMREANTGYQNFYF-AJ49_BV13-2-CASGDGAQNTLYF-BJ2-4,0.8915287617139016,15.166666666666666,23.833333333333332,18
D7A,AV16-CAMREANTGYQNFYF-AJ49_BV13-2-CASGGGGQNTLYF-BJ2-4,0.6793022155389403,10.8,18.6,5
D7A,AV16-CAMREANTGYQNFYF-AJ49_BV13-2-CASGTGGQNTLYF-BJ2-4,0.5664495380493368,31.35135135135135,25.18918918918919,37
D7A,AV16-CAMREANYGNEKITF-AJ48_BV16-CASSLRTGVYEQYF-BJ2-7,0.18707315687830248,23.46153846153846,11.076923076923077,13
D7A,AV16-CAMREGGGASSSFSKLVF-AJ50_BV16-CASSSGQYEQYF-BJ2-7,0.07773317786713309,12.333333333333334,3.5,6
D7A,AV16-CAMREGNNVGDNSKLIW-AJ38_BV13-3-CASSERNQAPLF-BJ1-5,0.8759363349320175,11.8,15.4,5
D7A,AV16-CAMREGQGGSAKLIF-AJ57_BV16-CASSLVWGQGSSYEQYF-BJ2-7,0.21729086860335134,19.642857142857142,12.571428571428571,14
D7A,AV16-CAMRETASSSFSKLVF-AJ50_BV29-CASSTGTAEVFF-BJ1-1,0.13535776723806345,33.111111111111114,11.777777777777779,9
D7A,AV16-CAMRETGYQNFYF-AJ49_BV13-1-CASSDAYTEVFF-BJ1-1,0.151611628368265,31.923076923076923,9.346153846153847,26
D7A,AV16N-CAMRDNYAQGLTF-AJ26_BV3-CASSLGPSSYEQYF-BJ2-7,0.43206329744962746,24.22047244094488,21.141732283464567,254
D7A,AV16N-CAMRDSNTGYQNFYF-AJ49_BV13-2-CASGTGGENTLYF-BJ2-4,0.46812086600789105,25.76923076923077,25.76923076923077,13
D7A,AV16N-CAMREDASSGSWQLIF-AJ22_BV13-2-CASGDRGLGGSDTQYF-BJ2-5,0.30436232784458384,13.933333333333334,11.933333333333334,15
D7A,AV16N-CAMREDQGGRALIF-AJ15_BV16-CASSLVGAQDTQYF-BJ2-5,0.19080359615883227,66.78571428571429,17.428571428571427,14
D7A,AV16N-CAMREGDSNYQLIW-AJ33_BV13-2-CASGDRANSDYTF-BJ1-2,0.39717048503678165,42.833333333333336,20.333333333333332,6
D7A,AV16N-CAMREGEDGSGGKLTL-AJ44_BV13-2-CASGDIYEQYF-BJ2-7,0.3698322066013944,18.6,11.8,5
D7A,AV16N-CAMREGNSNNRIFF-AJ31_BV13-1-CASRDINTEVFF-BJ1-1,0.280847743037141,27.333333333333332,16.77777777777778,9
D7A,AV16N-CAMREGTGGNNKLTF-AJ56_BV1-CTCRTGTDSYNSPLYF-BJ1-6,0.11970258984186777,9.0,12.4,5
D7A,AV16N-CAMREVYQGGRALIF-AJ15_BV16-CASSFVGNQDTQYF-BJ2-5,0.13623042875053518,17.785714285714285,11.285714285714286,14
D7A,AV19-CAAGADYANKMIF-AJ47_BV3-CASSLTVNQDTQYF-BJ2-5,0.2319465225403805,31.529411764705884,17.176470588235293,17
D7A,AV19-CAAGLATGGNNKLTF-AJ56_BV13-1-CASSELGFSAETLYF-BJ2-3,0.291075396175985,41.27272727272727,12.818181818181818,11
D7A,AV19-CAAGVEQQGTGSKLSF-AJ58_BV12-1-CASSLGLNQDTQYF-BJ2-5,0.10525193143579707,18.2,10.3,10
D7A,AV19-CAAGVGDNSKLIW-AJ38_BV14-CASRYRDTQYF-BJ2-5,0.36654918192248775,21.6,8.8,5
D7A,AV3-1-CAVSARYSNNRLTL-AJ7_BV31-CAWRLGYEQYF-BJ2-7,0.20681014455551108,40.285714285714285,12.5,14
D7A,AV3-1-CAVSATGNTGKLIF-AJ37_BV31-CAWDWTNTGQLYF-BJ2-2,0.13384155652238205,13.8,11.8,5
D7A,AV3-3-CAVSRNTEGADRLTF-AJ45_BV17-CASSRDRADTQYF-BJ2-5,0.2833204282666386,21.384615384615383,19.384615384615383,13
D7A,AV3D-3-CAVRDQGGRALIF-AJ15_BV13-2-CASGEMGLQDTQYF-BJ2-5,0.4046154550604992,18.0,17.652173913043477,23
D7A,AV3D-3-CAVSLYGSSGNKLIF-AJ32_BV5-CASSRDRGDERLFF-BJ1-4,0.1449701284558263,23.0,7.166666666666667,6
D7A,AV4-4/DV10-CADMDYANKMIF-AJ47_BV2-CASSQDRGYNNQAPLF-BJ1-5,0.3987827498546369,16.608695652173914,17.753623188405797,69
D7A,AV4D-3-CAAEGNEKITF-AJ48_BV1-CTCSADWEQNTLYF-BJ2-4,0.3052479398435617,16.463414634146343,13.731707317073171,41
D7A,AV4D-3-CAAENNYAQGLTF-AJ26_BV1-CTCSADRLNTLYF-BJ2-4,0.24453945652212122,13.352941176470589,13.941176470588236,17
D7A,AV4D-3-CAAYQGGRALIF-AJ15_BV1-CTCSGDRVAEQFF-BJ2-1,0.22531678490619175,76.57142857142857,14.714285714285714,7
D7A,AV4D-4-CAAEAVTGGYKVVF-AJ12_BV5-CASSPREGTGQLYF-BJ2-2,0.14344255184010798,11.0,7.5,8
D7A,AV6-2-CVLGNTEGADRLTF-AJ45_BV1-CTCSAVRVGSDYTF-BJ1-2,0.500680021007628,31.166666666666668,17.333333333333332,6
D7A,AV6-6-CALGDQSNYNVLYF-AJ21_BV26-CASRRQGNERLFF-BJ1-4,0.3461960787560351,69.33333333333333,12.5,6
D7A,AV6-6-CALGEGGYKVVF-AJ12_BV5-CASSQDQVGERLFF-BJ1-4,0.52917622856004,30.333333333333332,19.666666666666668,6
D7A,AV6-6-CALGMSNYNVLYF-AJ21_BV13-2-CASGDEGPQDTQYF-BJ2-5,0.2590298662763149,14.454545454545455,6.181818181818182,11
D7A,AV6D-7-CALGEGGYKVVF-AJ12_BV5-CASSQDQVGERLFF-BJ1-4,0.6080314050763698,21.442786069651742,24.243781094527364,201
D7A,AV6D-7-CALGGNYNQGKLIF-AJ23_BV13-1-CASSDALYAEQFF-BJ2-1,0.14308756354410126,20.074074074074073,10.444444444444445,27
D7A,AV6N-6-CALSAHYGNEKITF-AJ48_BV14-CASSFPSGQNTEVFF-BJ1-1,0.16517141015545486,45.05882352941177,14.764705882352942,17
D7A,AV7-1-CAVKGNNNAPRF-AJ43_BV13-2-CASRLGGYEQYF-BJ2-7,0.19389994182035436,23.0,11.142857142857142,7
D7A,AV7-2-CAAGNTGKLIF-AJ37_BV1-CTCSAVRVGYEQYF-BJ2-7,0.19104810485298945,16.837209302325583,12.767441860465116,43
D7A,AV7-2-CAASMPGNTGKLIF-AJ37_BV17-CASSRGTANTGQLYF-BJ2-2,0.24127345554662963,20.5,20.875,8
D7A,AV7-2-CAATGNTGKLIF-AJ37_BV19-CASSIRIAEQFF-BJ2-1,0.4839017850361853,26.428571428571427,47.285714285714285,7
D7A,AV7-3-CAVSDYNQGKLIF-AJ23_BV1-CTCSGDRVGNTLYF-BJ1-3,0.10752330249689561,20.8,15.2,5
D7A,AV7-3-CAVSMKGGRALIF-AJ15_BV19-CASSIGGAREQYF-BJ2-7,0.1606949916427884,28.008928571428573,10.598214285714286,112
D7A,AV7-3-CAVSPGGYKVVF-AJ12_BV13-2-CASGDAQGAGQLYF-BJ2-2,0.16914042950563546,33.714285714285715,10.666666666666666,21
D7A,AV7-4-CAAVITGNTGKLIF-AJ37_BV13-1-CASSGGNYAEQFF-BJ2-1,0.1520371302401934,13.166666666666666,14.833333333333334,6
D7A,AV7-5-CAPDYSNNRLTL-AJ7_BV13-1-CASSDGQTSAETLYF-BJ2-3,0.389814961458043,26.0,16.0,9
D7A,AV7-5-CAVSLDSNYQLIW-AJ33_BV30-CSSWDRTNTGQLYF-BJ2-2,0.20523364722729973,27.571428571428573,13.0,7
D7A,AV7-6-CAVGYQNFYF-AJ49_BV4-CASSDRDINYAEQFF-BJ2-1,0.7068042158939661,17.85,22.0,20
D7A,AV7-6-CAVYGNEKITF-AJ48_BV5-CASSPDRGYTQYF-BJ2-5,0.11744629849692255,13.090909090909092,5.454545454545454,11
D7A,AV7D-3-CAGQGGRALIF-AJ15_BV1-CTCSADQNSGNTLYF-BJ1-3,0.20940310817621433,20.743589743589745,17.23076923076923,39
D7A,AV7D-5-CADRNNYAQGLTF-AJ26_BV1-CTCSADRLQNTLYF-BJ2-4,0.15433377796233133,13.78125,8.46875,32
D7A,AV7D-5-CAVRDSGYNKLTF-AJ11_BV1-CTCSADRLGNTLYF-BJ2-4,0.09095362100099691,36.0,7.0,5
D7A,AV8-1-CATDDGTNAYKVIF-AJ30_BV13-2-CASGAETLYF-BJ2-3,0.15896578297752725,16.0,14.333333333333334,6
D7A,AV8-1-CATDGGGRALIF-AJ15_BV3-CASSSTGVDAEQFF-BJ2-1,0.3263758875629186,13.0,17.142857142857142,7
D7A,AV8-1-CATSASSGSWQLIF-AJ22_BV13-2-CASGDEISNERLFF-BJ1-4,0.281130499775495,21.555555555555557,25.555555555555557,9
D7A,AV8-1-CATSASSGSWQLIF-AJ22_BV13-2-CASGDEVSNERLFF-BJ1-4,0.311094834267446,21.333333333333332,22.133333333333333,15
D7A,AV8D-1-CALTSGGNYKPTF-AJ6_BV12-1-CASSPGTGVNSDYTF-BJ1-2,0.15416387103589832,19.125,6.125,8
D7A,AV8D-2-CATDAQGGRALIF-AJ15_BV19-CASSIGTSQNTLYF-BJ2-4,0.13463696041656092,31.0,14.833333333333334,6
D7A,AV8D-2-CATDGQGGRALIF-AJ15_BV1-CTCSGTGGDEQYF-BJ2-7,0.20921243140239315,40.95238095238095,13.142857142857142,42
D7A,AV8D-2-CATDGQGGRALIF-AJ15_BV3-CASSPQGHSDYTF-BJ1-2,0.1723850174432701,15.2,10.6,10
D7A,AV8D-2-CATDNQGGRALIF-AJ15_BV13-1-CASSDLGVSYEQYF-BJ2-7,0.11598167036809623,14.0,5.8,10
D7A,AV8D-2-CATDNSNNRIFF-AJ31_BV5-CASSQGLGYAEQFF-BJ2-1,0.32275546292877677,16.833333333333332,22.666666666666668,6
D7A,AV8D-2-CATDSGYNKLTF-AJ11_BV14-CANPGQGANERLFF-BJ1-4,0.5215788837330033,17.5,26.75,12
D7A,AV8D-2-CATDSGYNKLTF-AJ11_BV31-CAWSPTGGADTQYF-BJ2-5,0.8354651530256751,14.923076923076923,19.615384615384617,13
D7A,AV8D-2-CATDSQGGRALIF-AJ15_BV3-CASSLHSSYEQYF-BJ2-7,0.15240745071851797,28.285714285714285,4.714285714285714,7
D7A,AV8D-2-CATDTGGLSGKLTF-AJ2_BV13-1-CASSPGQYAEQFF-BJ2-1,0.13335338275133005,16.857142857142858,8.714285714285714,7
D7A,AV8D-2-CATETSGGNYKPTF-AJ6_BV3-CASSLLDREYEQYF-BJ2-7,0.4178789776508175,14.642857142857142,20.428571428571427,14
D7A,AV8D-2-CATEYQGGRALIF-AJ15_BV19-CASSIGTNERLFF-BJ1-4,0.16401703334243195,21.12121212121212,10.030303030303031,33
D7A,AV8N-2-CATPNYNVLYF-AJ21_BV3-CASSLLGEYEQYF-BJ2-7,0.1324270428746853,51.0,8.833333333333334,6
D7A,AV9-2-CVLSGDQGGRALIF-AJ15_BV3-CASSFSYEQYF-BJ2-7,0.33703155614881347,19.5,7.25,8
D7A,AV9-2-CVLSVTGSGGKLTL-AJ44_BV14-CASSFANTGQLYF-BJ2-2,0.17243783588295544,35.52777777777778,11.027777777777779,36
D7A,AV9-4-CAVSADYANKMIF-AJ47_BV13-1-CASRTGGHEQYF-BJ2-7,0.8313340730500599,10.8,17.8,5
D7A,AV9-4-CAVSALNAYKVIF-AJ30_BV1-CTCSAAGGDTQYF-BJ2-5,0.0755574225567516,27.0,8.4,5
D7A,AV9-4-CAVSGNYNVLYF-AJ21_BV13-1-CASRTGGHEQYF-BJ2-7,0.20761094850646236,19.24137931034483,14.939655172413794,116
D7A,AV9D-2-CVLSDNYAQGLTF-AJ26_BV1-CTCSAGLGEGAETLYF-BJ2-3,0.20206140370857759,72.7,14.4,10
D7A,AV9D-3-CALRSSSFSKLVF-AJ50_BV19-CASSSRTGGHAEQFF-BJ2-1,0.1493365896451041,44.583333333333336,9.666666666666666,12
D7A,AV9D-3-CAVSMQGGRALIF-AJ15_BV13-3-CASRDRDEQYF-BJ2-7,0.2345192662375304,37.57142857142857,30.714285714285715,7
D7A,AV9N-4-CALSIDTNAYKVIF-AJ30_BV31-CAWTDWGDQNTLYF-BJ2-4,0.304998865955825,14.2,10.4,5
D7B,AV10-CAANSGGSNAKLTF-AJ42_BV19-CASSIGRTGNTLYF-BJ1-3,0.5915554254425536,30.318181818181817,33.13636363636363,22
D7B,AV10-CAASADYANKMIF-AJ47_BV3-CASSLAGQGYEQYF-BJ2-7,0.31852894650192254,16.166666666666668,14.5,6
D7B,AV10-CAASIDSNYQLIW-AJ33_BV19-CASSPSGTTNTEVFF-BJ1-1,0.15776735323819435,13.333333333333334,4.583333333333333,12
D7B,AV12-1-CALRDYSNNRLTL-AJ7_BV3-CASSPGVDTQYF-BJ2-5,0.4141920210270198,92.16666666666667,29.833333333333332,6
D7B,AV12-1-CALSDTGNTGKLIF-AJ37_BV13-2-CASGEAGSSYEQYF-BJ2-7,0.4585514025004831,18.90909090909091,20.454545454545453,11
D7B,AV12-2-CALNQGGSAKLIF-AJ57_BV1-CTCSADWGNYAEQFF-BJ2-1,0.2717954332132976,49.0,21.666666666666668,6
D7B,AV12-2-CALSDNQGGRALIF-AJ15_BV13-1-CASSAGLGDYAEQFF-BJ2-1,0.2074670972155942,14.0,5.333333333333333,6
D7B,AV12-2-CALSDRDSAGNKLTF-AJ17_BV13-3-CASSDRLNTGQLYF-BJ2-2,0.28272831084184497,21.25,13.0,8
D7B,AV12-3-CALSDSGSFNKLTF-AJ4_BV14-CASSLRGQQYF-BJ2-7,0.21736194497773423,21.833333333333332,10.333333333333334,6
D7B,AV12-3-CALSNSGTYQRF-AJ13_BV19-CASSPSGTTNTEVFF-BJ1-1,0.1339917470268833,22.0,4.75,8
D7B,AV12D-3-CALFYQGGRALIF-AJ15_BV13-1-CASSEGGREQYF-BJ2-7,0.3171970305442557,48.5,9.5,6
D7B,AV12D-3-CALTNYNVLYF-AJ21_BV19-CASSITGDNSPLYF-BJ1-6,0.18980690974703077,88.55555555555556,4.5,18
D7B,AV13-1-CAFNNAGAKLTF-AJ39_BV3-CASSYRDWGVEQYF-BJ2-7,0.19670059376321664,54.857142857142854,14.0,7
D7B,AV13-1-CALDTGYQNFYF-AJ49_BV5-CASSRDRGQDTQYF-BJ2-5,0.8380207172371936,39.333333333333336,32.166666666666664,6
D7B,AV13-1-CALEGRGSNYKLTF-AJ53_BV14-CASSSRYEQYF-BJ2-7,0.27873884062990895,31.5,9.5,8
D7B,AV13-1-CALERSNNRIFF-AJ31_BV2-CASSQDRRGDTQYF-BJ2-5,0.4470513522588554,11.285714285714286,21.571428571428573,7
D7B,AV13-1-CALSFNYAQGLTF-AJ26_BV2-CASSQDRVAEQFF-BJ2-1,0.30596615546373684,24.0,22.2,5
D7B,AV13-2-CAIDPNTGKLTF-AJ27_BV13-1-CASSDAGTEVFF-BJ1-1,0.29150714577342574,13.333333333333334,20.5,6
D7B,AV13-2-CAIDPNTNKVVF-AJ34_BV15-CASSTGNTLYF-BJ2-4,0.36348737491856953,71.4,20.8,5
D7B,AV13-2-CAIDPNTNKVVF-AJ34_BV31-CAWSLLGSQNTLYF-BJ2-4,0.2338883987062341,11.214285714285714,16.5,14
D7B,AV13-2-CAIDPNTNKVVF-AJ34_BV31-CAWSRLGVQNTLYF-BJ2-4,0.14601958798849152,23.428571428571427,13.857142857142858,7
D7B,AV13-2-CAIDQDTGYQNFYF-AJ49_BV30-CSSRGRFNYAEQFF-BJ2-1,0.24013771672489964,39.5,9.0,6
D7B,AV13-2-CAIDRPSSSFSKLVF-AJ50_BV26-CASSLSREYEQYF-BJ2-7,0.179952838363178,27.666666666666668,11.11111111111111,9
D7B,AV13-2-CAIDTEGADRLTF-AJ45_BV30-CSSREGQNTLYF-BJ2-4,0.46364768134797885,46.375,47.5625,16
D7B,AV13-2-CAIDTNTGKLTF-AJ27_BV13-2-CASGDVNTEVFF-BJ1-1,0.21293434844590395,43.0,12.285714285714286,7
D7B,AV13-2-CAIDTNTGKLTF-AJ27_BV13-3-CASSETGTEVFF-BJ1-1,0.47427455375067423,13.065040650406504,19.83739837398374,123
D7B,AV13-2-CALEGRGSNYKLTF-AJ53_BV14-CASSSRYEQYF-BJ2-7,0.5486251053798402,70.57142857142857,34.57142857142857,7
D7B,AV13-2-CAMNNNAGAKLTF-AJ39_BV14-CASSSRYEQYF-BJ2-7,0.5547362699530715,26.849056603773583,22.660377358490567,53
D7B,AV13-2-CAMNTGNYKYVF-AJ40_BV5-CASSRQQDTQYF-BJ2-5,0.23813685981565347,31.666666666666668,14.476190476190476,21
D7B,AV13D-1-CAMERSNNRIFF-AJ31_BV2-CASSQDRRGDTQYF-BJ2-5,0.30356273359780006,34.578947368421055,15.578947368421053,19
D7B,AV13D-2-CAIDRQGGRALIF-AJ15_BV13-1-CASSDQGVYEQYF-BJ2-7,0.2587417011158891,26.571428571428573,7.5,14
D7B,AV13D-2-CAIGGGSALGRLHF-AJ18_BV12-2-CASSPGQAAEQFF-BJ2-1,0.3536507927321264,46.57142857142857,12.142857142857142,7
D7B,AV13D-4-CAMDNNAGAKLTF-AJ39_BV14-CASSLRGQQYF-BJ2-7,0.29395918200562626,19.0,19.714285714285715,7
D7B,AV13D-4-CAMELDSNYQLIW-AJ33_BV17-CASSRGYNSPLYF-BJ1-6,0.3299377113339559,17.142857142857142,9.714285714285714,7
D7B,AV13N-1-CAMERSNNRIFF-AJ31_BV2-CASSQDRRGGEQYF-BJ2-7,0.23065314491430408,22.1,10.366666666666667,30
D7B,AV14-2-CAADSNYQLIW-AJ33_BV13-1-CASSEVGGQDTQYF-BJ2-5,0.24610913104589124,31.8,6.4,5
D7B,AV14-2-CAASAASGSWQLIF-AJ22_BV31-CAWSLAGSGNTLYF-BJ1-3,0.13402104797044245,22.833333333333332,6.333333333333333,6
D7B,AV14-2-CAASADTGNYKYVF-AJ40_BV13-3-CASSDAGGARQAPLF-BJ1-5,0.38047869422638564,10.4,15.8,15
D7B,AV14-2-CAASASSGSWQLIF-AJ22_BV31-CAWSLAGSGNTLYF-BJ1-3,0.2900422883170971,23.61111111111111,14.63888888888889,72
D7B,AV14-2-CAASASSGSWQLIF-AJ22_BV31-CAWSLGGSAETLYF-BJ2-3,0.13029707212561809,34.666666666666664,4.166666666666667,6
D7B,AV14-2-CAASASSGSWQLIF-AJ22_BV31-CAWSLQGSGNTLYF-BJ1-3,0.2901527398720943,14.23076923076923,7.615384615384615,13
D7B,AV14-2-CAASASSGSWQLIF-AJ22_BV31-CAWSLSGSGNTLYF-BJ1-3,0.2373794481003552,24.75,14.0,12
D7B,AV14-2-CAASESSGSWQLIF-AJ22_BV5-CASSQRLGGQEQYF-BJ2-7,0.3495397430602373,32.68181818181818,21.227272727272727,22
D7B,AV14-3-CAATNSAGNKLTF-AJ17_BV26-CASSLTLSGNTLYF-BJ1-3,0.3738690201429791,53.0,26.8,5
D7B,AV14D-1-CAAKEDSNYQLIW-AJ33_BV13-2-CASGDRTVSNERLFF-BJ1-4,0.18522998354282497,13.4,15.2,5
D7B,AV14D-1-CAARMDYANKMIF-AJ47_BV3-CASSLGLDEQYF-BJ2-7,0.3608259425634103,13.75,10.0,8
D7B,AV14D-1-CAASASNYNVLYF-AJ21_BV5-CASSRDWDEQYF-BJ2-7,0.15675214208728586,71.9090909090909,6.818181818181818,11
D7B,AV14D-1-CAASDSGYNKLTF-AJ11_BV5-CASSQGQANTGQLYF-BJ2-2,0.1806801601503608,20.545454545454547,7.0,11
D7B,AV14D-1-CAASSNMGYKLTF-AJ9_BV14-CASRQRDTQYF-BJ2-5,0.20037187070073118,27.5,11.833333333333334,6
D7B,AV14D-3/DV8-CAASASSGSWQLIF-AJ22_BV31-CAWSPLQGANTEVFF-BJ1-1,0.11020002340401983,15.8,11.2,5
D7B,AV14D-3/DV8-CAASASSGYNKLTF-AJ11_BV3-CASSLEGGAHEQYF-BJ2-7,0.364514076555214,137.9,26.8,10
D7B,AV15-1/DV6-1-CALWELNNYAQGLTF-AJ26_BV13-1-CASSDAGAEVFF-BJ1-1,0.2610311411023935,11.6,16.8,5
D7B,AV15D-2/DV6D-2-CALSELRDRGSALGRLHF-AJ18_BV4-CASSPTGKVFF-BJ1-1,0.19569460581988793,52.0,16.875,8
D7B,AV16-CAMREANTGYQNFYF-AJ49_BV13-2-CASGTGGQNTLYF-BJ2-4,0.7150587411355881,15.129032258064516,26.483870967741936,31
D7B,AV16-CAMREGNNNNAPRF-AJ43_BV13-1-CASSEVSTEVFF-BJ1-1,0.8092075311558997,25.81081081081081,40.24324324324324,37
D7B,AV16-CAMREGNNNNAPRF-AJ43_BV15-CASRQLGGRYEQYF-BJ2-7,0.41092153397947645,26.0,5.8,5
D7B,AV16-CAMREGYGNEKITF-AJ48_BV30-CSSREGQNTLYF-BJ2-4,0.3789157904809868,29.333333333333332,22.19047619047619,21
D7B,AV16/DV11-CAMREANTGYQNFYF-AJ49_BV13-2-CASGGGGQNTLYF-BJ2-4,0.4827723515400609,17.583333333333332,25.333333333333332,12
D7B,AV16/DV11-CAMREEITGNTGKLIF-AJ37_BV31-CAWSLGNYAEQFF-BJ2-1,0.39378301122740217,62.75,27.0,8
D7B,AV16N-CAMREANTGYQNFYF-AJ49_BV13-2-CASGEGGQNTLYF-BJ2-4,0.7385471828067027,21.09090909090909,46.54545454545455,11
D7B,AV16N-CAMREANTGYQNFYF-AJ49_BV13-2-CASGTGGQNTLYF-BJ2-4,0.8075056876525744,31.473684210526315,33.1578947368421,19
D7B,AV16N-CAMREDSNYQLIW-AJ33_BV3-CASSPGQISNERLFF-BJ1-4,0.391855654382236,38.0,21.0,8
D7B,AV16N-CAMREGDQGGRALIF-AJ15_BV13-1-CASSESRGPNERLFF-BJ1-4,0.20687801028553468,52.4,27.2,5
D7B,AV16N-CAMREGDSNNRIFF-AJ31_BV3-CASSLEQKANTEVFF-BJ1-1,0.23607286447123482,126.1,7.7,20
D7B,AV16N-CAMREGDSNYQLIW-AJ33_BV13-2-CASGEAPSAETLYF-BJ2-3,0.04405310307726893,10.8,4.6,5
D7B,AV16N-CAMREGGSNNRIFF-AJ31_BV13-2-CASGEGPANSDYTF-BJ1-2,0.21570390238843162,21.88888888888889,27.22222222222222,9
D7B,AV16N-CAMREGNNNNAPRF-AJ43_BV13-1-CASSEVSTEVFF-BJ1-1,0.9331676409144326,14.333333333333334,50.666666666666664,6
D7B,AV16N-CAMREGNSGTYQRF-AJ13_BV3-CASSLGQAPNSDYTF-BJ1-2,0.4475614000117063,40.0,26.933333333333334,15
D7B,AV16N-CAMRETGGYKVVF-AJ12_BV13-2-CASGDEYEQYF-BJ2-7,0.4846372364689991,12.0,7.4,5
D7B,AV16N-CAMRGDSNYQLIW-AJ33_BV13-2-CASGDATISNERLFF-BJ1-4,0.24307955482121463,80.375,16.375,8
D7B,AV16N-CAMRGGSNAKLTF-AJ42_BV1-CTCSADRVGQNTLYF-BJ2-4,0.2065094711767917,32.0,21.6,5
D7B,AV16N-CAMRQSSGSWQLIF-AJ22_BV1-CTCSASGTGDNSPLYF-BJ1-6,0.23999362692234455,17.8,15.6,5
D7B,AV19-CAAGADYANKMIF-AJ47_BV3-CASSPGPQNTLYF-BJ2-4,0.5048337352236385,29.8,26.4,5
D7B,AV19-CAAGGGSNYKLTF-AJ53_BV14-CASRDRYEQYF-BJ2-7,0.24594833639756425,67.3076923076923,8.153846153846153,13
D7B,AV19-CAAGGNNAGAKLTF-AJ39_BV3-CASSSGGRAEQFF-BJ2-1,0.3580709223306304,34.09090909090909,31.181818181818183,11
D7B,AV19-CAAGGSGGKLTL-AJ44_BV13-1-CASSDLTGAPNERLFF-BJ1-4,0.3929267411691837,16.833333333333332,9.833333333333334,6
D7B,AV19-CAAGNTGYQNFYF-AJ49_BV17-CASSRLGSSYEQYF-BJ2-7,0.7131271357259718,17.333333333333332,16.333333333333332,6
D7B,AV19-CAEASSSFSKLVF-AJ50_BV16-CASSPRTGGYAEQFF-BJ2-1,0.22941995855538155,21.818181818181817,16.863636363636363,22
D7B,AV19-CATNQGGSAKLIF-AJ57_BV5-CASSQQGNYAEQFF-BJ2-1,0.21929651946916637,48.857142857142854,11.857142857142858,7
D7B,AV3D-3-CAAPSNMGYKLTF-AJ9_BV5-CASSQGQGAEQFF-BJ2-1,0.2882288659291181,17.955555555555556,14.4,45
D7B,AV3D-3-CAVHYAQGLTF-AJ26_BV1-CTCSADRVNSDYTF-BJ1-2,0.3683631237977038,60.166666666666664,18.0,6
D7B,AV3D-3-CAVSANNYAQGLTF-AJ26_BV13-3-CASSDQGLKDTQYF-BJ2-5,0.5933876757407699,20.166666666666668,9.333333333333334,6
D7B,AV3D-3-CAVSEGNTGKLIF-AJ37_BV1-CTCSADAVGSDYTF-BJ1-2,0.3923044047224219,119.16666666666667,27.333333333333332,6
D7B,AV3D-3-CAVSGSGSWQLIF-AJ22_BV13-3-CASSDRTGGFSYEQYF-BJ2-7,0.28379928637739704,22.0,6.8,5
D7B,AV3D-3-CAVSPYQGGRALIF-AJ15_BV1-CTCRAGTGENTGQLYF-BJ2-2,0.1743888301580749,19.333333333333332,8.88888888888889,9
D7B,AV4-3-CAAATGGNNKLTF-AJ56_BV19-CASSIVSYAEQFF-BJ2-1,0.38319968418274947,60.333333333333336,56.666666666666664,6
D7B,AV4-3-CAAEDTGYQNFYF-AJ49_BV13-3-CASRDRYEQYF-BJ2-7,0.523606804204304,15.714285714285714,22.0,7
D7B,AV4-4/DV10-CAAEVASSSFSKLVF-AJ50_BV16-CASSLEGATQYF-BJ2-5,0.15306177839560273,12.636363636363637,15.909090909090908,11
D7B,AV4-4/DV10-CAALDYANKMIF-AJ47_BV2-CASSPDRGYNNQAPLF-BJ1-5,0.38718646867862183,28.8,24.68,50
D7B,AV5-1-CSASMNYNQGKLIF-AJ23_BV3-CASSLGTDHEQYF-BJ2-7,0.31893249622293945,21.90909090909091,15.545454545454545,22
D7B,AV5-4-CAASAGGYQNFYF-AJ49_BV1-CTCSALGGYAEQFF-BJ2-1,0.22987300484658782,29.0,12.11111111111111,9
D7B,AV5-4-CAASSDYNQGKLIF-AJ23_BV3-CASSSGLGYEQYF-BJ2-7,0.9201666045825428,35.30769230769231,52.38461538461539,13
D7B,AV6-2-CVLGSNMGYKLTF-AJ9_BV29-CASSLGRGVNQAPLF-BJ1-5,0.447743964575051,80.71428571428571,27.428571428571427,7
D7B,AV6-3-CAMIPYTGNYKYVF-AJ40_BV31-CAWSRLGVQNTLYF-BJ2-4,0.19920904664278938,17.4,5.8,5
D7B,AV6-3-CAMRDDNTGKLTF-AJ27_BV13-1-CASSGGRFSDYTF-BJ1-2,0.21969924145519643,43.8,12.6,5
D7B,AV6-5-CALSDRGSNAKLTF-AJ42_BV17-CASSRGYNSPLYF-BJ1-6,0.3325984418806535,14.0,19.25,8
D7B,AV6-6-CALANTGANTGKLTF-AJ52_BV13-1-CASSDALYAEQFF-BJ2-1,0.197079883993374,21.857142857142858,14.714285714285714,14
D7B,AV6-6-CALGDSGGSNAKLTF-AJ42_BV19-CASSMGLSYNSPLYF-BJ1-6,0.1995304312616762,25.285714285714285,9.857142857142858,7
D7B,AV6-6-CALGDYANKMIF-AJ47_BV13-1-CASSDADSNNQAPLF-BJ1-5,0.4200774909440713,118.8,25.2,5
D7B,AV6-6-CALGEDGSSGNKLIF-AJ32_BV13-3-CASRQGARTEVFF-BJ1-1,0.3281974248546157,230.75,21.875,8
D7B,AV6-6-CALGEDSGSWQLIF-AJ22_BV3-CASSLGGRYEQYF-BJ2-7,0.24978575386288654,17.5,7.125,8
D7B,AV6-6-CALGEDYSNNRLTL-AJ7_BV26-CASSHGGRNTLYF-BJ2-4,0.24631948033287981,36.23809523809524,15.761904761904763,21
D7B,AV6-6-CALGGTGNTGKLIF-AJ37_BV13-1-CASSAGNYAEQFF-BJ2-1,0.1984152603840802,15.387096774193548,8.612903225806452,31
D7B,AV6-6-CALGSNYQLIW-AJ33_BV13-2-CASGDAGTNTEVFF-BJ1-1,0.5477609440050588,33.2,24.3,10
D7B,AV6-7/DV9-CALSDNNNAPRF-AJ43_BV1-CTCSADFGGWEQYF-BJ2-7,0.47492228843580087,19.714285714285715,18.428571428571427,7
D7B,AV6D-5-CALGDSGYNKLTF-AJ11_BV31-CAWSLRLGQDTQYF-BJ2-5,0.20534966161192603,17.133333333333333,25.666666666666668,15
D7B,AV6D-7-CALGDDSGYNKLTF-AJ11_BV3-CASSLGQISYEQYF-BJ2-7,0.5040870352545413,23.2,20.5,10
D7B,AV6D-7-CALVLNTNTGKLTF-AJ27_BV31-CAWSLAGSGNTLYF-BJ1-3,0.14820128344937283,46.0,9.833333333333334,6
D7B,AV6N-6-CALSATSSGQKLVF-AJ16_BV23-CSSSQSQTTNTEVFF-BJ1-1,0.2965027784030299,16.580645161290324,15.35483870967742,31
D7B,AV6N-6-CALSPSGSWQLIF-AJ22_BV13-1-CASSDVGYEQYF-BJ2-7,0.786739201764113,13.679487179487179,31.487179487179485,156
D7B,AV6N-6-CARASSGSWQLIF-AJ22_BV13-1-CASSDAGAEVFF-BJ1-1,0.7291095184294789,7.166666666666667,19.5,6
D7B,AV7-1-CAVSDQGGRALIF-AJ15_BV19-CASSMRGVSDYTF-BJ1-2,0.4529830405463097,46.333333333333336,24.555555555555557,9
D7B,AV7-1-CAVSITGANTGKLTF-AJ52_BV1-CTCSAGGNYAEQFF-BJ2-1,0.10286240872986023,35.4,14.8,5
D7B,AV7-2-CAANSNTNKVVF-AJ34_BV13-2-CASGDWQGDSPLYF-BJ1-6,0.3582944594121396,24.294117647058822,22.176470588235293,34
D7B,AV7-3-CAVSGQGGRALIF-AJ15_BV19-CASSPGHANTEVFF-BJ1-1,0.33691622802568577,16.0,8.0,7
D7B,AV7-3-CAVSPASSGSWQLIF-AJ22_BV13-2-CASGDVGGQNTLYF-BJ2-4,0.41809529293458425,30.142857142857142,25.857142857142858,7
D7B,AV7-3-CAVYQGGRALIF-AJ15_BV19-CASSIDGLGDAEQFF-BJ2-1,0.3299541068748261,21.166666666666668,10.166666666666666,6
D7B,AV7-5-CAVGGSGGKLTL-AJ44_BV4-CASSLGRHTEVFF-BJ1-1,0.26600581953335356,36.41463414634146,15.097560975609756,41
D7B,AV7-5-CAVSMPGNTGKLIF-AJ37_BV4-CASSWGNYAEQFF-BJ2-1,0.2171940417072549,33.785714285714285,11.071428571428571,14
D7B,AV7D-3-CAVQGGRALIF-AJ15_BV1-CTCSADQNSGNTLYF-BJ1-3,0.21235527688404496,20.666666666666668,10.0,15
D7B,AV7D-4-CAASEHAQGLTF-AJ26_BV13-1-CASSDVANTEVFF-BJ1-1,0.39730524240212406,75.6,17.0,5
D7B,AV7D-4-CAASEHEDSNYQLIW-AJ33_BV1-CTCSAAWGGAYEQYF-BJ2-7,0.28661676089307986,383.42857142857144,10.285714285714286,7
D7B,AV7D-4-CAASEITGYQNFYF-AJ49_BV13-2-CASGERGAYNSPLYF-BJ1-6,0.3609849987655184,22.333333333333332,20.666666666666668,9
D7B,AV8-1-CAPSASSGSWQLIF-AJ22_BV13-2-CASGDEVSNERLFF-BJ1-4,0.6384603965212838,40.0,26.8,5
D7B,AV8-1-CATAPSSGSWQLIF-AJ22_BV13-2-CASGDETGAETLYF-BJ2-3,0.5222983630663944,17.272727272727273,25.242424242424242,33
D7B,AV8-2-CATDAGGNEKITF-AJ48_BV13-1-CASSDLTGAPNERLFF-BJ1-4,0.3421680331700992,17.22222222222222,18.88888888888889,9
D7B,AV8D-2-CATDAQGGRALIF-AJ15_BV3-CASSLGVEAPLF-BJ1-5,0.3991975400288174,37.0,34.4,5
D7B,AV8D-2-CATDGNSNNRIFF-AJ31_BV3-CASSIRDWEYEQYF-BJ2-7,0.20760139551338766,16.0,9.2,5
D7B,AV8D-2-CATDGYQGGRALIF-AJ15_BV26-CASSPGQGHERLFF-BJ1-4,0.3855952090184009,32.0,19.8,5
D7B,AV8D-2-CATDNQGGRALIF-AJ15_BV5-CASSPGTGSERLFF-BJ1-4,0.34245229020821705,29.818181818181817,16.09090909090909,11
D7B,AV8D-2-CATDTGGLSGKLTF-AJ2_BV13-1-CASSPGQYAEQFF-BJ2-1,0.19251001755598288,18.941176470588236,13.529411764705882,34
D7B,AV8N-2-CAPGTGGYKVVF-AJ12_BV13-1-CASSEGTYQNTLYF-BJ2-4,0.37394220736449446,32.5,20.5,22
D7B,AV8N-2-CATDDTNAYKVIF-AJ30_BV13-3-CASSGTGSNERLFF-BJ1-4,0.4630906714016367,37.333333333333336,18.0,6
D7B,AV8N-2-CATDHQGGRALIF-AJ15_BV29-CASSSGTSGNTLYF-BJ1-3,0.2703485473189317,23.72222222222222,12.333333333333334,18
D7B,AV8N-2-CATEDQGGRALIF-AJ15_BV19-CASSTPGQAPLF-BJ1-5,0.2337354941235425,14.2,10.8,5
D7B,AV9-1-CAVSADGSSGNKLIF-AJ32_BV1-CTCSAVRINTEVFF-BJ1-1,0.18764059664626442,19.875,13.0,8
D7B,AV9-2-CVLSVTEGADRLTF-AJ45_BV14-CASSSRYEQYF-BJ2-7,0.4509591710765242,16.483870967741936,31.096774193548388,31
D7B,AV9-4-CAVSAAGTGSNRLTF-AJ28_BV1-CTCSADWGVWAETLYF-BJ2-3,0.4554282166433177,15.666666666666666,32.833333333333336,6
D7B,AV9D-1-CAVSNMGYKLTF-AJ9_BV13-2-CASGVDINNQAPLF-BJ1-5,0.20724377494810842,39.833333333333336,15.0,6
D7B,AV9D-3-CALYGSSGNKLIF-AJ32_BV29-CASSLRVHEQYF-BJ2-7,0.2294431733449627,14.642857142857142,16.142857142857142,14
D7B,AV9D-3-CAVSMQGGSAKLIF-AJ57_BV13-3-CASRDRGRDTQYF-BJ2-5,0.32797467387407925,126.8,14.8,5
D7C,AV1-CAVRPNNNNAPRF-AJ43_BV13-2-CASGARTYNYAEQFF-BJ2-1,0.6182571053113985,41.0,26.833333333333332,12
D7C,AV10-CAASDVGDNSKLIW-AJ38_BV1-CTCSADWTSGNTLYF-BJ1-3,0.2539080525118889,113.42857142857143,18.285714285714285,7
D7C,AV10-CAASIASSSFSKLVF-AJ50_BV1-CTCSATNNQAPLF-BJ1-5,0.19350321730053685,46.285714285714285,10.142857142857142,7
D7C,AV10-CAASMDYANKMIF-AJ47_BV3-CASSPGTGYEQYF-BJ2-7,0.29436250939617237,32.375,31.5,8
D7C,AV10-CAASTDYNQGKLIF-AJ23_BV3-CASSLGTSYEQYF-BJ2-7,0.29896091264425934,19.142857142857142,23.428571428571427,7
D7C,AV10D-CAASRDYNQGKLIF-AJ23_BV3-CASSLGGSQNTLYF-BJ2-4,0.5468378247043706,293.8,41.8,5
D7C,AV10N-CAASMAGGNYKPTF-AJ6_BV1-CTCSADSGGNYAEQFF-BJ2-1,0.20300922473849875,125.3,9.9,10
D7C,AV10N-CAASMDTGGLSGKLTF-AJ2_BV16-CASSLNWGANYAEQFF-BJ2-1,0.3862799600838669,20.923076923076923,15.0,13
D7C,AV10N-CAASMDYANKMIF-AJ47_BV3-CASSLATGYEQYF-BJ2-7,0.10534553574820987,8.285714285714286,4.571428571428571,7
D7C,AV11-CVVGRRYGSSGNKLIF-AJ32_BV19-CASSTDRGLNSPLYF-BJ1-6,0.1546627827707035,8.285714285714286,9.857142857142858,7
D7C,AV12-2-CALRGTGNYKYVF-AJ40_BV1-CTCSASRDPYNSPLYF-BJ1-6,0.3290351674921127,28.833333333333332,91.33333333333333,6
D7C,AV12-2-CALSDRGSSSFSKLVF-AJ50_BV1-CTCSGTNNQAPLF-BJ1-5,0.3926285630594196,35.8,22.4,5
D7C,AV12-3-CALSDDTNKVVF-AJ34_BV13-2-CASGDKISYNSPLYF-BJ1-6,0.2420909550889911,147.0,31.375,8
D7C,AV12-3-CALSDNYNQGKLIF-AJ23_BV2-CASSQAVSYEQYF-BJ2-7,0.39491181958233484,42.0,22.46153846153846,13
D7C,AV12D-2-CALDYANKMIF-AJ47_BV14-CASSFRAEQFF-BJ2-1,0.29449316903382194,16.666666666666668,14.75,12
D7C,AV12D-3-CALSGPGTGSNRLTF-AJ28_BV29-CASTANTEVFF-BJ1-1,0.2409079944216863,31.38095238095238,16.523809523809526,21
D7C,AV13-1-CALEPSGSWQLIF-AJ22_BV1-CTCSAGTGGDTGQLYF-BJ2-2,0.4527436723605856,148.0,16.666666666666668,12
D7C,AV13-1-CALERSNNRIFF-AJ31_BV2-CASSQDRRGDEQYF-BJ2-7,0.36070846817016733,26.59090909090909,26.727272727272727,22
D7C,AV13-2-CAIDPNTGKLTF-AJ27_BV13-3-CASSDVNSDYTF-BJ1-2,0.8431903946040075,60.76923076923077,24.46153846153846,13
D7C,AV13-2-CAIDPNTNKVVF-AJ34_BV31-CAWSLLGSQNTLYF-BJ2-4,0.19298396626807063,27.4,22.6,5
D7C,AV13-2-CAIDSNTGKLTF-AJ27_BV13-2-CASGDAGGEVFF-BJ1-1,0.31997370995651725,30.39455782312925,15.700680272108844,147
D7C,AV13-2-CAIDSNTNKVVF-AJ34_BV1-CTCSSQNTLYF-BJ2-4,0.38238802768085434,30.4,20.2,5
D7C,AV13-2-CAPNNNAGAKLTF-AJ39_BV14-CASSDRYEQYF-BJ2-7,0.5293582605588153,27.571428571428573,32.304761904761904,105
D7C,AV13D-1-CAMEDNYAQGLTF-AJ26_BV13-1-CASSDKGWEVFF-BJ1-1,0.37047761278835195,28.0,32.166666666666664,6
D7C,AV13D-1-CAMETSNYNVLYF-AJ21_BV13-3-CASSDRDEQFF-BJ2-1,0.9062391711564898,11.285714285714286,12.285714285714286,7
D7C,AV13D-2-CAIDTNTGKLTF-AJ27_BV26-CASSLDRAITGQLYF-BJ2-2,0.2260651124315079,16.0,11.833333333333334,6
D7C,AV13D-2-CAIYQGGRALIF-AJ15_BV1-CTCSADRGNSYNSPLYF-BJ1-6,0.28941197607028885,108.3,18.6,10
D7C,AV13D-4-CAMANNYAQGLTF-AJ26_BV17-CASSSQNTLYF-BJ2-4,0.2695584340013998,23.2,8.6,5
D7C,AV14-1-CAAMSNYNVLYF-AJ21_BV20-CGARDRNTGQLYF-BJ2-2,0.3103386384520054,21.9,17.1,10
D7C,AV14-1-CAASADTGNYKYVF-AJ40_BV13-3-CASSDSNTEVFF-BJ1-1,0.2838913175934781,14.5,33.142857142857146,14
D7C,AV14-2-CAAGASSGSWQLIF-AJ22_BV31-CAWSLAGSGNTLYF-BJ1-3,0.26727646832064217,31.487179487179485,18.974358974358974,39
D7C,AV14-2-CAASAASGSWQLIF-AJ22_BV31-CAWSLAGSGNTLYF-BJ1-3,0.24613168849365127,42.5,11.25,8
D7C,AV14-2-CAASADTGNYKYVF-AJ40_BV13-3-CASSDNNQAPLF-BJ1-5,0.49095136362334085,28.333333333333332,29.666666666666668,6
D7C,AV14-2-CAASADYGSSGNKLIF-AJ32_BV4-CASRQFSYNSPLYF-BJ1-6,0.36147793073275236,68.91428571428571,23.914285714285715,35
D7C,AV14-2-CAASASSGSWQLIF-AJ22_BV13-1-CASSGTGGINQAPLF-BJ1-5,0.22926602009638872,50.09375,15.5,32
D7C,AV14-2-CAASASSGSWQLIF-AJ22_BV31-CAWSLAGSGNTLYF-BJ1-3,0.29111770557288325,31.095238095238095,22.761904761904763,21
D7C,AV14-2-CAASGDYAQGLTF-AJ26_BV3-CASSLGYQDTQYF-BJ2-5,0.6047985271113728,22.25,36.04545454545455,44
D7C,AV14-2-CAASGTGYQNFYF-AJ49_BV2-CASSQAWGNQDTQYF-BJ2-5,0.21604662557691526,160.63636363636363,15.818181818181818,11
D7C,AV14-2-CAATASSGSWQLIF-AJ22_BV13-2-CASGDWGGEVETLYF-BJ2-3,0.16496928415520795,19.2,7.4,5
D7C,AV14-2-CAATNSAGNKLTF-AJ17_BV26-CASSRTLSGNTLYF-BJ1-3,0.15880578867383,25.444444444444443,8.666666666666666,9
D7C,AV14-3-CAASAAYANKMIF-AJ47_BV3-CASSLGPANTGQLYF-BJ2-2,0.2529816348294441,75.0,16.375,8
D7C,AV14D-1-CAASADSGTYQRF-AJ13_BV13-2-CASGDALGDYEQYF-BJ2-7,0.3530862732322636,55.888888888888886,35.111111111111114,9
D7C,AV14D-1-CAASGYNQGKLIF-AJ23_BV13-2-CASGDVGGGQDTQYF-BJ2-5,0.28877852935613063,205.1818181818182,13.636363636363637,11
D7C,AV14D-3/DV8-CAAGASSGSWQLIF-AJ22_BV31-CAWSPRQGAGTEVFF-BJ1-1,0.49669878590101546,86.5,36.666666666666664,6
D7C,AV14D-3/DV8-CAASASSGSWQLIF-AJ22_BV31-CAWSPLQGANTEVFF-BJ1-1,0.3387535520553816,15.545454545454545,15.818181818181818,11
D7C,AV14D-3/DV8-CAASETSGSWQLIF-AJ22_BV5-CASSPRLGGDTQYF-BJ2-5,0.23405135618697473,12.714285714285714,15.285714285714286,7
D7C,AV16-CAMGTGSGGKLTL-AJ44_BV1-CTCSTRGANERLFF-BJ1-4,0.23569745532096692,22.114285714285714,12.17142857142857,35
D7C,AV16-CAMREANTGYQNFYF-AJ49_BV13-2-CASGDGAQNTLYF-BJ2-4,0.6813287430890476,9.5,24.5,10
D7C,AV16-CAMREANTGYQNFYF-AJ49_BV13-2-CASGTGGQNTLYF-BJ2-4,0.6104340468306736,21.114285714285714,22.62857142857143,70
D7C,AV16-CAMREDGYQNFYF-AJ49_BV16-CASSLGWGGREQYF-BJ2-7,0.22534214190990473,33.63636363636363,14.93939393939394,33
D7C,AV16-CAMREDTGYQNFYF-AJ49_BV13-2-CASGDRGRNEQYF-BJ2-7,0.7967251358519538,33.36363636363637,42.45454545454545,11
D7C,AV16-CAMREGNTGYQNFYF-AJ49_BV13-2-CASGDGAQNTLYF-BJ2-4,0.7331029095301093,36.18181818181818,56.13636363636363,22
D7C,AV16-CAMRESITGNTGKLIF-AJ37_BV26-CASSRDWDQDTQYF-BJ2-5,0.14038625030804214,15.0,5.8,5
D7C,AV16-CAMRESNTGYQNFYF-AJ49_BV13-2-CASGTGGQNTLYF-BJ2-4,0.5403366984218338,19.33009708737864,24.488673139158575,309
D7C,AV16-CAMREVMDYANKMIF-AJ47_BV1-CTCSADLSQDTQYF-BJ2-5,0.5333623673941718,14.333333333333334,30.333333333333332,6
D7C,AV16/DV11-CAMREGGGYKVVF-AJ12_BV13-2-CASGARTYNYAEQFF-BJ2-1,0.44104223760456174,119.5,30.3,10
D7C,AV16/DV11-CAMREVDTNAYKVIF-AJ30_BV13-1-CASSDGLNSDYTF-BJ1-2,0.3126198829089291,9.6,14.8,5
D7C,AV16N-CAMREANTGYQNFYF-AJ49_BV13-2-CASGEGGQNTLYF-BJ2-4,0.8505366577444889,25.375,41.25,8
D7C,AV16N-CAMREANTGYQNFYF-AJ49_BV13-2-CASGTGGQNTLYF-BJ2-4,0.5703191046930369,11.8,9.8,5
D7C,AV16N-CAMREETGNTGKLIF-AJ37_BV1-CTCSANRVDTQYF-BJ2-5,0.34849756639561724,31.25,15.875,8
D7C,AV16N-CAMREGGAGNTGKLIF-AJ37_BV13-2-CASGDNYEQYF-BJ2-7,0.5245619630440073,17.375,10.875,8
D7C,AV16N-CAMREGNNAGAKLTF-AJ39_BV16-CASSSGQKNTEVFF-BJ1-1,0.2618167912611801,30.661538461538463,16.6,65
D7C,AV16N-CAMREGNSNNRIFF-AJ31_BV13-1-CASRDINTEVFF-BJ1-1,0.44334636712034975,43.583333333333336,24.333333333333332,12
D7C,AV16N-CAMREGNTNTGKLTF-AJ27_BV13-2-CASGGQGVSQNTLYF-BJ2-4,0.3630164063962361,119.16666666666667,33.0,6
D7C,AV17-CALEGSGYGNEKITF-AJ48_BV1-CTCSGDRVSYEQYF-BJ2-7,0.24018379714031182,149.16666666666666,16.166666666666668,12
D7C,AV17-CALEGSYGNEKITF-AJ48_BV1-CTCSADRVGSDYTF-BJ1-2,0.278449973296789,48.24242424242424,19.060606060606062,33
D7C,AV19-CAAGAAGNTGKLIF-AJ37_BV26-CASSLSKVNQDTQYF-BJ2-5,0.5069670280122223,85.2,10.0,5
D7C,AV19-CAAGAAGYQNFYF-AJ49_BV17-CASSRRTGANTGQLYF-BJ2-2,0.3555536357234256,19.153846153846153,14.153846153846153,13
D7C,AV19-CAANQGGSAKLIF-AJ57_BV5-CASSRQVNYAEQFF-BJ2-1,0.26317586323304176,41.72727272727273,16.0,11
D7C,AV2-CIVTDMNYNQGKLIF-AJ23_BV19-CASSPTGPNSDYTF-BJ1-2,0.1325497825349493,83.66666666666667,4.266666666666667,15
D7C,AV21/DV12-CILRDTEGADRLTF-AJ45_BV16-CASSFAVYAEQFF-BJ2-1,0.39535334052175825,197.42857142857142,13.142857142857142,7
D7C,AV21/DV12-CILRVAWNNNAPRF-AJ43_BV2-CASSQEQGYAEQFF-BJ2-1,0.4693460759799115,30.93548387096774,33.225806451612904,31
D7C,AV3-1-CAVSGQGGRALIF-AJ15_BV13-1-CASRGTAYEQYF-BJ2-7,0.16824014036446347,113.0,11.6,5
D7C,AV3-3-CAVSAWANYNVLYF-AJ21_BV3-CASSLGRSYEQYF-BJ2-7,0.20486116182693545,17.918367346938776,13.591836734693878,49
D7C,AV3-3-CAVSMDNNAPRF-AJ43_BV1-CTCSAVGGDTQYF-BJ2-5,0.5822015803269407,18.6,29.4,5
D7C,AV3D-3-CAAGTGGYKVVF-AJ12_BV26-CASSLGSLNQDTQYF-BJ2-5,0.3107110182959216,67.25,21.625,8
D7C,AV3D-3-CALNMGYKLTF-AJ9_BV13-2-CASGARDWGGAQNTLYF-BJ2-4,0.12106449102461939,9.6,6.8,5
D7C,AV3D-3-CAVSDYGSSGNKLIF-AJ32_BV5-CASSPDRGDERLFF-BJ1-4,0.28027699267456946,12.75,13.875,8
D7C,AV3D-3-CAVSDYNVLYF-AJ21_BV3-CASSQYLRDNQDTQYF-BJ2-5,0.32554167424482566,27.36842105263158,18.973684210526315,38
D7C,AV3D-3-CAVSEPSGSWQLIF-AJ22_BV5-CASSQGRGHERLFF-BJ1-4,0.28117097637964733,16.857142857142858,8.428571428571429,7
D7C,AV3D-3-CAVSERSNYNVLYF-AJ21_BV5-CASSQGQGYAEQFF-BJ2-1,0.23364833164147766,25.75,17.25,8
D7C,AV4-3-CAAYGSSGNKLIF-AJ32_BV17-CASSSLGGFYAEQFF-BJ2-1,0.44049689278513066,15.9375,10.6875,16
D7C,AV4D-3-CAADTNAYKVIF-AJ30_BV29-CASSEDNNQAPLF-BJ1-5,0.30463298649676673,13.6,10.2,5
D7C,AV4D-4-CAAEPASSGSWQLIF-AJ22_BV16-CASSLELGSDTQYF-BJ2-5,0.22494278896571895,31.125,10.75,8
D7C,AV5-1-CSASPSSGSWQLIF-AJ22_BV4-CASSNTGGAGAETLYF-BJ2-3,0.7150796309311397,68.6,23.5,20
D7C,AV5-1-CSASPSSGSWQLIF-AJ22_BV4-CASSSTGGAGAETLYF-BJ2-3,0.3573893535306488,147.2,24.2,5
D7C,AV5-1-CSASTEGADRLTF-AJ45_BV3-CASSFGRVGNTLYF-BJ1-3,0.25071041793857546,31.125,12.625,24
D7C,AV5-4-CAASSNTNKVVF-AJ34_BV13-1-CASSATGDSDYTF-BJ1-2,0.23596822616939644,20.0,5.6,5
D7C,AV5D-4-CAASENSNYQLIW-AJ33_BV4-CASSQNTLYF-BJ2-4,0.259026175385782,121.85714285714286,7.714285714285714,7
D7C,AV6-4-CALVESGGSNAKLTF-AJ42_BV19-CASSMGVGNTEVFF-BJ1-1,0.32310998271806,70.42857142857143,17.285714285714285,28
D7C,AV6-5-CALSDQPGNTGKLIF-AJ37_BV14-CASSLRYEQYF-BJ2-7,0.40329152317770056,18.2,17.8,5
D7C,AV6-6-CALGDGTGGYKVVF-AJ12_BV14-CASSFWNYAEQFF-BJ2-1,0.29400955630299,121.93333333333334,17.466666666666665,15
D7C,AV6-6-CALGDLTGGNNKLTF-AJ56_BV13-3-CASKDRGREQYF-BJ2-7,0.16569097818346912,32.0,15.75,16
D7C,AV6-6-CALGDRNYNQGKLIF-AJ23_BV3-CASSLGGVSNERLFF-BJ1-4,0.18962394171542343,16.6,8.0,5
D7C,AV6-6-CALGEEEWATGGNNKLTF-AJ56_BV1-CTCSTRGANERLFF-BJ1-4,0.22522948278490293,24.045454545454547,18.477272727272727,44
D7C,AV6-6-CALGESGGSNAKLTF-AJ42_BV13-3-CASSDAQTYNSPLYF-BJ1-6,0.39049266895097684,23.5,29.571428571428573,14
D7C,AV6D-5-CVLGDTGSGGKLTL-AJ44_BV13-1-CASSDAMYAEQFF-BJ2-1,0.28877279760350466,28.63888888888889,13.833333333333334,36
D7C,AV6D-7-CALGANYNQGKLIF-AJ23_BV1-CTCSAGLGKDTQYF-BJ2-5,0.31664588554830175,22.333333333333332,17.5,6
D7C,AV6N-6-CARASSGSWQLIF-AJ22_BV13-1-CASSDAGTEVFF-BJ1-1,0.44317260271570486,19.869565217391305,14.347826086956522,23
D7C,AV7-2-CAADNVGDNSKLIW-AJ38_BV4-CASSPGTGYSDYTF-BJ1-2,0.20540073751709662,23.833333333333332,10.5,6
D7C,AV7-2-CAASDNYAQGLTF-AJ26_BV31-CAWSLGNYAEQFF-BJ2-1,0.24053345319022318,18.529411764705884,13.470588235294118,17
D7C,AV7-2-CAASKGGRALIF-AJ15_BV13-1-CASSDWASSYEQYF-BJ2-7,0.28286246790524366,37.61764705882353,23.676470588235293,34
D7C,AV7-2-CAASMGTGGYKVVF-AJ12_BV13-2-CASLGEYAEQFF-BJ2-1,0.35327469522800153,149.66666666666666,48.5,6
D7C,AV7-2-CAASMRGSALGRLHF-AJ18_BV14-CASSFRQGAVTGQLYF-BJ2-2,0.2228559216328448,34.142857142857146,16.571428571428573,7
D7C,AV7-2-CAASQGGRALIF-AJ15_BV26-CASSLSRAGTGQLYF-BJ2-2,0.38544764934120185,23.941176470588236,19.11764705882353,17
D7C,AV7-3-CAGQGGRALIF-AJ15_BV1-CTCSADQNSGNTLYF-BJ1-3,0.22644608118052903,71.2,11.4,5
D7C,AV7-3-CAVRQTQVVGQLTF-AJ5_BV20-CGARMGTEVFF-BJ1-1,0.28970790245748196,59.05263157894737,60.421052631578945,19
D7C,AV7-3-CAVSAEGADRLTF-AJ45_BV1-CTCSADRGGNSPLYF-BJ1-6,0.1962766225367056,15.607142857142858,13.178571428571429,28
D7C,AV7-4-CAASEDYNQGKLIF-AJ23_BV31-CAWSLGHYAEQFF-BJ2-1,0.3353565296533589,103.01923076923077,28.076923076923077,52
D7C,AV7-4-CAASERGASSSFSKLVF-AJ50_BV1-CTCSATNNQAPLF-BJ1-5,0.24297968791158778,76.6,33.1,10
D7C,AV7-4-CAASSDTNAYKVIF-AJ30_BV2-CASSQRTGVNTLYF-BJ2-4,0.33772622706465766,157.28571428571428,15.857142857142858,7
D7C,AV7-5-CAVRNAGAKLTF-AJ39_BV1-CTCSATGGGNQAPLF-BJ1-5,0.3899547640873964,80.0,35.333333333333336,15
D7C,AV7-5-CAVRPGTGSNRLTF-AJ28_BV14-CASRYRGEQYF-BJ2-7,0.42780595652555087,21.9375,28.25,16
D7C,AV7-5-CAVSMDNYAQGLTF-AJ26_BV1-CTCSAVRVSGNTLYF-BJ1-3,0.34560438666152793,267.0,34.57142857142857,7
D7C,AV7-5-CAVSMDYANKMIF-AJ47_BV3-CASSFGATYEQYF-BJ2-7,0.22483848582365631,38.34782608695652,16.782608695652176,23
D7C,AV7D-3-CAVSMSYAQGLTF-AJ26_BV1-CTCSARTGGGYAEQFF-BJ2-1,0.33778600285647425,47.5,38.833333333333336,6
D7C,AV7D-5-CAVKGQGTGSKLSF-AJ58_BV1-CTCSATGGGNQAPLF-BJ1-5,0.19035378006666398,11.538461538461538,10.153846153846153,13
D7C,AV7D-5-CAVRDTGGLSGKLTF-AJ2_BV1-CTCSADRLGSAETLYF-BJ2-3,0.2721250826832716,16.714285714285715,12.857142857142858,7
D7C,AV7D-6-CAGNYSNNRLTL-AJ7_BV16-CASSLNWGANYAEQFF-BJ2-1,0.18830655928459702,41.0,11.0,10
D7C,AV7N-4-CAVSEDRGSALGRLHF-AJ18_BV1-CTCSAGGDYAEQFF-BJ2-1,0.2962951492752753,28.333333333333332,33.0,15
D7C,AV8-1-CATDYDTNAYKVIF-AJ30_BV13-2-CASGDPIRNERLFF-BJ1-4,0.25647061276023064,56.36363636363637,18.272727272727273,11
D7C,AV8-1-CATGASSGSWQLIF-AJ22_BV4-CASSRTENTLYF-BJ2-4,0.3704395188233534,35.94736842105263,26.526315789473685,19
D7C,AV8D-2-CATDAMNTGGLSGKLTF-AJ2_BV13-1-CASSPGQYAEQFF-BJ2-1,0.2689846416300908,20.571428571428573,9.428571428571429,7
D7C,AV8D-2-CATDDQGGRALIF-AJ15_BV19-CASSIGTSQNTLYF-BJ2-4,0.1925481719453502,38.55555555555556,8.666666666666666,9
D7C,AV8D-2-CATDGQGGRALIF-AJ15_BV29-CASSLGTSGNTLYF-BJ1-3,0.5076905528695296,57.6,25.0,5
D7C,AV8D-2-CATDGTNKVVF-AJ34_BV3-CASSLAREYEQYF-BJ2-7,0.27395769895369826,36.47663551401869,19.373831775700936,107
D7C,AV8D-2-CATDNQGGRALIF-AJ15_BV19-CASSIGTSGNTLYF-BJ1-3,0.30213058239285717,30.285714285714285,4.428571428571429,7
D7C,AV8D-2-CATDPSSGQKLVF-AJ16_BV3-CASSLAWGASYEQYF-BJ2-7,0.24937600418730568,42.833333333333336,8.5,6
D7C,AV8D-2-CATESSGGNYKPTF-AJ6_BV13-1-CASRNRDEQYF-BJ2-7,0.9347646450562438,12.0,24.0,10
D7C,AV8D-2-CATTGQGGRALIF-AJ15_BV19-CASSPGTGETEVFF-BJ1-1,0.2735482493814093,72.28571428571429,19.142857142857142,7
D7C,AV8N-2-CATENYGSSGNKLIF-AJ32_BV3-CASSLGREYTQYF-BJ2-5,0.23704679618847144,14.8125,13.125,16
D7C,AV8N-2-CATESQGGRALIF-AJ15_BV3-CASSDRAGQDTQYF-BJ2-5,0.2607709809764075,17.666666666666668,8.666666666666666,6
D7C,AV9-2-CVFHDTNAYKVIF-AJ30_BV13-2-CASGDALFQDTQYF-BJ2-5,0.3450987388731548,29.916666666666668,19.833333333333332,12
D7C,AV9-2-CVLSARSGGSNAKLTF-AJ42_BV1-CTCSSQNTLYF-BJ2-4,0.26963588480450573,39.6,337.2,5
D7C,AV9D-3-CAVSMLSGSFNKLTF-AJ4_BV3-CASSQYLRDNQDTQYF-BJ2-5,0.19457824540918545,43.607142857142854,17.0,28
