,percentile,thresh_ly49c,n_cells,pct_cells_retained,n_clonotypes_baseline_ge5,n_clonotypes_filtered_retained,n_common_clonotypes_retained,median_cosine_dist,median_l1_dist,mean_entropy_change,mean_coherence_change
0,1.0,69.0,1284,100.0,98,98,98,0.0,0.0,0.0,0.0
1,0.995,17.585000000000036,1277,99.45482866043614,98,98,98,0.0,0.0,-0.0036021363528040157,-0.0007051468243804758
2,0.99,12.170000000000073,1271,98.98753894080997,98,97,97,0.0,0.0,-0.007714342102893669,-0.001899577201357078
3,0.985,8.0,1265,98.5202492211838,98,97,97,0.0,0.0,-0.00901504685297352,-0.0024428586160809905
4,0.98,7.0,1261,98.20872274143302,98,97,97,0.0,0.0,-0.01125606470146412,-0.002824819313327726
5,0.975,7.0,1261,98.20872274143302,98,97,97,0.0,0.0,-0.01125606470146412,-0.002824819313327726
6,0.97,6.0,1248,97.19626168224299,98,95,95,0.0,0.0,-0.011379952043553743,-0.0031439782482061106
7,0.965,5.0,1241,96.65109034267913,98,95,95,0.0,0.0,-0.013260795845724099,-0.003508608066502276
8,0.96,5.0,1241,96.65109034267913,98,95,95,0.0,0.0,-0.013260795845724099,-0.003508608066502276
9,0.955,5.0,1241,96.65109034267913,98,95,95,0.0,0.0,-0.013260795845724099,-0.003508608066502276
10,0.95,4.0,1224,95.32710280373831,98,94,94,0.0,0.0,-0.0165281966038095,-0.00405941659371854
11,0.945,4.0,1224,95.32710280373831,98,94,94,0.0,0.0,-0.0165281966038095,-0.00405941659371854
12,0.94,4.0,1224,95.32710280373831,98,94,94,0.0,0.0,-0.0165281966038095,-0.00405941659371854
13,0.935,4.0,1224,95.32710280373831,98,94,94,0.0,0.0,-0.0165281966038095,-0.00405941659371854
14,0.9299999999999999,4.0,1224,95.32710280373831,98,94,94,0.0,0.0,-0.0165281966038095,-0.00405941659371854
15,0.925,4.0,1224,95.32710280373831,98,94,94,0.0,0.0,-0.0165281966038095,-0.00405941659371854
16,0.92,3.0,1185,92.28971962616822,98,92,92,0.0012170946743807476,0.052858928559261976,-0.033870672526030744,-0.008378980229685756
17,0.915,3.0,1185,92.28971962616822,98,92,92,0.0012170946743807476,0.052858928559261976,-0.033870672526030744,-0.008378980229685756
18,0.91,3.0,1185,92.28971962616822,98,92,92,0.0012170946743807476,0.052858928559261976,-0.033870672526030744,-0.008378980229685756
19,0.905,3.0,1185,92.28971962616822,98,92,92,0.0012170946743807476,0.052858928559261976,-0.033870672526030744,-0.008378980229685756
20,0.9,3.0,1185,92.28971962616822,98,92,92,0.0012170946743807476,0.052858928559261976,-0.033870672526030744,-0.008378980229685756
21,0.895,3.0,1185,92.28971962616822,98,92,92,0.0012170946743807476,0.052858928559261976,-0.033870672526030744,-0.008378980229685756
22,0.89,3.0,1185,92.28971962616822,98,92,92,0.0012170946743807476,0.052858928559261976,-0.033870672526030744,-0.008378980229685756
23,0.885,3.0,1185,92.28971962616822,98,92,92,0.0012170946743807476,0.052858928559261976,-0.033870672526030744,-0.008378980229685756
24,0.88,3.0,1185,92.28971962616822,98,92,92,0.0012170946743807476,0.052858928559261976,-0.033870672526030744,-0.008378980229685756
25,0.875,3.0,1185,92.28971962616822,98,92,92,0.0012170946743807476,0.052858928559261976,-0.033870672526030744,-0.008378980229685756
26,0.87,3.0,1185,92.28971962616822,98,92,92,0.0012170946743807476,0.052858928559261976,-0.033870672526030744,-0.008378980229685756
27,0.865,2.0,1115,86.8380062305296,98,87,87,0.006102505162899008,0.10255113468366839,-0.04757817496688255,-0.010101603114743962
28,0.86,2.0,1115,86.8380062305296,98,87,87,0.006102505162899008,0.10255113468366839,-0.04757817496688255,-0.010101603114743962
29,0.855,2.0,1115,86.8380062305296,98,87,87,0.006102505162899008,0.10255113468366839,-0.04757817496688255,-0.010101603114743962
30,0.85,2.0,1115,86.8380062305296,98,87,87,0.006102505162899008,0.10255113468366839,-0.04757817496688255,-0.010101603114743962
31,0.845,2.0,1115,86.8380062305296,98,87,87,0.006102505162899008,0.10255113468366839,-0.04757817496688255,-0.010101603114743962
32,0.84,2.0,1115,86.8380062305296,98,87,87,0.006102505162899008,0.10255113468366839,-0.04757817496688255,-0.010101603114743962
33,0.835,2.0,1115,86.8380062305296,98,87,87,0.006102505162899008,0.10255113468366839,-0.04757817496688255,-0.010101603114743962
34,0.83,2.0,1115,86.8380062305296,98,87,87,0.006102505162899008,0.10255113468366839,-0.04757817496688255,-0.010101603114743962
35,0.825,2.0,1115,86.8380062305296,98,87,87,0.006102505162899008,0.10255113468366839,-0.04757817496688255,-0.010101603114743962
36,0.8200000000000001,2.0,1115,86.8380062305296,98,87,87,0.006102505162899008,0.10255113468366839,-0.04757817496688255,-0.010101603114743962
37,0.815,2.0,1115,86.8380062305296,98,87,87,0.006102505162899008,0.10255113468366839,-0.04757817496688255,-0.010101603114743962
38,0.81,2.0,1115,86.8380062305296,98,87,87,0.006102505162899008,0.10255113468366839,-0.04757817496688255,-0.010101603114743962
39,0.8049999999999999,2.0,1115,86.8380062305296,98,87,87,0.006102505162899008,0.10255113468366839,-0.04757817496688255,-0.010101603114743962
40,0.8,2.0,1115,86.8380062305296,98,87,87,0.006102505162899008,0.10255113468366839,-0.04757817496688255,-0.010101603114743962
41,0.7949999999999999,2.0,1115,86.8380062305296,98,87,87,0.006102505162899008,0.10255113468366839,-0.04757817496688255,-0.010101603114743962
42,0.79,2.0,1115,86.8380062305296,98,87,87,0.006102505162899008,0.10255113468366839,-0.04757817496688255,-0.010101603114743962
43,0.785,2.0,1115,86.8380062305296,98,87,87,0.006102505162899008,0.10255113468366839,-0.04757817496688255,-0.010101603114743962
44,0.78,2.0,1115,86.8380062305296,98,87,87,0.006102505162899008,0.10255113468366839,-0.04757817496688255,-0.010101603114743962
45,0.775,2.0,1115,86.8380062305296,98,87,87,0.006102505162899008,0.10255113468366839,-0.04757817496688255,-0.010101603114743962
46,0.77,2.0,1115,86.8380062305296,98,87,87,0.006102505162899008,0.10255113468366839,-0.04757817496688255,-0.010101603114743962
47,0.765,2.0,1115,86.8380062305296,98,87,87,0.006102505162899008,0.10255113468366839,-0.04757817496688255,-0.010101603114743962
48,0.76,2.0,1115,86.8380062305296,98,87,87,0.006102505162899008,0.10255113468366839,-0.04757817496688255,-0.010101603114743962
49,0.755,1.0,971,75.62305295950156,98,73,73,0.016511414154408488,0.18652659336265,-0.06060379338322454,-0.013687732049298244
50,0.75,1.0,971,75.62305295950156,98,73,73,0.016511414154408488,0.18652659336265,-0.06060379338322454,-0.013687732049298244
51,0.745,1.0,971,75.62305295950156,98,73,73,0.016511414154408488,0.18652659336265,-0.06060379338322454,-0.013687732049298244
52,0.74,1.0,971,75.62305295950156,98,73,73,0.016511414154408488,0.18652659336265,-0.06060379338322454,-0.013687732049298244
53,0.735,1.0,971,75.62305295950156,98,73,73,0.016511414154408488,0.18652659336265,-0.06060379338322454,-0.013687732049298244
54,0.73,1.0,971,75.62305295950156,98,73,73,0.016511414154408488,0.18652659336265,-0.06060379338322454,-0.013687732049298244
55,0.725,1.0,971,75.62305295950156,98,73,73,0.016511414154408488,0.18652659336265,-0.06060379338322454,-0.013687732049298244
56,0.72,1.0,971,75.62305295950156,98,73,73,0.016511414154408488,0.18652659336265,-0.06060379338322454,-0.013687732049298244
57,0.715,1.0,971,75.62305295950156,98,73,73,0.016511414154408488,0.18652659336265,-0.06060379338322454,-0.013687732049298244
58,0.71,1.0,971,75.62305295950156,98,73,73,0.016511414154408488,0.18652659336265,-0.06060379338322454,-0.013687732049298244
59,0.7050000000000001,1.0,971,75.62305295950156,98,73,73,0.016511414154408488,0.18652659336265,-0.06060379338322454,-0.013687732049298244
60,0.7,1.0,971,75.62305295950156,98,73,73,0.016511414154408488,0.18652659336265,-0.06060379338322454,-0.013687732049298244
61,0.6950000000000001,1.0,971,75.62305295950156,98,73,73,0.016511414154408488,0.18652659336265,-0.06060379338322454,-0.013687732049298244
62,0.69,1.0,971,75.62305295950156,98,73,73,0.016511414154408488,0.18652659336265,-0.06060379338322454,-0.013687732049298244
63,0.685,1.0,971,75.62305295950156,98,73,73,0.016511414154408488,0.18652659336265,-0.06060379338322454,-0.013687732049298244
64,0.6799999999999999,1.0,971,75.62305295950156,98,73,73,0.016511414154408488,0.18652659336265,-0.06060379338322454,-0.013687732049298244
65,0.675,1.0,971,75.62305295950156,98,73,73,0.016511414154408488,0.18652659336265,-0.06060379338322454,-0.013687732049298244
66,0.6699999999999999,1.0,971,75.62305295950156,98,73,73,0.016511414154408488,0.18652659336265,-0.06060379338322454,-0.013687732049298244
67,0.665,1.0,971,75.62305295950156,98,73,73,0.016511414154408488,0.18652659336265,-0.06060379338322454,-0.013687732049298244
68,0.6599999999999999,1.0,971,75.62305295950156,98,73,73,0.016511414154408488,0.18652659336265,-0.06060379338322454,-0.013687732049298244
69,0.655,1.0,971,75.62305295950156,98,73,73,0.016511414154408488,0.18652659336265,-0.06060379338322454,-0.013687732049298244
70,0.6499999999999999,1.0,971,75.62305295950156,98,73,73,0.016511414154408488,0.18652659336265,-0.06060379338322454,-0.013687732049298244
71,0.645,1.0,971,75.62305295950156,98,73,73,0.016511414154408488,0.18652659336265,-0.06060379338322454,-0.013687732049298244
72,0.64,1.0,971,75.62305295950156,98,73,73,0.016511414154408488,0.18652659336265,-0.06060379338322454,-0.013687732049298244
73,0.635,1.0,971,75.62305295950156,98,73,73,0.016511414154408488,0.18652659336265,-0.06060379338322454,-0.013687732049298244
74,0.63,1.0,971,75.62305295950156,98,73,73,0.016511414154408488,0.18652659336265,-0.06060379338322454,-0.013687732049298244
75,0.625,1.0,971,75.62305295950156,98,73,73,0.016511414154408488,0.18652659336265,-0.06060379338322454,-0.013687732049298244
76,0.62,1.0,971,75.62305295950156,98,73,73,0.016511414154408488,0.18652659336265,-0.06060379338322454,-0.013687732049298244
77,0.615,1.0,971,75.62305295950156,98,73,73,0.016511414154408488,0.18652659336265,-0.06060379338322454,-0.013687732049298244
78,0.61,1.0,971,75.62305295950156,98,73,73,0.016511414154408488,0.18652659336265,-0.06060379338322454,-0.013687732049298244
79,0.605,1.0,971,75.62305295950156,98,73,73,0.016511414154408488,0.18652659336265,-0.06060379338322454,-0.013687732049298244
80,0.6,1.0,971,75.62305295950156,98,73,73,0.016511414154408488,0.18652659336265,-0.06060379338322454,-0.013687732049298244
81,0.595,1.0,971,75.62305295950156,98,73,73,0.016511414154408488,0.18652659336265,-0.06060379338322454,-0.013687732049298244
82,0.59,1.0,971,75.62305295950156,98,73,73,0.016511414154408488,0.18652659336265,-0.06060379338322454,-0.013687732049298244
83,0.585,1.0,971,75.62305295950156,98,73,73,0.016511414154408488,0.18652659336265,-0.06060379338322454,-0.013687732049298244
84,0.5800000000000001,1.0,971,75.62305295950156,98,73,73,0.016511414154408488,0.18652659336265,-0.06060379338322454,-0.013687732049298244
85,0.575,1.0,971,75.62305295950156,98,73,73,0.016511414154408488,0.18652659336265,-0.06060379338322454,-0.013687732049298244
86,0.5700000000000001,1.0,971,75.62305295950156,98,73,73,0.016511414154408488,0.18652659336265,-0.06060379338322454,-0.013687732049298244
87,0.565,0.0,730,56.85358255451713,98,55,55,0.03602515218297697,0.2878352148940384,-0.09086494012878413,-0.020690108892357433
88,0.56,0.0,730,56.85358255451713,98,55,55,0.03602515218297697,0.2878352148940384,-0.09086494012878413,-0.020690108892357433
89,0.5549999999999999,0.0,730,56.85358255451713,98,55,55,0.03602515218297697,0.2878352148940384,-0.09086494012878413,-0.020690108892357433
90,0.55,0.0,730,56.85358255451713,98,55,55,0.03602515218297697,0.2878352148940384,-0.09086494012878413,-0.020690108892357433
91,0.5449999999999999,0.0,730,56.85358255451713,98,55,55,0.03602515218297697,0.2878352148940384,-0.09086494012878413,-0.020690108892357433
92,0.54,0.0,730,56.85358255451713,98,55,55,0.03602515218297697,0.2878352148940384,-0.09086494012878413,-0.020690108892357433
93,0.5349999999999999,0.0,730,56.85358255451713,98,55,55,0.03602515218297697,0.2878352148940384,-0.09086494012878413,-0.020690108892357433
94,0.53,0.0,730,56.85358255451713,98,55,55,0.03602515218297697,0.2878352148940384,-0.09086494012878413,-0.020690108892357433
95,0.5249999999999999,0.0,730,56.85358255451713,98,55,55,0.03602515218297697,0.2878352148940384,-0.09086494012878413,-0.020690108892357433
96,0.52,0.0,730,56.85358255451713,98,55,55,0.03602515218297697,0.2878352148940384,-0.09086494012878413,-0.020690108892357433
97,0.515,0.0,730,56.85358255451713,98,55,55,0.03602515218297697,0.2878352148940384,-0.09086494012878413,-0.020690108892357433
98,0.51,0.0,730,56.85358255451713,98,55,55,0.03602515218297697,0.2878352148940384,-0.09086494012878413,-0.020690108892357433
99,0.505,0.0,730,56.85358255451713,98,55,55,0.03602515218297697,0.2878352148940384,-0.09086494012878413,-0.020690108892357433
100,0.5,0.0,730,56.85358255451713,98,55,55,0.03602515218297697,0.2878352148940384,-0.09086494012878413,-0.020690108892357433
101,0.495,0.0,730,56.85358255451713,98,55,55,0.03602515218297697,0.2878352148940384,-0.09086494012878413,-0.020690108892357433
102,0.49,0.0,730,56.85358255451713,98,55,55,0.03602515218297697,0.2878352148940384,-0.09086494012878413,-0.020690108892357433
103,0.485,0.0,730,56.85358255451713,98,55,55,0.03602515218297697,0.2878352148940384,-0.09086494012878413,-0.020690108892357433
104,0.48,0.0,730,56.85358255451713,98,55,55,0.03602515218297697,0.2878352148940384,-0.09086494012878413,-0.020690108892357433
105,0.475,0.0,730,56.85358255451713,98,55,55,0.03602515218297697,0.2878352148940384,-0.09086494012878413,-0.020690108892357433
106,0.47,0.0,730,56.85358255451713,98,55,55,0.03602515218297697,0.2878352148940384,-0.09086494012878413,-0.020690108892357433
107,0.46499999999999997,0.0,730,56.85358255451713,98,55,55,0.03602515218297697,0.2878352148940384,-0.09086494012878413,-0.020690108892357433
108,0.45999999999999996,0.0,730,56.85358255451713,98,55,55,0.03602515218297697,0.2878352148940384,-0.09086494012878413,-0.020690108892357433
109,0.45499999999999996,0.0,730,56.85358255451713,98,55,55,0.03602515218297697,0.2878352148940384,-0.09086494012878413,-0.020690108892357433
110,0.44999999999999996,0.0,730,56.85358255451713,98,55,55,0.03602515218297697,0.2878352148940384,-0.09086494012878413,-0.020690108892357433
111,0.44499999999999995,0.0,730,56.85358255451713,98,55,55,0.03602515218297697,0.2878352148940384,-0.09086494012878413,-0.020690108892357433
112,0.43999999999999995,0.0,730,56.85358255451713,98,55,55,0.03602515218297697,0.2878352148940384,-0.09086494012878413,-0.020690108892357433
113,0.43499999999999994,0.0,730,56.85358255451713,98,55,55,0.03602515218297697,0.2878352148940384,-0.09086494012878413,-0.020690108892357433
114,0.42999999999999994,0.0,730,56.85358255451713,98,55,55,0.03602515218297697,0.2878352148940384,-0.09086494012878413,-0.020690108892357433
115,0.42499999999999993,0.0,730,56.85358255451713,98,55,55,0.03602515218297697,0.2878352148940384,-0.09086494012878413,-0.020690108892357433
116,0.42000000000000004,0.0,730,56.85358255451713,98,55,55,0.03602515218297697,0.2878352148940384,-0.09086494012878413,-0.020690108892357433
117,0.41500000000000004,0.0,730,56.85358255451713,98,55,55,0.03602515218297697,0.2878352148940384,-0.09086494012878413,-0.020690108892357433
118,0.41000000000000003,0.0,730,56.85358255451713,98,55,55,0.03602515218297697,0.2878352148940384,-0.09086494012878413,-0.020690108892357433
119,0.405,0.0,730,56.85358255451713,98,55,55,0.03602515218297697,0.2878352148940384,-0.09086494012878413,-0.020690108892357433
120,0.4,0.0,730,56.85358255451713,98,55,55,0.03602515218297697,0.2878352148940384,-0.09086494012878413,-0.020690108892357433
121,0.395,0.0,730,56.85358255451713,98,55,55,0.03602515218297697,0.2878352148940384,-0.09086494012878413,-0.020690108892357433
122,0.39,0.0,730,56.85358255451713,98,55,55,0.03602515218297697,0.2878352148940384,-0.09086494012878413,-0.020690108892357433
123,0.385,0.0,730,56.85358255451713,98,55,55,0.03602515218297697,0.2878352148940384,-0.09086494012878413,-0.020690108892357433
124,0.38,0.0,730,56.85358255451713,98,55,55,0.03602515218297697,0.2878352148940384,-0.09086494012878413,-0.020690108892357433
125,0.375,0.0,730,56.85358255451713,98,55,55,0.03602515218297697,0.2878352148940384,-0.09086494012878413,-0.020690108892357433
126,0.37,0.0,730,56.85358255451713,98,55,55,0.03602515218297697,0.2878352148940384,-0.09086494012878413,-0.020690108892357433
127,0.365,0.0,730,56.85358255451713,98,55,55,0.03602515218297697,0.2878352148940384,-0.09086494012878413,-0.020690108892357433
128,0.36,0.0,730,56.85358255451713,98,55,55,0.03602515218297697,0.2878352148940384,-0.09086494012878413,-0.020690108892357433
129,0.355,0.0,730,56.85358255451713,98,55,55,0.03602515218297697,0.2878352148940384,-0.09086494012878413,-0.020690108892357433
130,0.35,0.0,730,56.85358255451713,98,55,55,0.03602515218297697,0.2878352148940384,-0.09086494012878413,-0.020690108892357433
131,0.345,0.0,730,56.85358255451713,98,55,55,0.03602515218297697,0.2878352148940384,-0.09086494012878413,-0.020690108892357433
132,0.33999999999999997,0.0,730,56.85358255451713,98,55,55,0.03602515218297697,0.2878352148940384,-0.09086494012878413,-0.020690108892357433
133,0.33499999999999996,0.0,730,56.85358255451713,98,55,55,0.03602515218297697,0.2878352148940384,-0.09086494012878413,-0.020690108892357433
134,0.32999999999999996,0.0,730,56.85358255451713,98,55,55,0.03602515218297697,0.2878352148940384,-0.09086494012878413,-0.020690108892357433
135,0.32499999999999996,0.0,730,56.85358255451713,98,55,55,0.03602515218297697,0.2878352148940384,-0.09086494012878413,-0.020690108892357433
136,0.31999999999999995,0.0,730,56.85358255451713,98,55,55,0.03602515218297697,0.2878352148940384,-0.09086494012878413,-0.020690108892357433
137,0.31499999999999995,0.0,730,56.85358255451713,98,55,55,0.03602515218297697,0.2878352148940384,-0.09086494012878413,-0.020690108892357433
138,0.30999999999999994,0.0,730,56.85358255451713,98,55,55,0.03602515218297697,0.2878352148940384,-0.09086494012878413,-0.020690108892357433
139,0.30499999999999994,0.0,730,56.85358255451713,98,55,55,0.03602515218297697,0.2878352148940384,-0.09086494012878413,-0.020690108892357433
140,0.29999999999999993,0.0,730,56.85358255451713,98,55,55,0.03602515218297697,0.2878352148940384,-0.09086494012878413,-0.020690108892357433
141,0.29500000000000004,0.0,730,56.85358255451713,98,55,55,0.03602515218297697,0.2878352148940384,-0.09086494012878413,-0.020690108892357433
142,0.29000000000000004,0.0,730,56.85358255451713,98,55,55,0.03602515218297697,0.2878352148940384,-0.09086494012878413,-0.020690108892357433
143,0.28500000000000003,0.0,730,56.85358255451713,98,55,55,0.03602515218297697,0.2878352148940384,-0.09086494012878413,-0.020690108892357433
144,0.28,0.0,730,56.85358255451713,98,55,55,0.03602515218297697,0.2878352148940384,-0.09086494012878413,-0.020690108892357433
145,0.275,0.0,730,56.85358255451713,98,55,55,0.03602515218297697,0.2878352148940384,-0.09086494012878413,-0.020690108892357433
146,0.27,0.0,730,56.85358255451713,98,55,55,0.03602515218297697,0.2878352148940384,-0.09086494012878413,-0.020690108892357433
147,0.265,0.0,730,56.85358255451713,98,55,55,0.03602515218297697,0.2878352148940384,-0.09086494012878413,-0.020690108892357433
148,0.26,0.0,730,56.85358255451713,98,55,55,0.03602515218297697,0.2878352148940384,-0.09086494012878413,-0.020690108892357433
149,0.255,0.0,730,56.85358255451713,98,55,55,0.03602515218297697,0.2878352148940384,-0.09086494012878413,-0.020690108892357433
150,0.25,0.0,730,56.85358255451713,98,55,55,0.03602515218297697,0.2878352148940384,-0.09086494012878413,-0.020690108892357433
151,0.245,0.0,730,56.85358255451713,98,55,55,0.03602515218297697,0.2878352148940384,-0.09086494012878413,-0.020690108892357433
152,0.24,0.0,730,56.85358255451713,98,55,55,0.03602515218297697,0.2878352148940384,-0.09086494012878413,-0.020690108892357433
153,0.235,0.0,730,56.85358255451713,98,55,55,0.03602515218297697,0.2878352148940384,-0.09086494012878413,-0.020690108892357433
154,0.22999999999999998,0.0,730,56.85358255451713,98,55,55,0.03602515218297697,0.2878352148940384,-0.09086494012878413,-0.020690108892357433
155,0.22499999999999998,0.0,730,56.85358255451713,98,55,55,0.03602515218297697,0.2878352148940384,-0.09086494012878413,-0.020690108892357433
156,0.21999999999999997,0.0,730,56.85358255451713,98,55,55,0.03602515218297697,0.2878352148940384,-0.09086494012878413,-0.020690108892357433
157,0.21499999999999997,0.0,730,56.85358255451713,98,55,55,0.03602515218297697,0.2878352148940384,-0.09086494012878413,-0.020690108892357433
158,0.20999999999999996,0.0,730,56.85358255451713,98,55,55,0.03602515218297697,0.2878352148940384,-0.09086494012878413,-0.020690108892357433
159,0.20499999999999996,0.0,730,56.85358255451713,98,55,55,0.03602515218297697,0.2878352148940384,-0.09086494012878413,-0.020690108892357433
160,0.19999999999999996,0.0,730,56.85358255451713,98,55,55,0.03602515218297697,0.2878352148940384,-0.09086494012878413,-0.020690108892357433
161,0.19499999999999995,0.0,730,56.85358255451713,98,55,55,0.03602515218297697,0.2878352148940384,-0.09086494012878413,-0.020690108892357433
162,0.18999999999999995,0.0,730,56.85358255451713,98,55,55,0.03602515218297697,0.2878352148940384,-0.09086494012878413,-0.020690108892357433
163,0.18499999999999994,0.0,730,56.85358255451713,98,55,55,0.03602515218297697,0.2878352148940384,-0.09086494012878413,-0.020690108892357433
164,0.17999999999999994,0.0,730,56.85358255451713,98,55,55,0.03602515218297697,0.2878352148940384,-0.09086494012878413,-0.020690108892357433
165,0.17499999999999993,0.0,730,56.85358255451713,98,55,55,0.03602515218297697,0.2878352148940384,-0.09086494012878413,-0.020690108892357433
166,0.16999999999999993,0.0,730,56.85358255451713,98,55,55,0.03602515218297697,0.2878352148940384,-0.09086494012878413,-0.020690108892357433
167,0.16500000000000004,0.0,730,56.85358255451713,98,55,55,0.03602515218297697,0.2878352148940384,-0.09086494012878413,-0.020690108892357433
168,0.16000000000000003,0.0,730,56.85358255451713,98,55,55,0.03602515218297697,0.2878352148940384,-0.09086494012878413,-0.020690108892357433
169,0.15500000000000003,0.0,730,56.85358255451713,98,55,55,0.03602515218297697,0.2878352148940384,-0.09086494012878413,-0.020690108892357433
170,0.15000000000000002,0.0,730,56.85358255451713,98,55,55,0.03602515218297697,0.2878352148940384,-0.09086494012878413,-0.020690108892357433
171,0.14500000000000002,0.0,730,56.85358255451713,98,55,55,0.03602515218297697,0.2878352148940384,-0.09086494012878413,-0.020690108892357433
172,0.14,0.0,730,56.85358255451713,98,55,55,0.03602515218297697,0.2878352148940384,-0.09086494012878413,-0.020690108892357433
173,0.135,0.0,730,56.85358255451713,98,55,55,0.03602515218297697,0.2878352148940384,-0.09086494012878413,-0.020690108892357433
174,0.13,0.0,730,56.85358255451713,98,55,55,0.03602515218297697,0.2878352148940384,-0.09086494012878413,-0.020690108892357433
175,0.125,0.0,730,56.85358255451713,98,55,55,0.03602515218297697,0.2878352148940384,-0.09086494012878413,-0.020690108892357433
176,0.12,0.0,730,56.85358255451713,98,55,55,0.03602515218297697,0.2878352148940384,-0.09086494012878413,-0.020690108892357433
177,0.11499999999999999,0.0,730,56.85358255451713,98,55,55,0.03602515218297697,0.2878352148940384,-0.09086494012878413,-0.020690108892357433
178,0.10999999999999999,0.0,730,56.85358255451713,98,55,55,0.03602515218297697,0.2878352148940384,-0.09086494012878413,-0.020690108892357433
179,0.10499999999999998,0.0,730,56.85358255451713,98,55,55,0.03602515218297697,0.2878352148940384,-0.09086494012878413,-0.020690108892357433
180,0.09999999999999998,0.0,730,56.85358255451713,98,55,55,0.03602515218297697,0.2878352148940384,-0.09086494012878413,-0.020690108892357433
181,0.09499999999999997,0.0,730,56.85358255451713,98,55,55,0.03602515218297697,0.2878352148940384,-0.09086494012878413,-0.020690108892357433
182,0.08999999999999997,0.0,730,56.85358255451713,98,55,55,0.03602515218297697,0.2878352148940384,-0.09086494012878413,-0.020690108892357433
183,0.08499999999999996,0.0,730,56.85358255451713,98,55,55,0.03602515218297697,0.2878352148940384,-0.09086494012878413,-0.020690108892357433
184,0.07999999999999996,0.0,730,56.85358255451713,98,55,55,0.03602515218297697,0.2878352148940384,-0.09086494012878413,-0.020690108892357433
185,0.07499999999999996,0.0,730,56.85358255451713,98,55,55,0.03602515218297697,0.2878352148940384,-0.09086494012878413,-0.020690108892357433
186,0.06999999999999995,0.0,730,56.85358255451713,98,55,55,0.03602515218297697,0.2878352148940384,-0.09086494012878413,-0.020690108892357433
187,0.06499999999999995,0.0,730,56.85358255451713,98,55,55,0.03602515218297697,0.2878352148940384,-0.09086494012878413,-0.020690108892357433
188,0.05999999999999994,0.0,730,56.85358255451713,98,55,55,0.03602515218297697,0.2878352148940384,-0.09086494012878413,-0.020690108892357433
189,0.05499999999999994,0.0,730,56.85358255451713,98,55,55,0.03602515218297697,0.2878352148940384,-0.09086494012878413,-0.020690108892357433
190,0.04999999999999993,0.0,730,56.85358255451713,98,55,55,0.03602515218297697,0.2878352148940384,-0.09086494012878413,-0.020690108892357433
191,0.04499999999999993,0.0,730,56.85358255451713,98,55,55,0.03602515218297697,0.2878352148940384,-0.09086494012878413,-0.020690108892357433
192,0.040000000000000036,0.0,730,56.85358255451713,98,55,55,0.03602515218297697,0.2878352148940384,-0.09086494012878413,-0.020690108892357433
193,0.03500000000000003,0.0,730,56.85358255451713,98,55,55,0.03602515218297697,0.2878352148940384,-0.09086494012878413,-0.020690108892357433
194,0.030000000000000027,0.0,730,56.85358255451713,98,55,55,0.03602515218297697,0.2878352148940384,-0.09086494012878413,-0.020690108892357433
195,0.025000000000000022,0.0,730,56.85358255451713,98,55,55,0.03602515218297697,0.2878352148940384,-0.09086494012878413,-0.020690108892357433
196,0.020000000000000018,0.0,730,56.85358255451713,98,55,55,0.03602515218297697,0.2878352148940384,-0.09086494012878413,-0.020690108892357433
197,0.015000000000000013,0.0,730,56.85358255451713,98,55,55,0.03602515218297697,0.2878352148940384,-0.09086494012878413,-0.020690108892357433
198,0.010000000000000009,0.0,730,56.85358255451713,98,55,55,0.03602515218297697,0.2878352148940384,-0.09086494012878413,-0.020690108892357433
199,0.0050000000000000044,0.0,730,56.85358255451713,98,55,55,0.03602515218297697,0.2878352148940384,-0.09086494012878413,-0.020690108892357433
200,0.0,0.0,730,56.85358255451713,98,55,55,0.03602515218297697,0.2878352148940384,-0.09086494012878413,-0.020690108892357433
