clonotype,n_hi,n_rest,ly49c_hi,ly49c_rest,shannon_hi,shannon_rest,coincidence_hi,coincidence_rest,shannon_diff,coincidence_diff
AV11-CVVGTGKLTF-AJ27_BV13-2-CASGDAWGQAGNTLYF-BJ1-3,2,2,2.5,0.5,0.2553740758439828,0.0,0.0990308486551734,0.0,0.2553740758439828,0.0990308486551734
AV12D-2-CALNQGGSAKLIF-AJ57_BV1-CTCSADWGNYAEQFF-BJ2-1,2,19,2.0,0.21052631578947367,0.6105238925898591,1.2476053839116212,0.538446799770076,0.9868404418838773,-0.6370814913217622,-0.4483936421138013
AV13-2-CAIDSEGADRLTF-AJ45_BV30-CSSSPGQNEQYF-BJ2-7,2,11,2.5,0.09090909090909091,0.24697493029089712,0.445028259341832,0.08851041825986174,0.2591236237711064,-0.19805332905093487,-0.1706132055112447
AV13-2-CAIEHNYAQGLTF-AJ26_BV13-3-CASSDRGEQYF-BJ2-7,1,3,2.0,0.3333333333333333,1.3822337482514357,0.42035813184883536,0.7691161177699123,0.21012744175248657,0.9618756164026003,0.5589886760174257
AV16-CAMRATSSGQKLVF-AJ16_BV1-CTCSAVRVGNTLYF-BJ1-3,2,12,2.0,0.25,1.0416204679058052,0.6114444654856769,0.7002127215638572,0.41434452453934156,0.4301760024201283,0.2858681970245156
AV16-CAMREANTGYQNFYF-AJ49_BV13-2-CASGEGAQNTLYF-BJ2-4,2,16,2.5,0.3125,1.5464811903763587,1.1604114884236303,1.261735247419409,1.0015730317134572,0.3860697019527284,0.26016221570595177
AV16-CAMREGNTNKVVF-AJ34_BV16-CASSLAPGNQDTQYF-BJ2-5,1,2,2.0,0.0,0.9132829641650988,0.31738115776815173,0.6193380803221713,0.16569007827808335,0.595901806396947,0.45364800204408795
AV16/DV11-CAMREGPTNAYKVIF-AJ30_BV13-2-CASGDTYEQYF-BJ2-7,3,9,2.6666666666666665,0.3333333333333333,0.4831688982582844,0.6585643406019849,0.19722964980178018,0.3235610919691791,-0.17539544234370047,-0.12633144216739892
AV16/DV11-CAMREGTNAYKVIF-AJ30_BV13-2-CASGDAWGQAGNTLYF-BJ1-3,1,4,2.0,0.25,0.13435001140827504,0.33547261761707425,0.04634885209672012,0.14956332107482834,-0.2011226062087992,-0.10321446897810821
AV16N-CAMRDPGTQVVGQLTF-AJ5_BV13-1-CASMGANTEVFF-BJ1-1,1,17,2.0,0.23529411764705882,0.0,0.1811473865428489,0.0,0.08167714767324231,-0.1811473865428489,-0.08167714767324231
AV19-CAAGPMATGGNNKLTF-AJ56_BV12-2-CASSWGGYAEQFF-BJ2-1,1,7,2.0,0.2857142857142857,0.8357258356232168,0.38469318628126753,0.4584092765317619,0.20085623982565745,0.45103264934194925,0.2575530367061044
AV7-2-CAASRGTGNYKYVF-AJ40_BV1-CTCSAARVDTQYF-BJ2-5,1,2,2.0,0.5,0.530354959730813,0.21609601089964642,0.24144516393426346,0.10065354730153664,0.3142589488311666,0.14079161663272682
AV8D-2-CATDNYAQGLTF-AJ26_BV3-CASSLAREYEQYF-BJ2-7,1,10,2.0,0.3,0.4176624996157581,0.9324307294617844,0.20767818085142878,0.6362082964455136,-0.5147682298460263,-0.4285301155940848
AV9-2-CVLNTGYQNFYF-AJ49_BV13-1-CASSDPGREQYF-BJ2-7,4,64,2.5,0.078125,0.8828008496509199,0.930155648693157,0.6537256112534873,0.7061605059231898,-0.04735479904223716,-0.052434894669702525
AV9-4-CAVSVDYANKMIF-AJ47_BV3-CASSLGTGYEQYF-BJ2-7,3,27,2.0,0.07407407407407407,0.7346088606280986,0.5025236011196436,0.3743987903409196,0.32110048559239535,0.23208525950845504,0.05329830474852426
