,sample,clonotype,n_hi,n_rest,eeepvkki_hi,eeepvkki_rest,shannon_hi,shannon_rest,coincidence_hi,coincidence_rest,shannon_diff,coincidence_diff
0,D7A,AV12-2-CALNQGGSAKLIF-AJ57_BV1-CTCSADWGNYAEQFF-BJ2-1,1,13,8.0,0.38461538461538464,2.942821215347575,1.2696009113963005,2.7900891972412007,1.114584867144782,1.6732203039512743,1.6755043300964187
1,D7A,AV12-2-CALSDLDSNYQLIW-AJ33_BV20-CGAREAPNSGNTLYF-BJ1-3,1,2,8.0,0.0,2.8272990560856424,2.4728745971473143,2.632857190825468,2.29225586447515,0.3544244589383281,0.3406013263503178
2,D7A,AV12D-2-CALSATYQGGRALIF-AJ15_BV13-1-CASSDRVQNTLYF-BJ2-4,1,1,7.0,0.0,0.5435644431995964,0.0,0.3561438102252753,0.0,0.5435644431995964,0.3561438102252753
3,D7A,AV12D-2-CALSDRGNMGYKLTF-AJ9/AV8D-2-CATDTGGLSGKLTF-AJ2_BV13-1-CASSPGQYAEQFF-BJ2-1,1,11,6.0,0.18181818181818182,1.3143204867061788,0.7003883640950531,1.2110548774021668,0.6264317852870024,0.6139321226111257,0.5846230921151644
4,D7A,AV12D-3-CALNNYAQGLTF-AJ26_BV1-CTCSADKVNNQAPLF-BJ1-5/BV10-WASSEQIRQNYAEQFF-BJ2-1,1,4,9.0,0.0,2.4716964062537365,0.23860850073124126,2.127961708338621,0.22813428968741514,2.2330879055224955,1.8998274186512059
5,D7A,AV12D-3-CALSDSNMGYKLTF-AJ9_BV16-CASSNGTNNNQAPLF-BJ1-5,2,1,7.5,0.0,2.8618679646623706,0.9182958340544896,2.6388981742249653,0.84799690655495,1.943572130607881,1.7909012676700153
6,D7A,AV13-1-CALENYNQGKLIF-AJ23_BV2-CASSRLVYAEQFF-BJ2-1,1,1,6.0,0.0,2.199687794731328,0.0,2.1154772174199357,0.0,2.199687794731328,2.1154772174199357
7,D7A,AV13-2-CAFNTGNYKYVF-AJ40_BV3-CASSPGQGREQYF-BJ2-7,1,3,7.0,0.0,1.4294732983598406,1.6229553784340958,1.338047760250639,1.3518343666175978,-0.19348208007425516,-0.01378660636695872
8,D7A,AV13-2-CAIDGNTGKLIF-AJ37_BV31-CAWSLGHAEQFF-BJ2-1,1,5,12.0,0.8,2.471581588126284,0.9971906251787779,2.2306600373200487,0.9469371183569851,1.4743909629475063,1.2837229189630635
9,D7A,AV13-2-CAIEENAGAKLTF-AJ39_BV13-3-CASSDRYTLYF-BJ2-4,4,7,7.75,0.0,1.632204694165491,0.59881532268115,1.4660581036330302,0.5062981232113618,1.0333893714843412,0.9597599804216684
10,D7A,AV13-2-CALNNNAGAKLTF-AJ39_BV14-CASSNREEVFF-BJ1-1,2,10,18.0,0.0,2.5780905100160165,1.333515453547046,2.203228902299732,1.1916545771311344,1.2445750564689706,1.0115743251685976
11,D7A,AV13D-1-CAMERSNNRIFF-AJ31_BV2-CASSQDRRGDTQYF-BJ2-5,2,18,11.5,0.16666666666666666,3.0109680098212,1.1259529900717284,2.7944003047992654,0.981905474374536,1.8850150197494715,1.8124948304247295
12,D7A,AV13D-1-CVRNNYAQGLTF-AJ26_BV5-CASSPPGHYEQYF-BJ2-7,1,1,8.0,0.0,2.6268872186845336,0.0,2.2885694979409315,0.0,2.6268872186845336,2.2885694979409315
13,D7A,AV13D-2-CAIDYNQGKLIF-AJ23_BV1-CTCSAVRISGNTLYF-BJ1-3,1,5,6.0,0.2,3.3314533045008963,1.599151826047596,3.0709596521592193,1.4913830500803038,1.7323014784533002,1.5795766020789155
14,D7A,AV13N-1-CAMAYDTNAYKVIF-AJ30_BV3-CASSLTGWNSPLYF-BJ1-6,1,2,8.0,0.0,3.0411859796560066,1.69603489768988,2.9447175644988106,1.65053115351207,1.3451510819661265,1.2941864109867407
15,D7A,AV13N-1-CAMERDQGGRALIF-AJ15_BV3-CASSLDWGGPYEQYF-BJ2-7,1,5,6.0,0.2,3.2474406208601714,1.1775693125639126,3.0786569438749987,1.0446087858999493,2.0698713082962588,2.0340481579750493
16,D7A,AV14-2-CAAENSAGNKLTF-AJ17_BV3-CASSLGTGYEQYF-BJ2-7,1,16,7.0,0.4375,1.419556298571613,1.1942080780865953,1.2923549795040155,1.0720976283821697,0.22534822048501768,0.22025735112184575
17,D7A,AV14-2-CAAKDYANKMIF-AJ47_BV4-CASSSDWGQDTQYF-BJ2-5,1,6,8.0,0.16666666666666666,2.5476599813930436,0.5690836136918397,2.3293076252529596,0.5442940330982277,1.978576367701204,1.785013592154732
18,D7A,AV14-2-CAANSNNRIFF-AJ31_BV1-CTCSAENSGNTLYF-BJ1-3,1,3,12.0,1.0,0.5916727785823275,1.3898183002946147,0.4052564784862585,1.2591644669162723,-0.7981455217122873,-0.8539079884300138
19,D7A,AV14-2-CAASADQGGRALIF-AJ15_BV16-CASSLDHSQNTLYF-BJ2-4,2,13,7.5,0.0,0.8737065197658208,0.7946995531893749,0.8127451536518835,0.7027295356345781,0.0790069665764459,0.11001561801730542
20,D7A,AV14-2-CAASASSGSWQLIF-AJ22/AV13N-3-CASSGSWQLIF-AJ22_BV31-CAWSLAGSGNTLYF-BJ1-3,3,98,7.333333333333333,0.21428571428571427,1.0845931691676525,0.8578681907966594,0.9282233560114603,0.7679059797230973,0.22672497837099304,0.16031737628836307
21,D7A,AV14-2-CAASASSGSWQLIF-AJ22/AV14D-1-CAASSAGNTGKLIF-AJ37_BV31-CAWSARGSGNTLYF-BJ1-3,1,16,9.0,0.1875,2.5813514739875707,0.6452522221189994,2.3551785701212,0.5694807531442375,1.9360992518685713,1.7856978169769624
22,D7A,AV14-2-CAASASSGSWQLIF-AJ22_BV1-CTCSGTGDEQYF-BJ2-7,1,2,11.0,1.0,2.0190529305624305,1.5549555462744709,1.8804866242038658,1.381133516264533,0.46409738428795966,0.49935310793933274
23,D7A,AV14-2-CAASASSGSWQLIF-AJ22_BV4-CASSSGTGASAETLYF-BJ2-3,1,1,10.0,1.0,2.3721860514952975,1.0,2.2451124978365313,1.0,1.3721860514952975,1.2451124978365313
24,D7A,AV14-2-CAASGNNNNAPRF-AJ43_BV16-CASSLGHSYEQYF-BJ2-7,1,23,9.0,0.21739130434782608,3.3903766774973754,0.7043720970305113,3.138328073730607,0.62803484242522,2.686004580466864,2.510293231305387
25,D7A,AV14-2-CAASPYTGNYKYVF-AJ40_BV13-2-CASGDVGGLYF-BJ1-3,2,38,7.0,0.47368421052631576,2.149395866182174,1.054348570257142,2.0434331731175055,0.9498142796729251,1.0950472959250321,1.0936188934445803
26,D7A,AV14-2-CAASPYTGNYKYVF-AJ40_BV13-2-CASTNNNQAPLF-BJ1-5,2,20,7.5,0.45,2.6056710211269944,1.0735390646278713,2.428969866584095,0.9369606058451285,1.5321319564991231,1.4920092607389666
27,D7A,AV14-2-CAASYNVLYF-AJ21/AV1-CAVRDLDMATGGNNKLTF-AJ56_BV13-2-CASGQSSYEQYF-BJ2-7,2,4,9.0,0.0,1.6541891747099955,0.0,1.5524165291524725,0.0,1.6541891747099955,1.5524165291524725
28,D7A,AV14-3-CAARQGTQVVGQLTF-AJ5_BV1-CTCSGTGDEQYF-BJ2-7,1,28,6.0,0.14285714285714285,2.378113858545033,1.224937759792866,2.264750878422815,1.0889835118048528,1.1531760987521673,1.1757673666179624
29,D7A,AV14-3-CAASAGSGGKLTL-AJ44_BV3-CASSLDFGQNTLYF-BJ2-4,1,43,43.0,0.5348837209302325,1.195377534089573,1.0494723712162994,0.8220387028221291,0.9394145274151469,0.1459051628732735,-0.11737582459301776
30,D7A,AV14D-1-CAASAGGSAKLIF-AJ57_BV12-2-CASSLGQGAGAEQFF-BJ2-1,1,7,15.0,0.0,1.1783577099564695,1.0953554770966492,1.090253147190679,0.9968360133193356,0.08300223285982034,0.09341713387134332
31,D7A,AV14D-3/DV8-CAANYGSSGNKLIF-AJ32_BV1-CTCSAVRVQDTQYF-BJ2-5,1,22,13.0,0.3181818181818182,1.3396642639295127,0.890658344478163,1.1335831543785921,0.8038226620616092,0.4490059194513496,0.3297604923169829
32,D7A,AV14D-3/DV8-CAASPYTGNYKYVF-AJ40_BV13-2-CASTNNNQAPLF-BJ1-5,1,1,32.0,0.0,2.8300252992918318,0.0,2.4765340463280108,0.0,2.8300252992918318,2.4765340463280108
33,D7A,AV15-1/DV6-1-CALWEPPHNNNAPRF-AJ43/AV16-CAMREANYGNEKITF-AJ48_BV16-CASSLRTGVYEQYF-BJ2-7,1,14,14.0,0.0,1.9185070878502462,0.8033037755299556,1.8448033357082423,0.7399005360816744,1.1152033123202907,1.104902799626568
34,D7A,AV15-2/DV6-2-CALSELGGNYKYVF-AJ40/AV16N-CAMRDSNTGYQNFYF-AJ49_BV13-2-CASGTGGENTLYF-BJ2-4,5,89,10.0,0.10112359550561797,1.780135242572595,1.021649363327107,1.6306447100438102,0.8812116827210459,0.7584858792454878,0.7494330273227643
35,D7A,AV15-2/DV6-2-CALSELGGNYKYVF-AJ40_BV14-CASSFANTGQLYF-BJ2-2,1,1,16.0,0.0,1.90019154322942,0.0,1.570012159255185,0.0,1.90019154322942,1.570012159255185
36,D7A,AV16-CAMPMNYNQGKLIF-AJ23_BV13-1-CASSDAGVYEQYF-BJ2-7,1,1,14.0,0.0,3.0795660541671173,0.0,2.9370268797008094,0.0,3.0795660541671173,2.9370268797008094
37,D7A,AV16-CAMREANTGYQNFYF-AJ49_BV13-2-CASGDGAQNTLYF-BJ2-4,1,23,10.0,0.21739130434782608,2.8893581213649906,0.6967558747962966,2.3315114224745197,0.5447312668442027,2.192602246568694,1.786780155630317
38,D7A,AV16-CAMREANTGYQNFYF-AJ49_BV13-2-CASGTGGQNTLYF-BJ2-4,1,42,8.0,0.2619047619047619,2.8086203765223114,1.204314179047683,2.640947110498328,1.0580127915071613,1.6043061974746284,1.5829343189911667
39,D7A,AV16-CAMREANYGNEKITF-AJ48_BV16-CASSLRTGVYEQYF-BJ2-7,3,16,7.666666666666667,0.1875,1.2177684475856068,0.7152943900376496,1.15270182894868,0.6428715412754262,0.5024740575479572,0.5098302876732537
40,D7A,AV16-CAMREEGGSNAKLTF-AJ42_BV3-CASSLGGVQDTQYF-BJ2-5,1,5,13.0,0.6,2.5045949089778317,1.5175379508471498,2.3461756411340398,1.4222911393744273,0.9870569581306818,0.9238845017596125
41,D7A,AV16-CAMREGQGGSAKLIF-AJ57_BV16-CASSLVWGQGSSYEQYF-BJ2-7,3,19,12.0,0.05263157894736842,1.6058134062577967,0.8252223720996729,1.4410663569540514,0.770351304753255,0.7805910341581238,0.6707150522007964
42,D7A,AV16-CAMRENQGGSAKLIF-AJ57_BV1-CTCSADRFYEQYF-BJ2-7,1,2,10.0,0.0,1.647730922119161,0.0,1.4540316308947074,0.0,1.647730922119161,1.4540316308947074
43,D7A,AV16-CAMRETASSSFSKLVF-AJ50_BV29-CASSTGTAEVFF-BJ1-1,4,11,12.5,0.09090909090909091,1.7556205314759519,0.9503816202445485,1.5725578552560955,0.8725859541010734,0.8052389112314033,0.6999719011550221
44,D7A,AV16-CAMRETGYQNFYF-AJ49_BV13-1-CASSDAYTEVFF-BJ1-1,4,30,14.5,0.4,2.92462908042523,0.7085758596132375,2.7253255051175698,0.6345641400791907,2.2160532208119923,2.090761365038379
45,D7A,AV16N-CAMRDNYAQGLTF-AJ26_BV3-CASSLGPSSYEQYF-BJ2-7,18,296,8.944444444444445,0.28716216216216217,1.9905214293021605,1.0479555709473003,1.8306571630120776,0.9011145325261528,0.9425658583548602,0.9295426304859248
46,D7A,AV16N-CAMREDAYKVIF-AJ30_BV13-2-CASGDTTGGHTEVFF-BJ1-1,1,1,11.0,0.0,3.2333124371911937,0.0,2.9820056094715754,0.0,3.2333124371911937,2.9820056094715754
47,D7A,AV16N-CAMREDQGGRALIF-AJ15_BV16-CASSLVGAQDTQYF-BJ2-5,1,18,10.0,0.6666666666666666,0.6500224216483541,1.027832704821116,0.46948528330122,0.8965649927249848,-0.3778102831727619,-0.4270797094237648
48,D7A,AV16N-CAMRETTLMNNNAGAKLTF-AJ39_BV13-3-CASSPGGGYAEQFF-BJ2-1,1,2,10.0,0.0,3.5063786618013038,1.6974447072132373,3.304592678098295,1.5235821982357307,1.8089339545880665,1.781010479862564
49,D7A,AV16N-CAMREVYQGGRALIF-AJ15_BV16-CASSFVGNQDTQYF-BJ2-5,1,21,7.0,0.38095238095238093,0.0,0.8574037629623974,0.0,0.7862278817038906,-0.8574037629623974,-0.7862278817038906
50,D7A,AV19-CAADQGGSAKLIF-AJ57_BV5-CASSLQGNYAEQFF-BJ2-1,1,1,16.0,0.0,2.224927503017407,0.0,1.9455522159776237,0.0,2.224927503017407,1.9455522159776237
51,D7A,AV19-CAAGADTGYQNFYF-AJ49_BV3-CASSLTGGQNEQYF-BJ2-7,1,4,10.0,0.0,3.486211540097295,2.0265808242087844,3.3869478867377727,1.9124089938313016,1.4596307158885105,1.474538892906471
52,D7A,AV19-CAAGADYANKMIF-AJ47_BV3-CASSLTVNQDTQYF-BJ2-5,3,20,8.333333333333334,0.2,1.191386835792975,1.1760732385185013,1.0430103799331591,1.0603263324731862,0.01531359727447379,-0.017315952540027046
53,D7A,AV19-CAAGLATGGNNKLTF-AJ56_BV13-1-CASSELGFSAETLYF-BJ2-3,1,12,23.0,0.0,1.2754245365381236,1.1526293457827816,0.8024841122025926,1.0661830391457972,0.12279519075534195,-0.2636989269432045
54,D7A,AV19-CAAGNQGGSAKLIF-AJ57/AV13D-3-CAMEHGSNAKLTF-AJ42_BV19-CASSLGHEQYF-BJ2-7,2,2,9.5,0.0,1.2584666656454888,1.2850591929174584,1.0903246564893412,1.21350507047246,-0.02659252727196959,-0.12318041398311874
55,D7A,AV19-CAAGVGDNSKLIW-AJ38_BV14-CASRYRDTQYF-BJ2-5,1,9,13.0,0.2222222222222222,2.3910318110411164,0.9062417226986751,1.983520953647915,0.8281771726402084,1.4847900883424412,1.1553437810077067
56,D7A,AV3-1-CAVRSSGSWQLIF-AJ22_BV13-2-CASGVRVANSDYTF-BJ1-2,1,2,38.0,0.0,3.4246084303086803,0.4056390622295664,3.1708919114712217,0.33903595255631885,3.018969368079114,2.831855958914903
57,D7A,AV3-3-CAVSALGYQNFYF-AJ49_BV1-CTCSGDSQNTLYF-BJ2-4,1,4,8.0,0.25,1.2516291673878228,1.4609789489172824,1.0,1.2432112440668812,-0.2093497815294596,-0.24321124406688122
58,D7A,AV3-3-CAVSRNTEGADRLTF-AJ45_BV17-CASSRDRADTQYF-BJ2-5,2,14,7.0,0.07142857142857142,2.3507959430958,0.7295312568069637,2.255251418906732,0.6208054231349515,1.621264686288836,1.6344459957717805
59,D7A,AV3-4-CAVSPSSGSWQLIF-AJ22_BV4-CASSFSYEQYF-BJ2-7,1,2,14.0,2.0,3.0582983469923275,1.8933954494760605,2.7951941569649588,1.3030330506568535,1.164902897516267,1.4921611063081053
60,D7A,AV3D-3-CAADRGSALGRLHF-AJ18_BV5-CASSQVREATEVFF-BJ1-1,1,2,6.0,0.5,3.0269701025239164,0.9226754683112182,2.8376435441353762,0.8645193391972886,2.1042946342126982,1.9731242049380877
61,D7A,AV3D-3-CAVMNYGSSGNKLIF-AJ32_BV17-CASSRDRDGTEVFF-BJ1-1,1,4,9.0,0.25,2.2456798739466377,0.8848172125393781,2.1610468500958597,0.8152246653724506,1.3608626614072596,1.345822184723409
62,D7A,AV3D-3-CAVRDQGGRALIF-AJ15_BV13-2-CASGEMGLQDTQYF-BJ2-5,3,28,6.333333333333333,0.17857142857142858,1.9842816329374777,0.698674173628684,1.7884389276788994,0.5858213257132487,1.2856074593087938,1.2026176019656507
63,D7A,AV3D-3-CAVSARSNYNVLYF-AJ21_BV5-CASSQDGNSYNSPLYF-BJ1-6,1,2,11.0,0.0,1.5002723456084084,0.4056390622295664,1.1901028833799425,0.33903595255631885,1.094633283378842,0.8510669308236236
64,D7A,AV4-3-CAASMQQGTGSKLSF-AJ58_BV19-CASSIIRYAEQFF-BJ2-1,1,2,6.0,0.0,1.5394847569315018,0.0,1.492598482572497,0.0,1.5394847569315018,1.492598482572497
65,D7A,AV4-4/DV10-CAAEAGGYQNFYF-AJ49/AV15D-1/DV6D-1-CALWELGTGNYKYVF-AJ40_BV13-3-CASSERGNQDTQYF-BJ2-5,1,3,6.0,1.3333333333333333,2.284560633641686,0.6854585309300477,2.248356440172147,0.48556402088855605,1.5991021027116386,1.7627924192835909
66,D7A,AV4-4/DV10-CADMDYANKMIF-AJ47_BV2-CASSQDRGYNNQAPLF-BJ1-5,4,94,9.75,0.2765957446808511,2.3067329023229988,1.0111885036231356,2.090952973454574,0.8817105804627554,1.2955443986998632,1.2092423929918186
67,D7A,AV4D-3-CAAEEGNMGYKLTF-AJ9_BV13-2-CASGDATGGGYAEQFF-BJ2-1,1,1,8.0,0.0,2.88505061152056,1.1488348542809166,2.5333531894268257,0.8598223419517396,1.7362157572396435,1.673530847475086
68,D7A,AV4D-3-CAAEGNEKITF-AJ48_BV1-CTCSADWEQNTLYF-BJ2-4,3,62,10.333333333333334,0.41935483870967744,1.5310161829853257,0.9404223646705988,1.4037571998355094,0.8518175970389363,0.5905938183147269,0.5519396027965731
69,D7A,AV4D-3-CAAENNYAQGLTF-AJ26_BV1-CTCSADRLNTLYF-BJ2-4,3,22,12.666666666666666,0.0,2.0289337733177053,0.9077257589589813,1.8938090645709533,0.7847815458361815,1.121208014358724,1.1090275187347718
70,D7A,AV4D-3-CAAYQGGRALIF-AJ15_BV1-CTCSGDRVAEQFF-BJ2-1,1,7,14.0,0.0,2.454558364317909,1.532240252996371,2.2415047120968437,1.3215471043274951,0.9223181113215382,0.9199576077693485
71,D7A,AV5-1-CSASMDSNNRLTL-AJ7_BV3-CASSLDWGGREQYF-BJ2-7,1,1,21.0,1.0,2.012601101567364,2.4028281036529497,1.6883230728808925,2.1552782254779106,-0.3902270020855858,-0.46695515259701814
72,D7A,AV5-4-CAASEDNAGAKLTF-AJ39_BV31-CAWSPHQDTQYF-BJ2-5,1,3,6.0,0.3333333333333333,1.3143204867061788,0.6628998027628324,1.211054877402167,0.6592107289905152,0.6514206839433464,0.5518441484116517
73,D7A,AV5-4-CAAYQGGSAKLIF-AJ57_BV2-CASSQDRGYEQYF-BJ2-7,1,2,8.0,0.0,2.242014908952865,0.3096910973393819,2.1755715645834544,0.21754757581004863,1.9323238116134833,1.9580239887734057
74,D7A,AV6-6-CALDDTNAYKVIF-AJ30_BV13-1-CASSGDRTNTEVFF-BJ1-1,1,1,11.0,0.0,3.1817542061568647,1.0,2.805977799144348,1.0,2.1817542061568647,1.805977799144348
75,D7A,AV6D-7-CALGEGGYKVVF-AJ12_BV5-CASSQDQVGERLFF-BJ1-4,11,240,11.181818181818182,0.23333333333333334,2.2984878616188813,0.9788429753816256,2.020872093029052,0.8268603141086275,1.3196448862372558,1.1940117789204243
76,D7A,AV6D-7-CALGGNYNQGKLIF-AJ23_BV13-1-CASSDALYAEQFF-BJ2-1,4,31,7.0,0.1935483870967742,1.9685924189818742,0.7854683551698793,1.835223308499522,0.6769713522819755,1.1831240638119949,1.1582519562175464
77,D7A,AV6N-6-CALSAHYGNEKITF-AJ48_BV14-CASSFPSGQNTEVFF-BJ1-1,1,23,9.0,0.8260869565217391,3.202675052393273,1.250209618529749,2.878350382525101,1.1111473029796934,1.952465433863524,1.7672030795454077
78,D7A,AV7-1-CAVKGNNNAPRF-AJ43_BV13-2-CASRLGGYEQYF-BJ2-7,3,9,8.666666666666666,0.2222222222222222,2.1155542038351336,0.7688788012722766,1.9441459046850735,0.6833748867063562,1.3466754025628571,1.2607710179787173
79,D7A,AV7-2-CAANVGDNSKLIW-AJ38_BV26-CASSLRYTEVFF-BJ1-1,1,4,6.0,0.0,2.9460423834829323,1.1338452815439664,2.418279978167298,1.0289324397832653,1.812197101938966,1.3893475383840326
80,D7A,AV7-2-CAASMPGNTGKLIF-AJ37_BV17-CASSRGTANTGQLYF-BJ2-2,1,10,7.0,0.0,1.9652114981644435,1.0264582853454203,1.9280594308637127,0.9144531988569202,0.9387532128190232,1.0136062320067925
81,D7A,AV7-2-CAATGNTGKLIF-AJ37_BV19-CASSIRIAEQFF-BJ2-1,1,8,7.0,0.0,2.7136702689327734,1.0757677078756758,2.3921094367565026,0.9257617498535244,1.6379025610570976,1.4663476869029781
82,D7A,AV7-3-CAVSMKGGRALIF-AJ15_BV19-CASSIGGAREQYF-BJ2-7,13,140,9.923076923076923,0.3,1.6389436058471911,0.8615815850500238,1.4925851614288783,0.7864270944603425,0.7773620207971673,0.7061580669685358
83,D7A,AV7-4-CAASERDTNAYKVIF-AJ30_BV31-CAWSPGQQAPLF-BJ1-5,1,2,12.0,1.0,1.9921279900230784,2.492571307097985,1.7804492085774999,2.3747928636139215,-0.5004433170749067,-0.5943436550364216
84,D7A,AV7-4-CAAVITGNTGKLIF-AJ37_BV13-1-CASSGGNYAEQFF-BJ2-1,1,8,8.0,1.25,2.443635738886072,1.2966588555305179,2.332257697781092,1.1974446367244445,1.146976883355554,1.1348130610566474
85,D7A,AV7-5-CAPDYSNNRLTL-AJ7_BV13-1-CASSDGQTSAETLYF-BJ2-3,1,9,9.0,0.3333333333333333,2.832036502833308,1.4863016960957613,2.6811372058541845,1.2863218627214394,1.3457348067375465,1.394815343132745
86,D7A,AV7-5-CAVSLDSNYQLIW-AJ33_BV30-CSSWDRTNTGQLYF-BJ2-2,1,7,7.0,0.14285714285714285,2.760390722331039,1.0481244825522245,2.624960568653075,0.8771246030937082,1.7122662397788146,1.747835965559367
87,D7A,AV7-5-CAVSNPGNTGKLIF-AJ37_BV4-CASSWGNYAEQFF-BJ2-1,1,2,6.0,0.0,2.6861100391526374,0.7157801421416579,2.4538671448849647,0.6646538126264799,1.9703298970109795,1.789213332258485
88,D7A,AV7-5-CAVSWNYGSSGNKLIF-AJ32_BV26-CASSPTGAVYEQYF-BJ2-7,2,2,20.0,0.0,2.0906381935320137,1.70085304657158,1.8810576024401766,1.6292804401194347,0.38978514696043365,0.2517771623207419
89,D7A,AV7-6-CAVGYQNFYF-AJ49_BV4-CASSDRDINYAEQFF-BJ2-1,1,26,8.0,0.34615384615384615,2.5054886990504555,0.8213069345415713,1.8003836361387981,0.6715187729254839,1.6841817645088841,1.1288648632133143
90,D7A,AV7D-3-CAGQGGRALIF-AJ15_BV1-CTCSADQNSGNTLYF-BJ1-3,4,54,13.0,0.35185185185185186,1.4024407245366537,1.1045025103876012,1.3035276085705756,0.9967216768278422,0.2979382141490525,0.3068059317427334
91,D7A,AV8-1-CATDDGTNAYKVIF-AJ30_BV13-2-CASGAETLYF-BJ2-3,1,9,16.0,1.3333333333333333,2.6641620059871935,1.511753033931565,2.4117429213664106,1.3621034005942125,1.1524089720556285,1.049639520772198
92,D7A,AV8-1-CATDGGGRALIF-AJ15_BV3-CASSSTGVDAEQFF-BJ2-1,3,10,11.333333333333334,0.5,1.6998718068312362,0.980299654129308,1.5031080984999943,0.8847598454119134,0.7195721527019282,0.6183482530880808
93,D7A,AV8-1-CATDRDTGKLTF-AJ27_BV1-CTCSADGGQGYEQYF-BJ2-7,1,1,7.0,0.0,2.507722716163278,0.8997437586982626,2.256738775953317,0.8163749273817249,1.6079789574650152,1.4403638485715922
94,D7A,AV8-1-CATSASSGSWQLIF-AJ22_BV13-2-CASGDEVSNERLFF-BJ1-4,3,15,11.333333333333334,0.0,1.5689693083495542,1.2802884740000373,1.4298425508182182,1.1265420650611626,0.28868083434951686,0.3033004857570556
95,D7A,AV8D-1-CATDAGNMGYKLTF-AJ9_BV13-2-CASGGLGNQDTQYF-BJ2-5,1,2,8.0,0.5,2.5817909599761046,0.6671047297240243,2.3885652879176527,0.42638702340841084,1.9146862302520802,1.9621782645092418
96,D7A,AV8D-2-CAMNYNQGKLIF-AJ23_BV1-CTCSAAGHEQYF-BJ2-7,1,1,6.0,0.0,2.133251389856942,0.0,1.33038197438787,0.0,2.133251389856942,1.33038197438787
97,D7A,AV8D-2-CATDGQGGRALIF-AJ15/AV9D-3-CAVSMGTGGYKVVF-AJ12_BV3-CASSPQGHSDYTF-BJ1-2,3,10,13.0,0.0,1.827215673595621,0.5908771423486081,1.7574453133654797,0.4999112979648489,1.236338531247013,1.2575340154006307
98,D7A,AV8D-2-CATDGQGGRALIF-AJ15_BV1-CTCSGTGGDEQYF-BJ2-7,3,52,8.0,0.28846153846153844,1.8257191425647508,1.0379451007803242,1.6862826779056723,0.9302992232500981,0.7877740417844266,0.7559834546555743
99,D7A,AV8D-2-CATDNQGGRALIF-AJ15_BV13-1-CASSDLGVSYEQYF-BJ2-7,1,14,8.0,0.35714285714285715,2.596840423815911,0.5806594314721555,2.4848814878929533,0.5067643001974994,2.0161809923437555,1.978117187695454
100,D7A,AV8D-2-CATDSGYNKLTF-AJ11_BV14-CANPGQGANERLFF-BJ1-4/BV31-CAWSPTGGADTQYF-BJ2-5,2,38,6.5,0.42105263157894735,2.8477133251527933,0.8101677861472387,2.56183741926648,0.6469106772205822,2.0375455390055546,1.9149267420458977
101,D7A,AV8D-2-CATETSGGNYKPTF-AJ6_BV19-CASPISNERLFF-BJ1-4/BV3-CASSLLDREYEQYF-BJ2-7,1,24,6.0,0.16666666666666666,1.295461844238322,0.975704176312103,1.120294233717712,0.8442432591433118,0.31975766792621885,0.2760509745744002
102,D7A,AV8D-2-CATEYQGGRALIF-AJ15_BV19-CASSIGTNERLFF-BJ1-4,2,40,7.5,0.4,2.1880591369896925,0.9369072211289942,2.1286881505892454,0.8370034296055471,1.2511519158606983,1.2916847209836984
103,D7A,AV8N-2-CATPNYNVLYF-AJ21_BV3-CASSLLGEYEQYF-BJ2-7,1,6,12.0,0.0,3.2281667016417415,0.7352009080503965,2.9824416286156956,0.6261376694211748,2.492965793591345,2.3563039591945207
104,D7A,AV9-2-CVLSVTGSGGKLTL-AJ44_BV14-CASSFANTGQLYF-BJ2-2,3,53,11.666666666666666,0.5094339622641509,2.6145903370734573,0.9349213689616187,2.3538494985198333,0.8423819918412805,1.6796689681118386,1.5114675066785528
105,D7A,AV9-4-CAVSARGGSGGKLTL-AJ44_BV1-CTCSAGTGEGAETLYF-BJ2-3,1,3,12.0,0.0,1.8322628970242687,0.7662649802317995,1.7052567344388678,0.6977031347971604,1.0659979167924694,1.0075535996417075
106,D7A,AV9-4-CAVSASNYNVLYF-AJ21_BV29-CASSLTVSYEQYF-BJ2-7,1,6,17.0,0.6666666666666666,1.4307567315062026,0.9915079618265423,1.1217577189818022,0.902144886000462,0.4392487696796603,0.21961283298134016
107,D7A,AV9-4-CAVSGNYNVLYF-AJ21_BV13-1-CASRTGGHEQYF-BJ2-7,9,159,9.11111111111111,0.2830188679245283,1.558213517064843,1.056928856775637,1.4412725492548482,0.9534226388500339,0.501284660289206,0.4878499104048143
108,D7A,AV9-4-CAVSSVYQGGRALIF-AJ15_BV20-CGARLRGNSDYTF-BJ1-2,1,5,12.0,0.0,2.0629072918469555,1.4359894650855378,1.6780719051126376,1.3411751178414903,0.6269178267614177,0.33689678727114725
109,D7A,AV9D-3-CALRSSSFSKLVF-AJ50_BV19-CASSSRTGGHAEQFF-BJ2-1,1,13,6.0,0.3076923076923077,0.0,0.7033566016513314,0.0,0.5771115251447134,-0.7033566016513314,-0.5771115251447134
110,D7A,AV9D-3-CAVSIQGGSAKLIF-AJ57_BV13-3-CASRDRGRDTQYF-BJ2-5,1,2,8.0,0.0,2.0441104177484006,1.3137835785584644,1.8162880468276117,1.1932341735410363,0.7303268391899362,0.6230538732865754
111,D7A,AV9D-3-CAVSMQGGRALIF-AJ15_BV13-3-CASRDRDEQYF-BJ2-7,1,8,7.0,0.25,1.9312952802328747,1.4859460218052845,1.8664984068075614,1.364338666920289,0.4453492584275902,0.5021597398872724
112,D7A,AV9D-3-CAVSQGGRALIF-AJ15_BV1-CTCSAEQGAHTEVFF-BJ1-1,1,1,147.0,0.0,0.9225434551021983,1.5219280948873621,0.4566204555901815,1.473931188332412,-0.5993846397851639,-1.0173107327422306
113,D7B,AV10-CAANSGGSNAKLTF-AJ42_BV19-CASSIGRTGNTLYF-BJ1-3,1,27,27.0,0.1111111111111111,2.1636879428100912,1.3494186264676653,1.7290134707758131,1.0317580846233605,0.8142693163424259,0.6972553861524526
114,D7B,AV12-1-CALRDYSNNRLTL-AJ7_BV3-CASSPGVDTQYF-BJ2-5,2,11,13.0,0.8181818181818182,2.712065371454125,1.6834806223795449,2.3769913960937044,1.4530698464077996,1.0285847490745803,0.9239215496859048
115,D7B,AV12-1-CALSETGNTGKLIF-AJ37_BV13-2-CASGDAGTNTEVFF-BJ1-1,2,5,8.5,1.2,3.0440053677356547,1.4299984443473157,2.785401187443903,1.193869484147582,1.614006923388339,1.5915317032963208
116,D7B,AV12-2-CALNQGGSAKLIF-AJ57_BV1-CTCSADWGNYAEQFF-BJ2-1,1,6,11.0,0.16666666666666666,2.328770938162358,1.290050072843946,1.9746146815800862,1.1056104259840707,1.0387208653184121,0.8690042555960156
117,D7B,AV12-2-CALSDTEGADRLTF-AJ45_BV5-CASSQVYYAEQFF-BJ2-1,1,3,5.0,0.0,3.408105598144838,1.3571175057253335,3.1918197280641154,1.2287798403654129,2.0509880924195043,1.9630398876987025
118,D7B,AV12-3-CALSNSGTYQRF-AJ13/AV10-CAASIDSNYQLIW-AJ33_BV19-CASSPSGTTNTEVFF-BJ1-1,2,27,10.5,0.0,2.062557090619213,0.6414154866782451,1.761537570005757,0.5927696184098059,1.421141603940968,1.168767951595951
119,D7B,AV12D-2-CALRVGDNSKLIW-AJ38_BV1-CTCSAGDSYNSPLYF-BJ1-6,1,1,6.0,0.0,3.0900555143022785,0.0,2.7698844031751806,0.0,3.0900555143022785,2.7698844031751806
120,D7B,AV13-1-CALDLTGNTGKLIF-AJ37_BV13-3-CASSGGRYAEQFF-BJ2-1,1,1,7.0,0.0,3.4191404349867516,0.0,3.274967077814261,0.0,3.4191404349867516,3.274967077814261
121,D7B,AV13-2-CAIDANTGKLTF-AJ27_BV13-1-CASSGRVQNTLYF-BJ2-4,1,1,5.0,0.0,2.95978415826965,0.0,2.7818198299504666,0.0,2.95978415826965,2.7818198299504666
122,D7B,AV13-2-CAIDPNTGKLTF-AJ27_BV13-1-CASSDAGTEVFF-BJ1-1,1,10,7.0,0.5,0.9864267287308424,1.025253112900478,0.6674246609131288,0.893237185656113,-0.038826384169635686,-0.2258125247429842
123,D7B,AV13-2-CAIDPNTNKVVF-AJ34/AV6-3-CAMIPYTGNYKYVF-AJ40_BV31-CAWSRLGVQNTLYF-BJ2-4,2,13,5.5,0.15384615384615385,1.9592113923022527,1.1981203615856704,1.7696507948658415,0.9895671488585087,0.7610910307165824,0.7800836460073328
124,D7B,AV13-2-CAIDPNTNKVVF-AJ34_BV31-CAWSLLGSQNTLYF-BJ2-4,1,21,19.0,0.38095238095238093,0.28639695711595625,1.4436324162770675,0.14401030269151946,1.3132421462722963,-1.1572354591611114,-1.169231843580777
125,D7B,AV13-2-CAIDTNTGKLTF-AJ27_BV13-3-CASSETGTEVFF-BJ1-1,13,185,8.846153846153847,0.2648648648648649,2.018161270298533,1.3019412777886092,1.7456298171970586,1.1200109009033694,0.7162199925099237,0.6256189162936892
126,D7B,AV13-2-CAMNNNAGAKLTF-AJ39/AV9-2-CVLSVTEGADRLTF-AJ45_BV14-CASSSRYEQYF-BJ2-7,5,46,12.0,0.1956521739130435,2.4110955681855937,1.3953670199424155,2.083620255523248,1.1446397124349246,1.0157285482431782,0.9389805430883236
127,D7B,AV13-2-CAMNNNAGAKLTF-AJ39_BV14-CASSSRYEQYF-BJ2-7,5,70,9.4,0.3,2.8527655237719607,1.632851637729591,2.4879554871156837,1.3896239141498774,1.2199138860423697,1.0983315729658063
128,D7B,AV13-2-CAMNTGNYKYVF-AJ40_BV5-CASSRQQDTQYF-BJ2-5,1,23,8.0,0.17391304347826086,1.7735572622751854,1.2733850667939706,1.4387417598701127,1.1113406567502875,0.5001721954812148,0.3274011031198252
129,D7B,AV13D-1-CAMEGTGGYKVVF-AJ12_BV1-CTCSAGTGGDTGQLYF-BJ2-2,1,1,5.0,0.0,2.0132790219068077,2.3111986673263867,1.7998862511537543,2.163975735111126,-0.29791964541957894,-0.3640894839573716
130,D7B,AV13D-1-CAMERSNNRIFF-AJ31_BV2-CASSQDRRGDTQYF-BJ2-5,3,22,6.666666666666667,0.3181818181818182,1.9590060670391984,1.2802874950967609,1.676518846992667,1.099289646693589,0.6787185719424376,0.577229200299078
131,D7B,AV13D-2-CAITGNTGKLIF-AJ37_BV1-CTCSAVRVGNTLYF-BJ1-3,1,3,5.0,0.3333333333333333,1.1488348542809166,0.5934265057812567,0.8598223419517396,0.33017115942275915,0.5554083484996599,0.5296511825289805
132,D7B,AV13D-4-CAMDNNAGAKLTF-AJ39/AV12-3-CALSDSGSFNKLTF-AJ4_BV14-CASSLRGQQYF-BJ2-7,1,14,7.0,0.35714285714285715,2.8183620340643594,1.315141274722834,2.6510047780810986,1.1725920253602347,1.5032207593415254,1.478412752720864
133,D7B,AV13N-1-CAMERSNNRIFF-AJ31_BV2-CASSQDRRGGEQYF-BJ2-7,2,37,9.5,0.13513513513513514,2.5626421242895105,1.1710527619078719,2.177442096947458,1.0563103902892532,1.3915893623816387,1.121131706658205
134,D7B,AV14-2-CAAREGGRALIF-AJ15_BV5-CASSHRGGNTLYF-BJ2-4,2,3,13.0,0.0,2.5008356612100378,0.9989174553979164,2.2941251078894815,0.9077414181607514,1.5019182058121214,1.38638368972873
135,D7B,AV14-2-CAASAASGSWQLIF-AJ22_BV31-CAWSLAGAGNTLYF-BJ1-3,1,2,15.0,2.0,3.1693891177578117,1.7619474852303654,2.9762187740439585,1.468276453057062,1.4074416325274464,1.5079423209868965
136,D7B,AV14-2-CAASASSGSWQLIF-AJ22/AV6D-7-CALVLNTNTGKLTF-AJ27_BV31-CAWSLAGSGNTLYF-BJ1-3,1,8,9.0,0.5,0.0,1.084111535737248,0.0,0.9343566337745728,-1.084111535737248,-0.9343566337745728
137,D7B,AV14-2-CAASASSGSWQLIF-AJ22_BV31-CAWSLAGSGNTLYF-BJ1-3,2,92,6.0,0.2391304347826087,1.9324862614594651,1.2899867212836882,1.6765929761867246,1.1404197086972554,0.6424995401757769,0.5361732674894693
138,D7B,AV14-2-CAASASSGSWQLIF-AJ22_BV31-CAWSLQGSGNTLYF-BJ1-3,2,17,8.0,0.17647058823529413,3.225070213594563,1.0524584951800513,2.93163398474164,0.9389714540836829,2.1726117184145117,1.992662530657957
139,D7B,AV14-2-CAASASSGSWQLIF-AJ22_BV31-CAWSLSGSGNTLYF-BJ1-3,1,13,7.0,0.3076923076923077,3.0210335153230905,1.308704612315881,2.8314003960242546,1.1875846475977385,1.7123289030072095,1.6438157484265161
140,D7B,AV14-2-CAASESSGSWQLIF-AJ22_BV5-CASSQRLGGQEQYF-BJ2-7,3,27,7.333333333333333,0.37037037037037035,1.7309580058785545,1.574273834194097,1.492065140352387,1.3738406752776837,0.15668417168445758,0.1182244650747033
141,D7B,AV14-3-CAASDQGGSAKLIF-AJ57_BV1-CTCSAGRNTGQLYF-BJ2-2,1,3,6.0,0.6666666666666666,1.8919954870390203,1.885133432889882,1.6195197227575244,1.781153752145668,0.006862054149138208,-0.16163402938814353
142,D7B,AV14-3-CAASEDSNYQLIW-AJ33_BV13-2-CASGEGEQYF-BJ2-7,1,1,5.0,0.0,1.1488348542809166,1.823067982273661,0.8598223419517396,1.7094098716456447,-0.6742331279927445,-0.8495875296939052
143,D7B,AV14-3-CAASGAGNTGKLIF-AJ37_BV13-1-CASSAGVYAEQFF-BJ2-1,1,1,5.0,0.0,0.0,0.0,0.0,0.0,0.0,0.0
144,D7B,AV14D-1-CAAKEDSNYQLIW-AJ33_BV13-2-CASGDRTVSNERLFF-BJ1-4,1,5,16.0,0.4,2.1912451989545128,1.4865791613946657,1.6091846023864718,1.284030114536828,0.704666037559847,0.32515448784964374
145,D7B,AV14D-1-CAASASNYNVLYF-AJ21_BV5-CASSRDWDEQYF-BJ2-7,1,11,5.0,0.18181818181818182,1.4355205042826666,1.1572425338015997,1.2954558835261711,1.0778736768910337,0.27827797048106695,0.2175822066351374
146,D7B,AV14D-3/DV8-CAASASSGYNKLTF-AJ11_BV3-CASSLEGGAHEQYF-BJ2-7,1,11,8.0,0.18181818181818182,2.846442847611896,2.000858795160414,2.731600649627553,1.7832447951799926,0.8455840524514819,0.9483558544475603
147,D7B,AV15-2/DV6-2-CALSEPPSNTNKVVF-AJ34/AV16N-CAMRDTNAYKVIF-AJ30_BV13-2-CASGGQNQAPLF-BJ1-5,1,5,10.0,0.2,2.822173572836347,1.178985639539252,2.6104331882372747,0.9913006497603382,1.6431879332970951,1.6191325384769364
148,D7B,AV16-CAMREANTGYQNFYF-AJ49_BV13-2-CASGDEGRTLYF-BJ2-3,1,8,11.0,0.375,2.2451430923920235,1.1313237413960167,1.8314213503527674,0.8260785988033358,1.1138193509960068,1.0053427515494318
149,D7B,AV16-CAMREANTGYQNFYF-AJ49_BV13-2-CASGTGGQNTLYF-BJ2-4,2,47,17.0,0.3191489361702128,2.8306272225367026,1.5426339995161762,2.6768980323019322,1.2709799461261584,1.2879932230205264,1.4059180861757739
150,D7B,AV16-CAMREDQGGRALIF-AJ15_BV16-CASSLVGAQDTQYF-BJ2-5/BV5-CASTQGASGNNQAPLF-BJ1-5,1,4,9.0,0.5,2.9371281084215877,1.5133067215345744,2.4814031798028737,1.3713275626157255,1.4238213868870133,1.1100756171871482
151,D7B,AV16-CAMREDQGGSAKLIF-AJ57_BV3-CASSLNKNTGQLYF-BJ2-2,1,1,8.0,0.0,3.02025815493826,0.0,2.705857732173404,0.0,3.02025815493826,2.705857732173404
152,D7B,AV16-CAMREGNNNNAPRF-AJ43_BV13-1-CASSEVSTEVFF-BJ1-1,1,47,11.0,0.23404255319148937,1.136477334576122,1.2069523191032283,1.0128812912967324,0.9010166539754716,-0.07047498452710621,0.11186463732126084
153,D7B,AV16-CAMREGNSNNRIFF-AJ31/AV21/DV12-CILRVEGGSAKLIF-AJ57_BV13-1-CASRDINTEVFF-BJ1-1,1,3,9.0,0.3333333333333333,3.309955011637033,1.6203738548718853,3.0614005446641435,1.3684080485511452,1.6895811567651478,1.6929924961129983
154,D7B,AV16/DV11-CAMREANTGYQNFYF-AJ49_BV13-2-CASGGGGQNTLYF-BJ2-4,5,20,6.6,0.05,2.4853088204183695,1.248008673360177,2.143275962746629,1.0823372381152694,1.2373001470581926,1.0609387246313597
155,D7B,AV16/DV11-CAMREEITGNTGKLIF-AJ37_BV31-CAWSLGNYAEQFF-BJ2-1,2,9,7.0,0.5555555555555556,2.988885670010279,1.8640693481021158,2.7813044325253617,1.5906617715999056,1.1248163219081633,1.1906426609254561
156,D7B,AV16N-CAMRDDTNAYKVIF-AJ30_BV13-2-CASGDRGPSGNTLYF-BJ1-3,1,3,12.0,0.0,3.4196923595357442,1.1931553457607234,3.1658322468084292,0.6900378734378521,2.2265370137750207,2.475794373370577
157,D7B,AV16N-CAMRDNNRIFF-AJ31_BV1-CTCSADRTGGYTLYF-BJ2-4,1,3,5.0,0.6666666666666666,1.8799649487271108,1.1688746937176695,1.4818690077570524,0.9627559265952373,0.7110902550094413,0.5191130811618151
158,D7B,AV16N-CAMREANTGYQNFYF-AJ49_BV13-2-CASGEGGQNTLYF-BJ2-4,1,16,23.0,0.3125,2.334362996415677,1.8398677444949296,2.053004231449021,1.5580917065970543,0.4944952519207475,0.4949125248519666
159,D7B,AV16N-CAMREDNAGAKLTF-AJ39_BV13-2-CASGGWGGSTGQLYF-BJ2-2,1,2,11.0,0.0,2.4425913303877014,1.5543700592473852,1.9605796502663677,1.3108541415050368,0.8882212711403161,0.649725508761331
160,D7B,AV16N-CAMREDSNYQLIW-AJ33_BV3-CASSPGQISNERLFF-BJ1-4,1,8,12.0,0.125,1.6688388898504303,1.5698047429120776,1.091922489441039,1.3650432669082262,0.09903414693835266,-0.2731207774671871
161,D7B,AV16N-CAMREGDSNNRIFF-AJ31_BV3-CASSLEQKANTEVFF-BJ1-1,3,20,8.666666666666666,0.05,1.7197909162593852,1.2871939732814515,1.472024116837309,1.1961716863329745,0.4325969429779337,0.2758524305043344
162,D7B,AV16N-CAMREGDSNYQLIW-AJ33_BV13-2-CASGEAPSAETLYF-BJ2-3,2,5,12.0,0.0,2.4660983755654096,0.6326616452434172,2.2161638434412936,0.5272015691092188,1.8334367303219925,1.688962274332075
163,D7B,AV16N-CAMREGDSNYQLIW-AJ33_BV13-2-CASGENNSNERLFF-BJ1-4,1,4,8.0,0.0,2.1279868068776753,0.44396473706116013,1.8162880468276117,0.40487993068938116,1.6840220698165151,1.4114081161382306
164,D7B,AV16N-CAMREGGTGGYKVVF-AJ12_BV13-2-CASGDNNANSDYTF-BJ1-2,1,3,8.0,0.6666666666666666,1.8058021490143457,1.6413313363151651,1.5043048373759311,1.4607970354746014,0.1644708126991805,0.043507801901329746
165,D7B,AV16N-CAMREGSSGSWQLIF-AJ22_BV13-2-CASGVQGSAETLYF-BJ2-3,1,1,8.0,1.0,2.8185992194894745,2.103759374819711,2.6403352375182125,1.8845227825800641,0.7148398446697635,0.7558124549381484
166,D7B,AV17-CALEGHNNAPRF-AJ43_BV13-1-CASSDPGYEQYF-BJ2-7,1,1,56.0,0.0,3.0986685728538763,1.2319817814011405,2.7263494756927606,0.8163749273817252,1.8666867914527359,1.9099745483110353
167,D7B,AV19-CAAGADYANKMIF-AJ47_BV3-CASSPGPQNTLYF-BJ2-4,1,6,7.0,0.6666666666666666,3.2836052283029646,1.5919247366165854,3.1004898127015856,1.3560609435584616,1.6916804916863792,1.744428869143124
168,D7B,AV19-CAAGGGSNYKLTF-AJ53_BV14-CASRDRYEQYF-BJ2-7,3,13,8.333333333333334,0.3076923076923077,1.410391458974294,1.4038708720657889,1.18598634568703,1.267936917623214,0.00652058690850521,-0.08195057193618394
169,D7B,AV19-CAAGGNNAGAKLTF-AJ39_BV3-CASSSGGRAEQFF-BJ2-1,2,11,17.0,0.2727272727272727,2.788866848335795,1.8199563891477466,2.59141267875167,1.5198438201557563,0.9689104591880484,1.0715688585959138
170,D7B,AV19-CAAGHTGYQNFYF-AJ49_BV29-CASSFRVYAEQFF-BJ2-1,1,2,6.0,0.5,1.936278124459133,1.584962500721156,1.7145977811377517,1.5849625007211563,0.35131562373797687,0.12963528041659544
171,D7B,AV19-CAALTGGNNKLTF-AJ56_BV4-CASSNWGEDTQYF-BJ2-5,1,1,8.0,0.0,1.7627022003449737,1.5219280948873621,1.650364975942796,1.473931188332412,0.24077410545761158,0.17643378761038409
172,D7B,AV19-CAEASSSFSKLVF-AJ50_BV16-CASSPRTGGYAEQFF-BJ2-1,2,26,5.5,0.11538461538461539,1.170336000822304,1.0470058903260464,1.0064695278537492,0.9054680556463407,0.12333011049625764,0.10100147220740852
173,D7B,AV19-CATNQGGSAKLIF-AJ57_BV5-CASSQQGNYAEQFF-BJ2-1,3,7,6.666666666666667,0.14285714285714285,2.5232053948550983,1.7526451623129222,2.306371966132018,1.5072581996035843,0.7705602325421761,0.7991137665284336
174,D7B,AV19-CATNQGGSAKLIF-AJ57_BV5-CASSQQGSYAEQFF-BJ2-1,1,1,7.0,0.0,2.053442655485996,0.0,1.9281828393905183,0.0,2.053442655485996,1.9281828393905183
175,D7B,AV3D-3-CAAPSNMGYKLTF-AJ9_BV5-CASSQGQGAEQFF-BJ2-1,10,58,9.1,0.2413793103448276,1.968198837910376,1.2556119030467228,1.7344941904027151,1.1259802430282215,0.7125869348636533,0.6085139473744936
176,D7B,AV3D-3-CAVSANNYAQGLTF-AJ26_BV13-3-CASSDQGLKDTQYF-BJ2-5,1,7,8.0,0.0,0.9219280948873623,0.8805966566944342,0.599462070416271,0.692597702361211,0.04133143819292806,-0.09313563194494001
177,D7B,AV3D-3-CAVSPYQGGRALIF-AJ15_BV1-CTCRAGTGENTGQLYF-BJ2-2,1,12,5.0,0.16666666666666666,1.6493974703476992,0.9174343272174745,1.4454111483223626,0.8412074444196199,0.7319631431302247,0.6042037039027427
178,D7B,AV4-3-CAAATGGNNKLTF-AJ56_BV19-CASSIVSYAEQFF-BJ2-1,1,6,8.0,0.3333333333333333,2.422873529509504,2.2538622158374158,2.2105669859396584,1.9603037681748117,0.1690113136720881,0.2502632177648467
179,D7B,AV4-3-CAAEDTGYQNFYF-AJ49_BV13-3-CASRDRYEQYF-BJ2-7,1,11,5.0,0.45454545454545453,1.4344142360808547,1.4594773445722276,0.7536682237608503,1.2115340060167101,-0.025063108491372832,-0.45786578225585983
180,D7B,AV4-4/DV10-CAAEVASSSFSKLVF-AJ50_BV16-CASSLEGATQYF-BJ2-5,1,15,21.0,0.5333333333333333,3.1285817911982,0.8740126111054728,2.8707169830550336,0.7280951630691761,2.254569180092727,2.1426218199858575
181,D7B,AV4-4/DV10-CAALDYANKMIF-AJ47_BV2-CASSPDRGYNNQAPLF-BJ1-5,5,61,12.4,0.39344262295081966,2.5703841539092154,1.6652453724860683,2.320639979887752,1.4639197877472836,0.9051387814231471,0.8567201921404686
182,D7B,AV5-1-CSASMNYNQGKLIF-AJ23_BV3-CASSLGTDHEQYF-BJ2-7,4,30,8.75,0.3333333333333333,2.2588252348072144,1.3325788002999281,2.0085705571558035,1.1465897152305073,0.9262464345072863,0.8619808419252961
183,D7B,AV5-1-CSATPDYSNNRLTL-AJ7_BV3-CASSFSGAGNTLYF-BJ1-3,1,1,10.0,0.0,2.7855546320988784,0.0,2.6377329759763244,0.0,2.7855546320988784,2.6377329759763244
184,D7B,AV5-4-CAANPNTNKVVF-AJ34_BV13-1-CASSGTGSTEVFF-BJ1-1,2,7,5.0,0.5714285714285714,2.523749444399411,1.3049447829945626,2.1375790804674097,1.1458410299409743,1.2188046614048484,0.9917380505264355
185,D7B,AV5-4-CAASAGGYQNFYF-AJ49_BV1-CTCSALGGYAEQFF-BJ2-1,1,10,5.0,0.3,3.2638525197842503,1.1184711653566308,3.102277545899312,0.9882597799137198,2.1453813544276192,2.114017765985592
186,D7B,AV5-4-CAASAQDSGYNKLTF-AJ11_BV19-CASNWGNYAEQFF-BJ2-1,1,4,10.0,0.25,1.2916919971380594,0.7112898809212458,0.8867893895520093,0.6113308081568076,0.5804021162168136,0.27545858139520163
187,D7B,AV5-4-CAASSDYNQGKLIF-AJ23_BV3-CASSSGLGYEQYF-BJ2-7,1,15,5.0,0.4666666666666667,3.102171171752627,1.2779918201677087,2.836751063413509,0.8577084437758068,1.8241793515849183,1.9790426196377022
188,D7B,AV5D-4-CAASKDYNQGKLIF-AJ23_BV19-CASSIAGKNSPLYF-BJ1-6,1,1,5.0,0.0,2.173911951300547,1.584962500721156,2.0493076402243706,1.5849625007211563,0.5889494505793911,0.4643451395032143
189,D7B,AV6-2-CVLGEGGRALIF-AJ15_BV3-CASSFTRDTNYAEQFF-BJ2-1,1,2,6.0,0.5,3.2714061473811333,1.9870216380911085,3.0671071475774214,1.799809014508838,1.2843845092900248,1.2672981330685835
190,D7B,AV6-2-CVLGSNMGYKLTF-AJ9_BV29-CASSLGRGVNQAPLF-BJ1-5,1,7,5.0,0.14285714285714285,2.708231870968543,1.9914365741482951,2.393565968976019,1.7520455011159732,0.716795296820248,0.6415204678600459
191,D7B,AV6-4-CALVHSNTNKVVF-AJ34_BV1-CTCRDRQDTQYF-BJ2-5,1,1,5.0,0.0,0.6500224216483541,1.9502120649147465,0.46948528330122,1.9142701259741162,-1.3001896432663924,-1.4447848426728962
192,D7B,AV6-5-CALSDRGSNAKLTF-AJ42/AV13D-4-CAMELDSNYQLIW-AJ33_BV17-CASSRGYNSPLYF-BJ1-6,1,16,5.0,0.0625,0.6500224216483541,1.4053257091058304,0.46948528330122,1.244814327279609,-0.7553032874574763,-0.7753290439783891
193,D7B,AV6-6-CALANTGANTGKLTF-AJ52_BV13-1-CASSDALYAEQFF-BJ2-1,2,20,8.0,0.45,3.2655074058292506,1.2816931454759843,2.9720444364052714,1.073860797088953,1.9838142603532662,1.8981836393163183
194,D7B,AV6-6-CALGDSGGSNAKLTF-AJ42_BV19-CASSMGLSYNSPLYF-BJ1-6,2,8,18.0,0.125,2.599736068691428,1.4176434784845582,2.324600393968171,1.266402933564228,1.18209259020687,1.0581974604039432
195,D7B,AV6-6-CALGEDSGSWQLIF-AJ22_BV3-CASSLGGRYEQYF-BJ2-7,2,11,6.0,0.0,2.1117124921440196,1.1740173851052107,1.8319572332756473,1.0550317560129534,0.9376951070388089,0.7769254772626939
196,D7B,AV6-6-CALGEDYSNNRLTL-AJ7_BV26-CASSHGGRNTLYF-BJ2-4,2,22,9.0,0.18181818181818182,3.0967657955015087,1.404903240317685,2.8025403468187204,1.2806516148145242,1.6918625551838236,1.5218887320041963
197,D7B,AV6-6-CALGGTGNTGKLIF-AJ37_BV13-1-CASSAGNYAEQFF-BJ2-1,4,43,9.25,0.06976744186046512,2.4553915724675783,0.9820667875759194,2.174391629084441,0.8624096606886543,1.473324784891659,1.3119819683957865
198,D7B,AV6-6-CALGNTGANTGKLTF-AJ52_BV13-1-CASSDSLYAEQFF-BJ2-1,2,5,10.0,0.0,1.1230970755529692,1.5368975099214954,0.8492061766984067,1.305953122746254,-0.4138004343685262,-0.45674694604784727
199,D7B,AV6-7/DV9-CALSDNNNAPRF-AJ43_BV1-CTCSADFGGWEQYF-BJ2-7,1,8,7.0,0.125,0.0,1.9356469754832673,0.0,1.7317554056877504,-1.9356469754832673,-1.7317554056877504
200,D7B,AV6D-7-CALGDDSGYNKLTF-AJ11_BV3-CASSLGQISYEQYF-BJ2-7,2,15,9.5,0.4,1.0546529658589678,1.1741239486205328,0.9172435023478811,1.0101558967449764,-0.11947098276156498,-0.09291239439709531
201,D7B,AV6N-6-CALSATSSGQKLVF-AJ16_BV23-CSSSQSQTTNTEVFF-BJ1-1,3,36,5.666666666666667,0.1388888888888889,2.0691754295109077,1.4600112893466302,1.9291400961741318,1.2905802461561555,0.6091641401642776,0.6385598500179763
202,D7B,AV6N-6-CALSPSGSWQLIF-AJ22_BV13-1-CASSDVGYEQYF-BJ2-7,7,206,7.714285714285714,0.2621359223300971,2.5149417415690567,1.2689795340125967,2.085742936023459,0.9683050447703915,1.24596220755646,1.1174378912530676
203,D7B,AV6N-6-CARASSGSWQLIF-AJ22_BV13-1-CASSDAGAEVFF-BJ1-1,2,8,14.0,0.0,2.2079079879553056,1.1430217192780012,1.9913104565405593,0.9108289424126287,1.0648862686773044,1.0804815141279307
204,D7B,AV7-1-CAVPSNMGYKLTF-AJ9_BV3-CASSSDRASAETLYF-BJ2-3,1,3,10.0,0.0,2.955263622101443,1.3157247943908883,2.765895314959236,1.035965625316477,1.639538827710555,1.729929689642759
205,D7B,AV7-2-CAANSNTNKVVF-AJ34/AV13N-4-CAMVITGNTGKLIF-AJ37_BV13-2-CASGDWQGDSPLYF-BJ1-6,4,43,16.5,0.3488372093023256,2.560283055643764,1.5935713558423437,2.314439217800161,1.3894733473271512,0.9667116998014202,0.9249658704730099
206,D7B,AV7-2-CAASWDYANKMIF-AJ47_BV3-CASSSRHYAEQFF-BJ2-1,1,1,6.0,0.0,0.9940302114769565,2.2096909728231857,0.9881258997117086,1.7251401587694162,-1.2156607613462294,-0.7370142590577076
207,D7B,AV7-3-CAVSPASSGSWQLIF-AJ22_BV13-2-CASGDVGGQNTLYF-BJ2-4,1,7,11.0,0.0,2.1499481955839457,1.567835639174339,1.6900445467787137,1.3229129476084283,0.5821125564096066,0.3671315991702855
208,D7B,AV7-3-CAVYQGGRALIF-AJ15_BV19-CASSIDGLGDAEQFF-BJ2-1,3,6,5.666666666666667,0.16666666666666666,3.0254073598958278,1.312052925452453,2.72943781432797,1.1551546524777827,1.7133544344433749,1.5742831618501871
209,D7B,AV7-5-CAVGGSGGKLTL-AJ44_BV4-CASSLGRHTEVFF-BJ1-1,4,46,8.5,0.391304347826087,2.825632061237032,1.3493749025806592,2.6278952388099883,1.1884490597396378,1.4762571586563729,1.4394461790703506
210,D7B,AV7-5-CAVSMPGNTGKLIF-AJ37_BV4-CASSWGNYAEQFF-BJ2-1,1,15,5.0,0.13333333333333333,1.6854752972273344,1.1601187624102829,1.4739311883324124,0.9643876361987612,0.5253565348170515,0.5095435521336512
211,D7B,AV7D-4-CAASEHAQGLTF-AJ26_BV13-1-CASSDVANTEVFF-BJ1-1,1,6,6.0,0.16666666666666666,2.8375501621561936,1.608356367387609,2.686602762596994,1.3871032590766863,1.2291937947685847,1.2994995035203079
212,D7B,AV7D-4-CAASEITGYQNFYF-AJ49_BV13-2-CASGERGAYNSPLYF-BJ1-6,2,9,13.5,0.2222222222222222,2.076633768735815,1.5123340716830445,1.7159313735889778,1.2113991192345859,0.5642996970527707,0.504532254354392
213,D7B,AV7D-5-CAVRASSFSKLVF-AJ50_BV1-CTCSADRLGNTLYF-BJ2-4,1,4,16.0,0.0,2.6048276083098165,0.9575246278704784,2.2660297695929534,0.8867486626305339,1.647302980439338,1.3792811069624196
214,D7B,AV7D-5-CAVRQGGRALIF-AJ15_BV1-CTCSADRLGNTQYF-BJ2-5,1,2,5.0,0.0,3.138428645054817,1.1128054072603688,2.9673953345680726,0.973053496002399,2.025623237794448,1.9943418385656737
215,D7B,AV8-1-CAPSASSGSWQLIF-AJ22_BV13-2-CASGDEVSNERLFF-BJ1-4,1,8,6.0,0.625,2.7446875917241895,1.5543643831589304,2.6879088024347224,1.2486689692812374,1.190323208565259,1.439239833153485
216,D7B,AV8-1-CATAPSSGSWQLIF-AJ22_BV13-2-CASGDETGAETLYF-BJ2-3,1,47,12.0,0.3404255319148936,2.4368059872479155,1.3058642918331473,2.133605561172577,1.091674021732462,1.1309416954147682,1.041931539440115
217,D7B,AV8-2-CATDAGGNEKITF-AJ48/AV19-CAAGGSGGKLTL-AJ44_BV13-1-CASSDLTGAPNERLFF-BJ1-4,1,16,12.0,0.0,2.1803997530317103,1.14933559398979,1.7548875021634684,1.0346416768591626,1.0310641590419203,0.7202458253043058
218,D7B,AV8D-2-CATDAQGGRALIF-AJ15_BV3-CASSLGVEAPLF-BJ1-5,1,5,10.0,0.2,3.5597842199244516,2.1306041049431146,3.4521106801426673,1.946293832712676,1.429180114981337,1.5058168474299913
219,D7B,AV8D-2-CATDRGFASALTF-AJ35_BV3-CASSLAREYEQYF-BJ2-7,1,4,6.0,0.0,1.9328045775391225,1.6539996533186447,1.8711449343235758,1.4889564467263374,0.27880492422047776,0.38218848759723834
220,D7B,AV8D-2-CATDTGGLSGKLTF-AJ2_BV13-1-CASSPGQYAEQFF-BJ2-1,2,43,5.5,0.4186046511627907,2.263636591335816,1.198861348991784,2.0659785756216458,1.0691002747605816,1.0647752423440318,0.9968783008610642
221,D7B,AV8N-2-CAPGTGGYKVVF-AJ12_BV13-1-CASSEGTYQNTLYF-BJ2-4,1,29,5.0,0.3103448275862069,2.867526728732811,1.4892012550526914,2.4196513804757216,1.2625883467181092,1.3783254736801194,1.1570630337576124
222,D7B,AV8N-2-CATDHQGGRALIF-AJ15_BV29-CASSSGTSGNTLYF-BJ1-3,3,23,7.0,0.30434782608695654,2.4325207727683797,1.3927996285013122,2.282303500587178,1.254620308861116,1.0397211442670675,1.027683191726062
223,D7B,AV8N-2-CATEDQGGRALIF-AJ15_BV19-CASSTPGQAPLF-BJ1-5,1,6,5.0,0.8333333333333334,2.495602923729013,1.5263044141885083,2.2223924213364477,1.4441098713931335,0.9692985095405049,0.7782825499433141
224,D7B,AV8N-2-CATENTEGADRLTF-AJ45/AV9-4-CAVSAAGTGSNRLTF-AJ28_BV1-CTCSADWGVWAETLYF-BJ2-3,1,12,5.0,0.3333333333333333,1.2987949406953985,1.4616848796008186,1.0931094043914815,1.2335195455195647,-0.16288993890542014,-0.14041014112808314
225,D7B,AV9-1-CAVSASNNRIFF-AJ31_BV14-CASSRRDRVNTEVFF-BJ1-1,1,1,5.0,0.0,1.1488348542809166,0.0,0.8598223419517396,0.0,1.1488348542809166,0.8598223419517396
226,D7B,AV9-2-CVLSDNYAQGLTF-AJ26_BV13-2-CASGDRGNTEVFF-BJ1-1,1,1,10.0,1.0,1.8389921403188865,0.0,1.5474877953024933,0.0,1.8389921403188865,1.5474877953024933
227,D7B,AV9-4-CAVSMDYANKMIF-AJ47_BV15-CASSTRQSSQNTLYF-BJ2-4,1,1,5.0,4.0,0.6500224216483541,1.761706277574314,0.46948528330122,1.6082322800440032,-1.1116838559259599,-1.1387469967427832
228,D7B,AV9D-3-CAVSAYLNTGNYKYVF-AJ40_BV2-CASSQERAGVYEQYF-BJ2-7,1,1,14.0,0.0,1.3372449392958772,1.5,0.8305191097019952,1.415037499278844,-0.16275506070412282,-0.5845183895768488
229,D7B,AV9D-3-CAVSMQGGSAKLIF-AJ57_BV13-3-CASRDRGRDTQYF-BJ2-5,2,5,5.0,0.2,1.2758012861980559,1.3001836073430209,1.1431704006586871,1.175156433400058,-0.02438232114496497,-0.031986032741370796
230,D7B,AV9D-3-CAVSNMGYKLTF-AJ9_BV1-CTCSAGLDQDTQYF-BJ2-5,1,4,8.0,0.75,1.6457113704075783,2.370564787417786,1.4606801648345562,2.0645723017301645,-0.7248534170102077,-0.6038921368956083
231,D7C,AV10-CAASMDYANKMIF-AJ47_BV3-CASSPGTGYEQYF-BJ2-7,1,8,6.0,0.0,3.3161453258846803,1.527761934469319,3.075020588425125,1.4597511375297314,1.7883833914153613,1.6152694508953935
232,D7C,AV10-CAEGGNTGKLIF-AJ37/AV13N-4-CAMERLYGSSGNKLIF-AJ32_BV1-CTCSAVRVSGNTLYF-BJ1-3,1,3,5.0,0.6666666666666666,0.9910760598382222,1.6802500236240168,0.982297998266541,1.563959234879223,-0.6891739637857945,-0.5816612366126821
233,D7C,AV10N-CAASMAGGNYKPTF-AJ6_BV1-CTCSADSGGNYAEQFF-BJ2-1,2,9,5.0,0.1111111111111111,1.3785009467191658,1.2209114603850406,1.3105913443169548,1.157198349544247,0.15758948633412517,0.15339299477270774
234,D7C,AV12-2-CALRGTGNYKYVF-AJ40_BV1-CTCSASRDPYNSPLYF-BJ1-6,1,7,12.0,0.8571428571428571,3.4318897670574344,1.5112106026567884,3.236371612913598,1.397064960543249,1.920679164400646,1.8393066523703492
235,D7C,AV12-2-CALSDDTNAYKVIF-AJ30_BV19-CASSIGPGGNSDYTF-BJ1-2,1,3,10.0,0.0,3.286791168927962,2.8901098923014743,3.09022689585836,2.6577880625434704,0.39668127662648756,0.4324388333148894
236,D7C,AV12-2-CALSDRGSSSFSKLVF-AJ50_BV1-CTCSGTNNQAPLF-BJ1-5,1,5,9.0,0.0,3.166143661535563,1.2890837937701076,2.864786564518802,1.0547556239727656,1.8770598677654555,1.8100309405460364
237,D7C,AV12-2-CASNTGYQNFYF-AJ49_BV14-CASRTGTGGNTEVFF-BJ1-1,1,3,11.0,0.0,0.7732283485249176,2.101196923303579,0.45836493094294434,1.9398092514527263,-1.3279685747786616,-1.481444320509782
238,D7C,AV12D-2-CALSGNSGTGSNRLTF-AJ28/AV3-3-CAVSMDNNAPRF-AJ43_BV1-CTCSAVGGDTQYF-BJ2-5,1,4,5.0,0.25,2.212565997020861,1.3111537408083143,1.746243407754217,1.0291239632845346,0.9014122562125468,0.7171194444696825
239,D7C,AV12D-3-CALSDRSGSFNKLTF-AJ4/AV8D-2-CATDGQGGRALIF-AJ15_BV29-CASSLGTSGNTLYF-BJ1-3,1,4,6.0,0.0,2.338811921929839,1.9539137881989255,2.071979951030353,1.770690693462446,0.3848981337309134,0.3012892575679069
240,D7C,AV12D-3-CALSGPGTGSNRLTF-AJ28_BV29-CASTANTEVFF-BJ1-1,1,35,13.0,0.3142857142857143,1.469182539187755,1.0929320176828619,1.3628998759436683,1.0008705626796628,0.37625052150489324,0.36202931326400556
241,D7C,AV12D-3-CALSGPGTGSNRLTF-AJ28_BV3-CASSLGRSYEQYF-BJ2-7,1,1,9.0,0.0,2.0031088905778542,0.5435644431995964,1.8103387804964255,0.3561438102252753,1.4595444473782577,1.4541949702711503
242,D7C,AV12D-3-CALSNNYAQGLTF-AJ26_BV13-2-CASGDQGASGNTLYF-BJ1-3,1,2,9.0,0.0,2.2200683022340693,1.8125210627086341,1.7816095092210484,1.6782536734191167,0.40754723952543515,0.10335583580193175
243,D7C,AV13-1-CALERSNNRIFF-AJ31_BV2-CASSQDRRGDEQYF-BJ2-7,2,29,5.0,0.13793103448275862,2.3492675092429103,1.2010430833131982,1.9148006000029567,1.0751527239604501,1.148224425929712,0.8396478760425066
244,D7C,AV13-1-CLDTNAYKVIF-AJ30_BV1-CTCSAGTGGSTGQLYF-BJ2-2,2,2,6.5,0.0,2.55886405763688,0.4772170014624825,2.138579804725106,0.4562685793748303,2.0816470561743974,1.6823112253502759
245,D7C,AV13-2-CAIDNNAGAKLTF-AJ39_BV14-CASSFRAEQFF-BJ2-1,1,2,5.0,0.0,1.809200032697812,2.343759527177311,1.7078192485066896,2.1729979274245963,-0.5345594944794991,-0.46517867891790665
246,D7C,AV13-2-CAIDPNTGKLTF-AJ27_BV13-3-CASSDVNSDYTF-BJ1-2,1,12,4.0,0.16666666666666666,2.0951268529736504,1.3191153173259338,1.9323461762911887,1.0490878030896955,0.7760115356477166,0.8832583732014931
247,D7C,AV13-2-CAIDPNTNKVVF-AJ34_BV14-CASSLTGGAEQFF-BJ2-1,1,2,9.0,0.0,3.1973109138924,0.0,2.8938344427830724,0.0,3.1973109138924,2.8938344427830724
248,D7C,AV13-2-CAIDPNTNKVVF-AJ34_BV31-CAWSLLGSQNTLYF-BJ2-4,1,4,5.0,1.0,2.6965692678454065,1.1184343033680073,2.315018149904689,1.0184870086939644,1.5781349644773992,1.2965311412107245
249,D7C,AV13-2-CAIDPNYNVLYF-AJ21_BV16-CASSAGSAEQFF-BJ2-1/BV13-3-CASSDWGNYAEQFF-BJ2-1,1,4,4.0,0.0,0.9182958340544896,0.835976198418222,0.84799690655495,0.7374170811124638,0.08231963563626754,0.11057982544248612
250,D7C,AV13-2-CAIDSNTGKLTF-AJ27_BV13-2-CASGDAGGEVFF-BJ1-1,10,156,7.5,0.1858974358974359,2.108479966462364,1.3174319031964763,1.9063962603652584,1.1589841929427374,0.7910480632658876,0.7474120674225211
251,D7C,AV13-2-CAIDSNTNKVVF-AJ34/AV9-2-CVLSARSGGSNAKLTF-AJ42_BV1-CTCSSQNTLYF-BJ2-4,2,3,21.5,0.0,2.980401598124882,1.051971031725275,2.765776977531581,0.9936303923507651,1.928430566399607,1.7721465851808156
252,D7C,AV13-2-CAPNNNAGAKLTF-AJ39_BV13-2-CASGTGGQNTLYF-BJ2-4/BV14-CASSDRYEQYF-BJ2-7,1,3,4.0,0.3333333333333333,2.071179362845803,1.9507339336895668,1.8731503837832886,1.7222952688921553,0.12044542915623624,0.15085511489113324
253,D7C,AV13-2-CAPNNNAGAKLTF-AJ39_BV14-CASSDRYEQYF-BJ2-7,4,132,5.75,0.22727272727272727,2.5281045458651787,1.6869324791344678,2.2811226654455163,1.473951575892225,0.841172066730711,0.8071710895532913
254,D7C,AV13D-2-CAIYQGGRALIF-AJ15_BV1-CTCSADRGNSYNSPLYF-BJ1-6,1,10,6.0,0.3,2.217917351090835,1.7523610149298725,2.04420647611947,1.6128911601090905,0.4655563361609625,0.43131531601037953
255,D7C,AV13D-4-CAMDYNQGKLIF-AJ23_BV2-CASSQDRNNQAPLF-BJ1-5,1,2,12.0,0.5,3.0368963581830606,2.3888616698252525,2.91506209033484,1.9534452978042594,0.6480346883578081,0.9616167925305805
256,D7C,AV13N-1-CAMDYNQGKLIF-AJ23/AV8N-2-CATESQGGRALIF-AJ15_BV3-CASSDRAGQDTQYF-BJ2-5,1,10,5.0,0.0,2.649794462043571,1.3468839040965535,2.5185751033872545,1.1914515279622049,1.3029105579470175,1.3271235754250497
257,D7C,AV14-1-CAAHDSGYNKLTF-AJ11_BV1-CTCSAVRVSGNTLYF-BJ1-3,1,2,4.0,0.5,2.8952935551210155,2.2526933441158556,2.7276707021102444,2.15200309344505,0.6426002110051598,0.5756676086651944
258,D7C,AV14-1-CAAMSNYNVLYF-AJ21_BV3-CASSLGRSYEQYF-BJ2-7,1,1,4.0,0.0,1.891852172883934,1.918208434154617,1.6983957578829478,1.7014391605370653,-0.026356261270683135,-0.0030434026541175108
259,D7C,AV14-1-CAASADTGNYKYVF-AJ40_BV13-3-CASSDSNTEVFF-BJ1-1,3,11,5.666666666666667,0.2727272727272727,2.8026999072170256,1.4031159033669565,2.4905189476880945,1.2605104635463038,1.399584003850069,1.2300084841417906
260,D7C,AV14-2-CAAGASSGSWQLIF-AJ22_BV31-CAWSLAGSGNTLYF-BJ1-3,2,42,11.0,0.21428571428571427,2.7146476417731846,1.4336068365189059,2.506191623808605,1.2886054553521558,1.2810408052542788,1.2175861684564493
261,D7C,AV14-2-CAANQGGRALIF-AJ15_BV13-2-CASGDLQQDTQYF-BJ2-5,1,1,13.0,0.0,3.324390998122778,2.6601297526332566,3.023798077062866,2.5602158383854703,0.6642612454895214,0.4635822386773958
262,D7C,AV14-2-CAANYGSSGNKLIF-AJ32/AV6-6-CALGNYNQGKLIF-AJ23_BV1-CTCSAVRVQNTLYF-BJ2-4,1,4,4.0,0.0,1.2516291673878228,1.0842003326298317,1.0,0.938226784508807,0.16742883475799109,0.06177321549119297
263,D7C,AV14-2-CAASADYGSSGNKLIF-AJ32_BV4-CASRQFSYNSPLYF-BJ1-6,3,33,11.666666666666666,0.18181818181818182,2.749796511722964,1.884054238398084,2.481943890858784,1.7194691055273725,0.8657422733248799,0.7624747853314113
264,D7C,AV14-2-CAASASSGSWQLIF-AJ22_BV13-1-CASSGTGGINQAPLF-BJ1-5,2,34,9.5,0.20588235294117646,2.527862569861993,1.1363070403794,2.2542310069425575,0.9938645562202408,1.391555529482593,1.2603664507223167
265,D7C,AV14-2-CAASASSGSWQLIF-AJ22_BV31-CAWSLAGSGNTLYF-BJ1-3,2,21,10.0,0.23809523809523808,2.56678414920251,1.3028677469218397,2.406948883962188,1.2115957384700056,1.2639164022806704,1.1953531454921826
266,D7C,AV14-2-CAASDNYAQGLTF-AJ26_BV5-CASSQDQLSGNTLYF-BJ1-3,1,1,4.0,0.0,2.355388542207534,1.3709505944546687,2.169925001442312,1.1844245711374275,0.9844379477528653,0.9855004303048847
267,D7C,AV14-2-CAASESSSGQKLVF-AJ16_BV13-2-CASGDNNANSDYTF-BJ1-2,1,1,28.0,0.0,2.231770255249188,2.021782221599798,1.7909101709840083,1.7905466343710503,0.20998803364939,0.0003635366129579598
268,D7C,AV14-2-CAASGDYAQGLTF-AJ26_BV3-CASSLGYQDTQYF-BJ2-5,4,49,9.25,0.22448979591836735,2.251319478283464,1.2079821873613925,1.9934333440253784,0.9384858416635865,1.0433372909220715,1.054947502361792
269,D7C,AV14-2-CAASGNYNQGKLIF-AJ23_BV3-CASSPQGAGNTLYF-BJ1-3,1,2,7.0,0.0,1.5510981710072647,1.5020437470554828,1.2630344058337937,1.2033983631013871,0.049054423951781834,0.059636042732406525
270,D7C,AV14-2-CAASGTGGYKVVF-AJ12_BV14-CASSLGQGGERLFF-BJ1-4,1,2,13.0,0.0,3.2513373196412805,1.3616157143988104,3.013319387010851,1.236965594166206,1.8897216052424701,1.776353792844645
271,D7C,AV14-3-CAASAAYANKMIF-AJ47_BV3-CASSLGPANTGQLYF-BJ2-2,1,9,5.0,0.1111111111111111,2.8040591851996584,1.3840887893036746,2.497660092614256,1.284352240356733,1.4199703958959837,1.2133078522575231
272,D7C,AV14-3/DV8-CAASASSGSWQLIF-AJ22_BV31-CAWSLAQGHERLFF-BJ1-4,1,1,4.0,0.0,2.9502926596166685,1.9933437684823567,2.8073549220576037,1.6780719051126376,0.9569488911343118,1.1292830169449661
273,D7C,AV14D-1-CAAGASSGSWQLIF-AJ22_BV31-CAWSLAGSGNTLYF-BJ1-3,2,1,12.5,0.0,2.3992452055713858,0.0,2.132232595139407,0.0,2.3992452055713858,2.132232595139407
274,D7C,AV14D-1-CAASADSGTYQRF-AJ13_BV13-2-CASGDALGDYEQYF-BJ2-7,2,9,8.5,0.1111111111111111,3.080299700688961,1.2911883318339958,2.90246486479037,1.1066467309640955,1.7891113688549654,1.7958181338262746
275,D7C,AV14D-3/DV8-CAASASSGSWQLIF-AJ22_BV31-CAWSPLQGANTEVFF-BJ1-1,1,11,8.0,0.0,3.2425887736357573,0.9882477186329816,3.1520388032763877,0.8494016720038341,2.254341055002776,2.3026371312725535
276,D7C,AV14D-3/DV8-CAASGTNAYKVIF-AJ30_BV13-3-CASSEGYAEQFF-BJ2-1,1,2,4.0,0.0,2.7201287774331884,1.4455305560363263,2.6709357238310094,1.408144023413806,1.274598221396862,1.2627917004172033
277,D7C,AV16-CAMGTGSGGKLTL-AJ44_BV1-CTCSTRGANERLFF-BJ1-4,1,46,8.0,0.1956521739130435,3.137046753088499,1.1928336112791205,2.9315202621172336,1.0742831542836326,1.9442131418093784,1.857237107833601
278,D7C,AV16-CAMREANTGYQNFYF-AJ49_BV13-2-CASGDGAQNTLYF-BJ2-4,1,13,8.0,0.0,2.4615605312978825,1.1317749137097741,2.246437895303099,0.9115498659676166,1.3297856175881084,1.3348880293354823
279,D7C,AV16-CAMREANTGYQNFYF-AJ49_BV13-2-CASGTGGQNTLYF-BJ2-4,7,86,7.285714285714286,0.13953488372093023,2.1717959960054563,1.2107778709776689,2.0334305597042,1.0274154224062872,0.9610181250277874,1.0060151372979127
280,D7C,AV16-CAMREDENQGGSAKLIF-AJ57_BV14-CASSFLGNTLYF-BJ2-4,1,3,13.0,0.0,2.86121308893292,1.4791694397349138,2.6990833463688677,1.3879919117037087,1.3820436491980062,1.311091434665159
281,D7C,AV16-CAMREDGYQNFYF-AJ49_BV16-CASSLGWGGREQYF-BJ2-7,4,38,11.5,0.07894736842105263,2.5310122123558503,1.1250537571951802,2.30048561342553,1.0216337910620739,1.40595845516067,1.2788518223634562
282,D7C,AV16-CAMREDTEGADRLTF-AJ45_BV13-1-CASSGLYEQYF-BJ2-7,1,1,4.0,0.0,2.8065353304846266,1.5058762556041068,2.520463067773011,0.9914885001444829,1.3006590748805198,1.5289745676285282
283,D7C,AV16-CAMREGNNAGAKLTF-AJ39_BV13-2-CASGDVGYEQYF-BJ2-7,1,1,14.0,0.0,2.6315267474443464,1.3709505944546687,2.348703771408445,1.1844245711374273,1.2605761529896777,1.1642792002710178
284,D7C,AV16-CAMREGNTGYQNFYF-AJ49_BV13-2-CASGDGAQNTLYF-BJ2-4,2,28,10.5,0.32142857142857145,2.638767940531369,1.2328600479126401,2.357864760414853,0.9584841330824599,1.4059078926187287,1.399380627332393
285,D7C,AV16-CAMRESNTGYQNFYF-AJ49_BV13-2-CASGTGGQNTLYF-BJ2-4,23,376,6.478260869565218,0.18085106382978725,2.2739100323185037,1.4508569058835297,1.9942462820042288,1.2588791189557753,0.8230531264349741,0.7353671630484535
286,D7C,AV16-CAMREVMDYANKMIF-AJ47_BV1-CTCSADLSQDTQYF-BJ2-5,1,5,11.0,0.0,3.38021590988883,0.9423049849343943,3.2458198504815945,0.7514511381289462,2.4379109249544353,2.4943687123526486
287,D7C,AV16-CAMRITGNTGKLIF-AJ37_BV1-CTCSADRTGQNTLYF-BJ2-4,1,2,7.0,0.0,2.5699783999869656,1.3618329367171866,2.109229069754758,1.2641894861773944,1.208145463269779,0.8450395835773636
288,D7C,AV16/DV11-CAMREGDSAGNKLTF-AJ17_BV29-CASSYGTGGTEVFF-BJ1-1,1,1,6.0,0.0,1.5916727785823275,2.1219280948873624,1.4052564784862585,1.9434164716336322,-0.530255316305035,-0.5381599931473737
289,D7C,AV16/DV11-CAMREGGRALIF-AJ15_BV1-CTCSADRVSYNSPLYF-BJ1-6,1,1,6.0,0.0,2.799315159183975,2.363865121950854,2.6365142144335567,2.0588936890535687,0.4354500372331209,0.577620525379988
290,D7C,AV16/DV11-CAMREVDTNAYKVIF-AJ30/AV7-5-CAVSIGGGDNSKLIW-AJ38_BV13-1-CASSDGLNSDYTF-BJ1-2,2,3,5.5,0.0,2.137776628243542,2.1618963100562154,1.9832924091611295,2.0366546244226145,-0.02411968181267321,-0.05336221526148499
291,D7C,AV16N-CAMRDITGNTGKLIF-AJ37_BV13-1-CASSDAGTTNTEVFF-BJ1-1,1,2,4.0,0.0,1.2516291673878228,2.0466034931833077,1.0,1.793463343800835,-0.7949743257954849,-0.7934633438008349
292,D7C,AV16N-CAMREGGAGNTGKLIF-AJ37_BV13-2-CASGDNYEQYF-BJ2-7,1,7,4.0,0.14285714285714285,2.6859679340356912,0.8167729960586882,2.5713904811476285,0.691908664657023,1.869194937977003,1.8794818164906055
293,D7C,AV16N-CAMREGNNAGAKLTF-AJ39_BV13-2-CASGDNYEQYF-BJ2-7,1,1,5.0,0.0,3.1332835835582586,1.7527152789797047,3.01700642530569,1.5849625007211563,1.380568304578554,1.4320439245845338
294,D7C,AV16N-CAMREGNNAGAKLTF-AJ39_BV16-CASSSGQKNTEVFF-BJ1-1,4,79,6.25,0.25316455696202533,2.4350045353453664,1.3267597465903498,2.252728229478304,1.1918726169440577,1.1082447887550166,1.0608556125342465
295,D7C,AV16N-CAMREGNSNNRIFF-AJ31_BV13-1-CASRDINTEVFF-BJ1-1,1,12,6.0,0.0,2.7183567216832656,1.4675385542196686,2.428458015041165,1.3012998969972747,1.250818167463597,1.1271581180438905
296,D7C,AV16N-CAMREGNTNTGKLTF-AJ27_BV13-2-CASGGQGVSQNTLYF-BJ2-4,1,5,7.0,0.2,3.2207608150675275,1.7780193128240025,2.9235384635004262,1.5422652797965857,1.442741502243525,1.3812731837038406
297,D7C,AV16N-CAMREGQSNYQLIW-AJ33_BV13-2-CASGESSYEQYF-BJ2-7,1,3,6.0,1.0,2.4202776983278507,2.2836873932764212,2.3347902458244114,1.9596654363927097,0.13659030505142944,0.3751248094317017
298,D7C,AV17-CALEGSGYGNEKITF-AJ48_BV1-CTCSGDRVSYEQYF-BJ2-7,2,10,9.5,0.1,1.8301672875652184,1.5630088952312993,1.639079783652801,1.3864613390362235,0.26715839233391914,0.25261844461657756
299,D7C,AV17-CALEGSYGNEKITF-AJ48_BV1-CTCSADRVGSDYTF-BJ1-2,3,35,5.333333333333333,0.14285714285714285,2.6322078590312015,1.325920129006434,2.36388504570345,1.1860791615730946,1.3062877300247675,1.1778058841303556
300,D7C,AV19-CAAGAAGYQNFYF-AJ49_BV17-CASSRRTGANTGQLYF-BJ2-2,2,11,7.5,0.0,2.4689258159616623,1.1444026883309384,2.222202406123582,1.017842159063066,1.3245231276307239,1.2043602470605161
301,D7C,AV19-CAAGGGATGGNNKLTF-AJ56_BV1-CTCSAARFNERLFF-BJ1-4,1,2,28.0,0.5,1.076568742559635,2.0688263501672663,0.6780719051126377,1.8831069107356249,-0.9922576076076313,-1.205035005622987
302,D7C,AV19-CAANQGGSAKLIF-AJ57_BV5-CASSRQVNYAEQFF-BJ2-1,1,10,12.0,0.1,1.474041717473638,1.610340494814191,1.3676438126085797,1.4696577046720178,-0.13629877734055307,-0.10201389206343814
303,D7C,AV21/DV12-CILRDTEGADRLTF-AJ45_BV16-CASSFAVYAEQFF-BJ2-1,1,6,5.0,0.16666666666666666,1.7779849042597489,1.591488045382964,1.6671310423019825,1.4281534490901169,0.1864968588767848,0.23897759321186562
304,D7C,AV21/DV12-CILRVAWNNNAPRF-AJ43_BV2-CASSQEQGYAEQFF-BJ2-1,1,41,6.0,0.17073170731707318,2.5474228417223825,1.3539845933104453,1.679374876101878,1.1529341734715077,1.1934382484119372,0.5264407026303703
305,D7C,AV3-1-CAVSGQGGRALIF-AJ15_BV13-1-CASRGTAYEQYF-BJ2-7,1,4,5.0,0.25,1.5487949406953985,1.1778553228998114,1.1926450779423958,0.9674524858890573,0.37093961779558704,0.22519259205333853
306,D7C,AV3-3-CAVRITGNTGKLIF-AJ37_BV17-CASSSGYEQYF-BJ2-7,1,4,15.0,0.25,2.020603719159168,1.829358547847684,1.7571286334859124,1.749468601573657,0.19124517131148422,0.007660031912255505
307,D7C,AV3-3-CAVSAWANYNVLYF-AJ21_BV3-CASSLGRSYEQYF-BJ2-7,4,73,5.0,0.1095890410958904,1.4965292144495281,1.0159176896866524,1.3809204680955895,0.9232010863475094,0.4806115247628757,0.45771938174808013
308,D7C,AV3D-3-CAAGTGGYKVVF-AJ12_BV26-CASSLGSLNQDTQYF-BJ2-5,2,6,4.5,0.16666666666666666,1.7323669102592492,1.9555733202872059,1.6133462793850368,1.7528355360642731,-0.22320641002795671,-0.13948925667923628
309,D7C,AV3D-3-CAVSDYGSSGNKLIF-AJ32_BV5-CASSPDRGDERLFF-BJ1-4,1,11,9.0,0.18181818181818182,2.121260870988722,1.470311171734223,1.8773174802251715,1.3956558025668862,0.650949699254499,0.4816616776582854
310,D7C,AV3D-3-CAVSDYNVLYF-AJ21/AV9D-3-CAVSMLSGSFNKLTF-AJ4_BV3-CASSQYLRDNQDTQYF-BJ2-5,7,64,6.285714285714286,0.21875,2.488826166694671,1.2315330010104284,2.2049750803613253,1.1103663921371043,1.2572931656842425,1.094608688224221
311,D7C,AV3D-3-CAVSEPSGSWQLIF-AJ22_BV5-CASSQGRGHERLFF-BJ1-4,1,11,5.0,0.09090909090909091,1.5306189948485172,0.89764926813256,1.485426827170242,0.7367522906539321,0.6329697267159572,0.7486745365163099
312,D7C,AV3D-3-CAVSERSNYNVLYF-AJ21_BV5-CASSQGQGYAEQFF-BJ2-1,1,9,5.0,0.2222222222222222,3.378507072008613,1.2828200760480455,3.247927513443585,1.1982063751729364,2.095686995960568,2.049721138270649
313,D7C,AV4D-3-CAAEARMGYKLTF-AJ9_BV1-CTCSAGTGGATGQLYF-BJ2-2,1,2,6.0,1.5,3.155914169511161,2.270335543826717,2.876782773711557,1.9089263489329173,0.885578625684444,0.9678564247786396
314,D7C,AV5-1-CSASPSSGSWQLIF-AJ22_BV4-CASSNTGGAGAETLYF-BJ2-3,1,22,10.0,0.2727272727272727,2.1723810554626155,1.306293608970259,1.8163749273817256,1.0144254991541042,0.8660874464923565,0.8019494282276214
315,D7C,AV5-1-CSASTEGADRLTF-AJ45_BV3-CASSFGRVGNTLYF-BJ1-3,1,26,10.0,0.2692307692307692,2.1938311332103213,1.3506094969490798,1.8872525753356364,1.205443476443621,0.8432216362612415,0.6818090988920154
316,D7C,AV5D-4-CAASSGSWQLIF-AJ22_BV26-CASSHKQNTLYF-BJ2-4,1,2,11.0,0.0,2.481469471436149,1.655979033282472,2.2813337626184196,1.4927502151524423,0.825490438153677,0.7885835474659773
317,D7C,AV6-4-CALVESGGSNAKLTF-AJ42_BV19-CASSMGVGNTEVFF-BJ1-1,2,27,5.0,0.37037037037037035,1.862325060116302,1.768840562091581,1.5769917287866453,1.6050513938596567,0.09348449802472092,-0.028059665073011386
318,D7C,AV6-5-CALSDQPGNTGKLIF-AJ37_BV14-CASSLRYEQYF-BJ2-7,1,4,5.0,0.0,2.44915156355353,0.8703166707237161,2.3411198099055825,0.7036606079000596,1.5788348928298142,1.637459202005523
319,D7C,AV6-6-CALGDGTGGYKVVF-AJ12_BV14-CASSFWNYAEQFF-BJ2-1,1,15,10.0,0.3333333333333333,3.019784408716515,1.385632864358359,2.7902915056303863,1.2437686015884322,1.6341515443581558,1.5465229040419541
320,D7C,AV6-6-CALGDLTGGNNKLTF-AJ56_BV13-3-CASKDRGREQYF-BJ2-7,5,16,8.2,0.0625,2.406418688978176,1.0748483434835945,2.15332710280679,0.950677121319526,1.3315703454945813,1.2026499814872642
321,D7C,AV6-6-CALGEEEWATGGNNKLTF-AJ56/AV16-CAMGTGSGGKLTL-AJ44_BV1-CTCSTRGANERLFF-BJ1-4,3,59,14.333333333333334,0.0847457627118644,2.5974832703824333,0.9496716531777817,2.2755844142288293,0.8523460136778147,1.6478116172046517,1.4232384005510146
322,D7C,AV6-6-CALGESGGSNAKLTF-AJ42_BV13-3-CASSDAQTYNSPLYF-BJ1-6,1,18,10.0,0.05555555555555555,3.5682019809953713,1.3933787658117196,3.460770546845595,1.1562696037767395,2.1748232151836517,2.304500943068856
323,D7C,AV6-6-CALGPSSSFSKLVF-AJ50/AV12-3-CALSDDTNKVVF-AJ34_BV13-2-CASGDKISYNSPLYF-BJ1-6,1,10,15.0,0.0,3.395078905346136,1.387649566089548,3.216859593795771,1.2597852964434453,2.0074293392565883,1.9570742973523259
324,D7C,AV6-6-CALGSGANTGKLTF-AJ52_BV14-CASRDRGEQYF-BJ2-7,1,3,4.0,0.0,2.953679780354504,2.076847132646849,2.810360537813224,1.8732074424011256,0.8768326477076549,0.9371530954120983
325,D7C,AV6-7/DV9-CALSSISSNTNKVVF-AJ34_BV1-CTCSAYRGRENSPLYF-BJ1-6,1,1,5.0,0.0,1.8828560636920488,1.0,1.7905466343710503,1.0,0.8828560636920488,0.7905466343710503
326,D7C,AV6D-5-CVLGDTGSGGKLTL-AJ44_BV13-1-CASSDAMYAEQFF-BJ2-1,1,41,4.0,0.2682926829268293,1.6644977792004614,1.431274510390885,1.3667823306716225,1.2751031096450107,0.23322326880957633,0.09167922102661175
327,D7C,AV6D-7-CALGANYNQGKLIF-AJ23_BV1-CTCSAGLGKDTQYF-BJ2-5,1,5,4.0,0.0,2.0662478973127314,1.2974471811226862,1.9311381418551956,1.1741713057794658,0.7688007161900452,0.7569668360757298
328,D7C,AV6N-6-CARASSGSWQLIF-AJ22_BV13-1-CASSDAGTEVFF-BJ1-1,1,25,5.0,0.36,0.863120568566631,1.3145405290628702,0.7567288489876361,1.170964349972043,-0.4514199604962392,-0.41423550098440687
329,D7C,AV7-1-CATDSNYQLIW-AJ33_BV1-CTCSAVLGGDNYAEQFF-BJ2-1,1,1,5.0,0.0,1.3485878960124222,1.9875168162362657,1.2464378953030992,1.7948855700953874,-0.6389289202238435,-0.5484476747922882
330,D7C,AV7-1-CGDNNNAPRF-AJ43_BV13-3-CASSGTGESQNTLYF-BJ2-4,1,2,4.0,0.0,3.142242616419736,0.5,2.908083398521352,0.5,2.642242616419736,2.408083398521352
331,D7C,AV7-2-CAARVDYANKMIF-AJ47_BV29-CASSLRDTEVFF-BJ1-1,1,1,8.0,0.0,3.071148537623621,0.0,2.8953447752008863,0.0,3.071148537623621,2.8953447752008863
332,D7C,AV7-2-CAASDNYAQGLTF-AJ26_BV31-CAWSLGNYAEQFF-BJ2-1,2,19,8.0,0.05263157894736842,1.7682322770610703,1.3137906565287147,1.5191311781407186,1.1768409367699395,0.4544416205323556,0.3422902413707791
333,D7C,AV7-2-CAASKGGRALIF-AJ15_BV13-1-CASSDWASSYEQYF-BJ2-7,6,33,6.166666666666667,0.18181818181818182,2.2318261110555366,1.2665327617919104,2.0637783943319774,1.0978444584364118,0.9652933492636262,0.9659339358955656
334,D7C,AV7-2-CAASMGTGGYKVVF-AJ12_BV13-2-CASLGEYAEQFF-BJ2-1,2,4,11.5,0.0,3.1386718164846146,1.2160852818385917,2.8732674797681153,1.134348782743842,1.922586534646023,1.7389186970242732
335,D7C,AV7-2-CAASMSGSFNKLTF-AJ4_BV13-2-CASGDVQGRAEQFF-BJ2-1,1,4,6.0,0.0,2.0162328109062857,1.2295739585136225,1.8698598646635518,1.146240625180289,0.7866588523926632,0.7236192394832628
336,D7C,AV7-2-CAASQGGRALIF-AJ15_BV26-CASSLSRAGTGQLYF-BJ2-2,2,20,6.5,0.25,2.608577486380851,1.2902072924925148,2.388013305173368,1.1506356100281803,1.3183701938883363,1.2373776951451876
337,D7C,AV7-3-CAVRQTQVVGQLTF-AJ5_BV20-CGARMGTEVFF-BJ1-1,3,18,11.0,0.16666666666666666,2.4652000156232767,1.3705388503670415,2.158540318792546,1.2498575390950066,1.0946611652562352,0.9086827796975394
338,D7C,AV7-3-CAVSAEGADRLTF-AJ45_BV1-CTCSADRGGNSPLYF-BJ1-6,1,32,22.0,0.21875,0.0,1.1560328814051977,0.0,1.061265119388747,-1.1560328814051977,-1.061265119388747
339,D7C,AV7-4-CAASEDYNQGKLIF-AJ23_BV31-CAWSLGHYAEQFF-BJ2-1,5,57,13.4,0.2807017543859649,3.0820722366791236,1.57963345791668,2.9017617502073425,1.4347435271223774,1.5024387787624436,1.467018223084965
340,D7C,AV7-4-CAASERGASSSFSKLVF-AJ50/AV10-CAASIASSSFSKLVF-AJ50_BV1-CTCSATNNQAPLF-BJ1-5,1,19,5.0,0.3157894736842105,2.3028184622440397,1.163447751622843,2.019649371875491,1.0567426050941013,1.1393707106211968,0.9629067667813898
341,D7C,AV7-4-CAASSDTNAYKVIF-AJ30_BV2-CASSQRTGVNTLYF-BJ2-4,2,5,8.0,0.2,2.609516664091769,1.7431642580634772,2.3946527237211184,1.591921082481288,0.8663524060282917,0.8027316412398304
342,D7C,AV7-5-CAVKDTGYQNFYF-AJ49_BV19-CASSIGTGGGTQYF-BJ2-5,2,1,7.0,3.0,2.795863516624536,3.072768022701216,2.5805370419300235,2.835721221717642,-0.27690450607668016,-0.2551841797876184
343,D7C,AV7-5-CAVRNAGAKLTF-AJ39_BV1-CTCSATGGGNQAPLF-BJ1-5,1,18,5.0,0.2777777777777778,3.4556247096885606,1.638076884849689,3.2752891121842445,1.5123656514506179,1.8175478248388717,1.7629234607336266
344,D7C,AV7-5-CAVRPGTGSNRLTF-AJ28/AV9D-1-CAVSATGGYKVVF-AJ12_BV14-CASRYRGEQYF-BJ2-7,3,21,7.0,0.047619047619047616,2.6646806844911723,1.4081102128984255,2.336690492075562,1.243422191919729,1.2565704715927468,1.093268300155833
345,D7C,AV7-5-CAVSMDNYAQGLTF-AJ26_BV1-CTCSAVRVSGNTLYF-BJ1-3,1,7,5.0,0.14285714285714285,3.3574197351779733,1.3891332288005265,3.049781536941762,1.261140644541566,1.9682865063774468,1.788640892400196
346,D7C,AV7-6-CAVSSGGSNAKLTF-AJ42_BV31-CAWSLGRGSQAPLF-BJ1-5,1,2,11.0,0.0,2.5738701607083487,1.9167310430120965,2.1585202381700634,1.725791878407306,0.6571391176962522,0.43272835976275736
347,D7C,AV7D-3-CAVDYANKMIF-AJ47_BV2-CASSQDRVDAEQFF-BJ2-1,1,1,5.0,0.0,1.8262452584026092,0.0,1.7284540943106885,0.0,1.8262452584026092,1.7284540943106885
348,D7C,AV7D-3-CAVSMSYAQGLTF-AJ26_BV1-CTCSARTGGGYAEQFF-BJ2-1,1,5,6.0,0.2,3.5213842965018176,1.7136071053277326,3.3662044367570894,1.605423271372013,1.807777191174085,1.7607811653850765
349,D7C,AV7D-4-CAASGGGYKLTF-AJ9_BV13-1-CASSDAGNTEVFF-BJ1-1,1,2,6.0,0.0,2.6911143594569005,2.236344903682164,2.260151897300673,2.0002817917892455,0.4547694557747364,0.2598701055114274
350,D7C,AV7D-5-CAVKGQGTGSKLSF-AJ58_BV1-CTCSATGGGNQAPLF-BJ1-5,1,19,13.0,0.0,1.5289659680720935,1.117254599797783,1.2464378953030988,1.0127870757239024,0.41171136827431054,0.23365081957919642
351,D7C,AV7D-5-CAVPGTGGYKVVF-AJ12_BV29-CASSLRLYEQYF-BJ2-7,1,3,4.0,0.0,3.3004523300661806,0.3060986113514965,2.9606078671450238,0.28266563551831664,2.994353718714684,2.677942231626707
352,D7C,AV7D-6-CAGNYSNNRLTL-AJ7_BV16-CASSLNWGANYAEQFF-BJ2-1,1,10,5.0,0.0,2.2328756207365448,0.9380309323462728,1.93213654676763,0.8377440541541936,1.294844688390272,1.0943924926134363
353,D7C,AV7N-4-CAVSEDRGSALGRLHF-AJ18_BV1-CTCSAGGDYAEQFF-BJ2-1,2,17,9.5,0.23529411764705882,2.034603842928706,1.3654830179664066,1.791865812803677,1.2541455221624644,0.6691208249622995,0.5377202906412126
354,D7C,AV8-1-CATDYDTNAYKVIF-AJ30_BV13-2-CASGDPIRNERLFF-BJ1-4,1,10,5.0,0.4,2.369506167317687,1.1439956556807451,2.0471239121140257,1.002899401310752,1.225510511636942,1.0442245108032737
355,D7C,AV8-1-CATGASSGSWQLIF-AJ22_BV4-CASSRTENTLYF-BJ2-4,5,16,6.2,0.625,2.115973897537062,1.725633073731884,1.9153622191116662,1.5442139315898866,0.390340823805178,0.37114828752177953
356,D7C,AV8D-2-CATDDQGGRALIF-AJ15_BV19-CASSIGTSQNTLYF-BJ2-4,1,9,6.0,0.0,2.441068585955437,1.1712982767891933,2.1699250014423126,0.9990715144423016,1.2697703091662438,1.1708534870000111
357,D7C,AV8D-2-CATDGNTNTGKLTF-AJ27_BV13-1-CASSEGLYAEQFF-BJ2-1,1,3,6.0,0.0,2.8695598741037114,1.6061035351704185,2.66629357889448,1.3667059624816327,1.263456338933293,1.2995876164128473
358,D7C,AV8D-2-CATDGQGGRALIF-AJ15_BV31-CAWSSGQGAERLFF-BJ1-4,1,3,4.0,0.0,2.133919825058653,1.274590041856484,2.0362201879127535,1.1801894604542342,0.8593297832021691,0.8560307274585193
359,D7C,AV8D-2-CATDGTNKVVF-AJ34_BV3-CASSLAREYEQYF-BJ2-7,10,122,7.4,0.27049180327868855,2.4146761571136532,1.2574503272494326,2.1713368079804676,1.122782392732498,1.1572258298642206,1.0485544152479696
360,D7C,AV8D-2-CATDTNAYKVIF-AJ30_BV19-CASSLTENTLYF-BJ2-4,1,1,4.0,0.0,2.975172906630436,1.965596230357602,2.629397439326175,1.9311381418551956,1.0095766762728342,0.6982592974709794
361,D7C,AV8D-2-CATESSGGNYKPTF-AJ6_BV13-1-CASRNRDEQYF-BJ2-7,1,10,4.0,0.4,1.8310797591361774,1.407430165744956,1.37851162325373,1.0761102840093542,0.42364959339122144,0.30240133924437584
362,D7C,AV8D-2-CATTGQGGRALIF-AJ15_BV19-CASSPGTGETEVFF-BJ1-1,1,8,9.0,0.5,3.067051772256747,0.9013691351839273,2.8934878910060298,0.8057806372532914,2.1656826370728197,2.0877072537527384
363,D7C,AV8N-2-CATENYGSSGNKLIF-AJ32_BV3-CASSLGREYTQYF-BJ2-5,1,18,4.0,0.16666666666666666,2.0930692077718893,0.9686686705353933,1.9708536543404835,0.8440885285372937,1.124400537236496,1.1267651258031899
364,D7C,AV8N-2-CATVIRGGRALIF-AJ15_BV19-CASSIGTGENTLYF-BJ2-4,1,5,10.0,0.0,0.0,1.060051029340025,0.0,1.020707520821682,-1.060051029340025,-1.020707520821682
365,D7C,AV9-2-CVLSAMDYANKMIF-AJ47_BV3-CASSLGANSDYTF-BJ1-2,1,1,5.0,0.0,2.945116262652606,2.6015460789095273,2.802214673006206,2.0813396274519387,0.3435701837430787,0.7208750455542674
366,D7C,AV9-2-CVLSMNYNQGKLIF-AJ23_BV13-1-CASSGTIQNTLYF-BJ2-4,1,3,5.0,0.0,2.4089214438965936,0.3333333333333333,2.0893951661717023,0.3333333333333333,2.07558811056326,1.756061832838369
