,sample,clonotype,n_hi,n_rest,syfpeithi_hi,syfpeithi_rest,shannon_hi,shannon_rest,coincidence_hi,coincidence_rest,shannon_diff,coincidence_diff
0,BL6-BALBc_HTxB,AV1-CAVRDSYAQGLTF-AJ26_BV13-1-CASSDDRVGNTLYF-BJ1-3,7,44,4.428571428571429,0.5227272727272727,1.9842840858273885,1.8409005968563006,1.2226501115175823,1.1610767622754106,0.14338348897108788,0.06157334924217173
1,BL6-BALBc_HTxB,AV10-CAAIMDYANKMIF-AJ47_BV3-CASSAGPQDTQYF-BJ2-5,2,6,3.5,0.5,1.8468893751696254,2.244257380943935,1.2465222783412968,1.6191738389378436,-0.3973680057743094,-0.3726515605965468
2,BL6-BALBc_HTxB,AV10-CAASMNQGGSAKLIF-AJ57_BV3-CASSLGRGLEQYF-BJ2-7,3,17,4.0,0.17647058823529413,1.9553705586310315,2.415009372166775,1.1921987657599544,1.8351169870773563,-0.45963881353574365,-0.6429182213174018
3,BL6-BALBc_HTxB,AV10-CAASPNTGYQNFYF-AJ49_BV13-1-CASSDVDAEQFF-BJ2-1,1,1,4.0,0.0,3.1499707336650142,2.8852921232036377,2.7337678942071566,2.7264651816843846,0.26467861046137653,0.007302712522772037
4,BL6-BALBc_HTxB,AV10D-CAASRAGGYKVVF-AJ12_BV13-2-CASGDAPDNTQYF-BJ2-5,1,3,4.0,1.0,3.2454090872065415,3.1298811491856964,3.043036653664348,2.8626686670351553,0.11552793802084516,0.1803679866291925
5,BL6-BALBc_HTxB,AV12-2-CALKNNNNAPRF-AJ43*p03_BV1-CTCSADWGENTLYF-BJ2-4,1,1,6.0,0.0,3.276040788504276,3.1566796350420163,3.1633969584448147,2.9927847313487272,0.11936115346225984,0.17061222709608748
6,BL6-BALBc_HTxB,AV12-2-CALSDQPYANKMIF-AJ47_BV5-CASSQAGQNTEVFF-BJ1-1,1,5,7.0,0.0,3.2558946371448534,2.7579822601927058,2.9215461239050384,2.4064633050243613,0.49791237695214763,0.5150828188806771
7,BL6-BALBc_HTxB,AV12-2-CALSDRYGNEKITF-AJ48_BV29-CASSPLKGANSDYTF-BJ1-2,1,5,4.0,0.8,2.0582282054341885,2.5899159177749262,1.2809962782361304,2.0707749063755556,-0.5316877123407378,-0.7897786281394252
8,BL6-BALBc_HTxB,AV12-2-CALSDTGANTGKLTF-AJ52_BV1-CTCSADPSYEQYF-BJ2-7,1,6,9.0,0.16666666666666666,2.3457416124398596,2.3507155735984187,1.6648636836046173,1.926247478991762,-0.0049739611585590815,-0.26138379538714474
9,BL6-BALBc_HTxB,AV12D-1-CALSDQNKLTF-AJ56_BV14-CASRSDWVNQDTQYF-BJ2-5,1,23,4.0,0.17391304347826086,2.8610780271799316,2.276099192903812,2.168453614225644,1.841321424317605,0.5849788342761197,0.32713218990803905
10,BL6-BALBc_HTxB,AV12D-1-CALSETGGNNKLTF-AJ56_BV1-CTCSADPGWEQYF-BJ2-7,1,3,4.0,0.0,2.948143266626405,2.6485511240990065,2.6260923766810107,2.3122363858562873,0.2995921425273984,0.3138559908247234
11,BL6-BALBc_HTxB,AV12D-2-CALSEGQGGRALIF-AJ15_BV13-3-CASSETGGWSDYTF-BJ1-2,1,2,4.0,0.0,3.1398142707805485,2.9601808807747183,2.9353595840013122,2.71491271463659,0.17963339000583023,0.22044686936472235
12,BL6-BALBc_HTxB,AV13-1-CAANTGANTGKLTF-AJ52_BV17-CASSPGQGHTGQLYF-BJ2-2,1,11,4.0,0.2727272727272727,3.041938987739677,3.0460530600513396,2.887723184870561,2.7733287354118703,-0.004114072311662387,0.1143944494586906
13,BL6-BALBc_HTxB,AV13-1-CAMELSSGSWQLIF-AJ22_BV4-CASSYGEQYF-BJ2-7,9,39,4.333333333333333,0.4358974358974359,1.3865030291310776,1.4134626318621726,0.6894839153242501,0.7745149781052241,-0.02695960273109499,-0.08503106278097394
14,BL6-BALBc_HTxB,AV13-1-CAMETTGNTRKLIF-AJ37*p02_BV1-CTCSAARYAEQFF-BJ2-1,1,4,3.0,0.0,2.5724694587701356,1.8889387497385752,1.9365209431755996,1.3891879688457083,0.6835307090315603,0.5473329743298914
15,BL6-BALBc_HTxB,AV13-1-CAMNQGGSAKLIF-AJ57_BV1-CTCSALNYAEQFF-BJ2-1,1,4,4.0,0.25,2.9751258491409156,2.4974966851507783,2.5265458144958344,1.999732414773542,0.47762916399013733,0.5268133997222924
16,BL6-BALBc_HTxB,AV13-2-CAIGYAQGLTF-AJ26_BV13-3-CASSDGWGGYEQYF-BJ2-7,3,12,3.6666666666666665,0.3333333333333333,1.9626358035848817,2.278356235807173,1.2131307686452761,1.6468635042200146,-0.3157204322222913,-0.43373273557473846
17,BL6-BALBc_HTxB,AV13-4/DV7-CAMDLNTGYQNFYF-AJ49_BV20-CGARLGSQNTLYF-BJ2-4,1,3,4.0,0.3333333333333333,2.7966138511441443,3.0043563819773964,2.676110388779352,2.8050311451131105,-0.20774253083325211,-0.12892075633375866
18,BL6-BALBc_HTxB,AV13-4/DV7-CAMERNNYAQGLTF-AJ26_BV13-3-CASSDIGNTLYF-BJ2-4,1,2,5.0,0.0,2.502754029857358,1.119523136133468,1.6904349229096367,0.5923639196106538,1.3832308937238897,1.0980710032989829
19,BL6-BALBc_HTxB,AV13D-1-CAMELSSGSWQLIF-AJ22/AV16D/DV11-CAMRDITGNTRKLIF-AJ37*p02_BV4-CASSYGAQYF-BJ2-7,2,9,3.5,0.3333333333333333,1.6026635009990495,1.3987392378077983,0.83736902783202,0.7305195915387702,0.20392426319125123,0.10684943629324983
20,BL6-BALBc_HTxB,AV13D-1-CAMERGYGNEKITF-AJ48_BV1-CTCSAGTKIYEQYF-BJ2-7,1,2,3.0,0.5,3.0640835117703764,2.817501843369455,2.7052567344388683,2.584220755133491,0.24658166840092122,0.12103597930537724
21,BL6-BALBc_HTxB,AV13D-1-CAMERSSGSWQLIF-AJ22_BV4-CASSYAEQFF-BJ2-1,1,2,4.0,0.5,1.851719305352451,3.042801190493022,1.130194770976075,2.6901429280676403,-1.1910818851405711,-1.5599481570915654
22,BL6-BALBc_HTxB,AV14-1-CAARGDNNRIFF-AJ31_BV1-CTCSANRVDNQAPLF-BJ1-5,1,5,3.0,0.6,1.7368538556240394,2.675115761669063,1.036220187912753,2.2284672466133406,-0.9382619060450235,-1.1922470587005876
23,BL6-BALBc_HTxB,AV14-3-CAANSGGSNAKLTF-AJ42_BV29-CAIRDIQDTQYF-BJ2-5,1,2,5.0,0.0,2.0972592803820618,1.667956515767319,1.2626084265409547,0.9549086397187379,0.4293027646147427,0.3076997868222169
24,BL6-BALBc_HTxB,AV14D-1-CAASASSGSWQLIF-AJ22_BV13-1-CASSDNNSPLYF-BJ1-6,1,1,5.0,0.0,3.317703128897559,3.171910087940674,3.2000449898186476,2.9915877601838,0.14579304095688528,0.2084572296348477
25,BL6-BALBc_HTxB,AV16/DV11-CAMRDNTGNYKYVF-AJ40_BV13-2-CASGAIYEQYF-BJ2-7,1,1,3.0,0.0,1.5897193331899524,1.758744851391475,1.060827734661544,1.1512368884916153,-0.16902551820152256,-0.09040915383007131
26,BL6-BALBc_HTxB,AV16/DV11-CAMREANTGNYKYVF-AJ40_BV13-2-CASGDNYEQYF-BJ2-7,2,6,3.0,0.5,1.3771040030663768,1.0642837503960345,0.7671581175781593,0.49940143239372875,0.3128202526703423,0.2677566851844306
27,BL6-BALBc_HTxB,AV16/DV11-CAMREDNNNAPRF-AJ43*p03_BV13-3-CASSDWGGAETLYF-BJ2-3,2,6,5.5,0.5,3.172285226040324,3.0124667688298086,2.969144338912675,2.7236528399222997,0.15981845721051524,0.24549149899037515
28,BL6-BALBc_HTxB,AV16/DV11-CAMREDQGGSAKLIF-AJ57_BV13-2-CASGGHYEQYF-BJ2-7,1,3,3.0,0.6666666666666666,2.5126750546581533,2.494503515539692,2.009031366353953,1.8903884342496917,0.018171539118461144,0.11864293210426147
29,BL6-BALBc_HTxB,AV16/DV11-CAMREDQGGSAKLIF-AJ57_BV30-CSSRGGGGYEQYF-BJ2-7,1,2,3.0,0.0,2.979167629504416,2.765013093190741,2.5891963285469015,2.4886801359317205,0.21415453631367498,0.10051619261518097
30,BL6-BALBc_HTxB,AV16/DV11-CAMREDSGGSNYKLTF-AJ53_BV13-2-CASGGAGNSPLYF-BJ1-6,1,4,5.0,0.0,2.1135477874892437,2.1723562182757985,1.216417741080869,1.898413612153595,-0.058808430786554844,-0.6819958710727261
31,BL6-BALBc_HTxB,AV16/DV11-CAMREDSGYNKLTF-AJ11*p02_BV13-1-CASSDAQGSNTEVFF-BJ1-1,1,1,3.0,0.0,2.8757587259368234,2.4822494724846895,2.367396642740243,1.7966099004650018,0.39350925345213383,0.5707867422752413
32,BL6-BALBc_HTxB,AV16/DV11-CAMREDSSNTDKVVF-AJ34*p03_BV5-CASSQDLGGQNTLYF-BJ2-4,3,28,4.333333333333333,0.6071428571428571,1.1352107400519122,1.1932565308192764,0.4960887898101158,0.5798107934328882,-0.05804579076736416,-0.08372200362277243
33,BL6-BALBc_HTxB,AV16/DV11-CAMREDTGGADRLTF-AJ45_BV1-CTCSADRVNQAPLF-BJ1-5,1,4,3.0,0.25,1.269777159617318,0.8614256685014784,0.5843658029339776,0.4067897769272736,0.40835149111583957,0.17757602600670397
34,BL6-BALBc_HTxB,AV16/DV11-CAMREGDSNYQLIW-AJ33_BV13-1-CASRNINQAPLF-BJ1-5,1,1,5.0,0.0,2.8268117168418967,1.5109079849047475,2.1773914509059167,0.7707964521793841,1.3159037319371492,1.4065949987265327
35,BL6-BALBc_HTxB,AV16/DV11-CAMREGDTNAYKVIF-AJ30_BV13-2-CASGEINSPLYF-BJ1-6,1,5,3.0,0.0,2.696396843656278,1.488536137901715,2.2430567035885742,0.9977773794445222,1.2078607057545632,1.245279324144052
36,BL6-BALBc_HTxB,AV16/DV11-CAMREGGGASSSFSKLVF-AJ50_BV16-CASSLGAGPYEQYF-BJ2-7,1,4,5.0,0.0,3.0554869884104554,2.9947956850895334,2.739941157785741,2.7871925115964302,0.060691303320921985,-0.047251353810689345
37,BL6-BALBc_HTxB,AV16/DV11-CAMREGLGGNNKLTF-AJ56_BV1-CTCSGGGAATGQLYF-BJ2-2,1,2,4.0,0.0,2.973749466823542,2.850759442072458,2.578735926356268,2.664589592949567,0.122990024751084,-0.08585366659329896
38,BL6-BALBc_HTxB,AV16/DV11-CAMREGNTGNYKYVF-AJ40/AV13D-1-CAMANTGNYKYVF-AJ40_BV13-2-CASGGIYEQYF-BJ2-7,3,21,5.0,0.9523809523809523,2.234877108321123,1.7797239744307614,1.4726560941688203,1.0670448578249927,0.4551531338903618,0.40561123634382756
39,BL6-BALBc_HTxB,AV16/DV11-CAMREGNTGYQNFYF-AJ49/AV15-2/DV6-2-CALSELPGSNAKLTF-AJ42_BV13-2-CASGRGAGNTLYF-BJ1-3,1,18,3.0,0.2222222222222222,3.02789007669554,2.554459798260581,2.7250882657249353,2.169404577210732,0.4734302784349591,0.5556836885142031
40,BL6-BALBc_HTxB,AV16/DV11-CAMRENTGANTGKLTF-AJ52/AV13-4/DV7-CANQGGSAKLIF-AJ57_BV13-3-CASSSGGVKAEQFF-BJ2-1,2,13,3.0,0.46153846153846156,1.5421276576432692,1.8215757218456845,0.996318459785308,1.2691182953404547,-0.2794480642024153,-0.27279983555514675
41,BL6-BALBc_HTxB,AV16D/DV11-CAMRAHYSNNRLTL-AJ7_BV13-2-CASGEQYEQYF-BJ2-7,5,49,3.8,0.3469387755102041,1.501796232347272,1.5186984722198265,0.8499094141735266,0.9019286077420897,-0.01690223987255446,-0.052019193568563105
42,BL6-BALBc_HTxB,AV16D/DV11-CAMRDANAYKVIF-AJ30_BV13-2-CASGDRNTEVFF-BJ1-1,1,4,4.0,0.5,1.2422407025161328,1.133372450906631,0.566308896086065,0.5357490434500352,0.10886825160950186,0.030559852636029894
43,BL6-BALBc_HTxB,AV16D/DV11-CAMRDTNAYKVIF-AJ30_BV13-2-CASGDVGGGQNTLYF-BJ2-4,1,8,3.0,0.0,2.3410481815012076,2.4549291381917477,2.05332591146418,2.009862554571362,-0.1138809566905401,0.043463356892817995
44,BL6-BALBc_HTxB,AV16D/DV11-CAMREANSAGNKLTF-AJ17*p02/AV13-1-CAPYYNVLYF-AJ21*p03_BV13-1-CASSDVGGEQYF-BJ2-7,1,5,6.0,0.2,1.378271725276061,1.5158748329842244,0.6439874850476677,0.8023226967860909,-0.13760310770816342,-0.15833521173842324
45,BL6-BALBc_HTxB,AV16D/DV11-CAMREDGNEKITF-AJ48_BV20-CGAGGFSYEQYF-BJ2-7,2,9,4.0,0.5555555555555556,1.2027774333314603,1.5904525378894414,0.565361887981142,0.8751390275768021,-0.38767510455798115,-0.3097771395956601
46,BL6-BALBc_HTxB,AV16D/DV11-CAMREDMGYKLTF-AJ9_BV13-2-CASGRQGNSDYTF-BJ1-2,1,2,6.0,0.0,2.137182953122168,1.769852199528844,1.2909673789502718,1.0562591724072932,0.3673307535933239,0.23470820654297864
47,BL6-BALBc_HTxB,AV16D/DV11-CAMREDSGYNKLTF-AJ11*p02/AV13D-3-CAMRTNSAGNKLTF-AJ17*p02_BV13-2-CASGTTYEQYF-BJ2-7,5,23,3.4,0.391304347826087,2.0842200378510483,1.258207413521799,1.4293996316691409,0.6561202553962303,0.8260126243292492,0.7732793762729105
48,BL6-BALBc_HTxB,AV16D/DV11-CAMREDTNAYKVIF-AJ30_BV13-2-CASGETGANSDYTF-BJ1-2,1,9,6.0,0.4444444444444444,2.6390461890369554,2.3196454875997445,2.1783669742448035,1.864216131785083,0.3194007014372109,0.3141508424597206
49,BL6-BALBc_HTxB,AV16D/DV11-CAMREEGGRALIF-AJ15_BV1-CTCSADRVDNQAPLF-BJ1-5,1,1,3.0,2.0,3.332782115947168,2.8221167379861107,3.1078032895345147,2.5185751033872545,0.510665377961057,0.5892281861472601
50,BL6-BALBc_HTxB,AV16D/DV11-CAMREGDNNAGAKLTF-AJ39_BV3-CASSLEFYEQYF-BJ2-7,1,3,4.0,0.0,3.3320936377842996,2.837561282405384,3.1479802677884403,2.6487757859780627,0.4945323553789156,0.4992044818103776
51,BL6-BALBc_HTxB,AV16D/DV11-CAMREGDNNNRIFF-AJ31_BV13-1-CASSDAHYEQYF-BJ2-7,1,1,3.0,0.0,3.0582780899575064,2.46584652285345,2.7399914616569436,1.716498143505504,0.5924315671040565,1.0234933181514396
52,BL6-BALBc_HTxB,AV16D/DV11-CAMREGDNTDKVVF-AJ34*p03_BV13-2-CASGDLAGNSDYTF-BJ1-2,1,3,3.0,0.6666666666666666,2.7528527233882607,1.9528536728607566,2.065526200194134,1.361495029982308,0.7999990505275041,0.7040311702118258
53,BL6-BALBc_HTxB,AV16D/DV11-CAMREGGDYGGSGNKLIF-AJ32_BV13-1-CASSEHRTGEGGTLYF-BJ2-3,1,1,3.0,1.0,3.3928083647032863,3.120750542731343,3.243925582886089,2.9810347216562536,0.27205782197194317,0.2628908612298355
54,BL6-BALBc_HTxB,AV16D/DV11-CAMREGGYQNFYF-AJ49_BV13-2-CASGDNYEQYF-BJ2-7,1,1,6.0,0.0,1.646204630625131,1.6453330045457608,0.8707801108172357,1.1575412769864797,0.0008716260793701913,-0.28676116616924396
55,BL6-BALBc_HTxB,AV16D/DV11-CAMREGLDSNYQLIW-AJ33_BV1-CTCSAEGVSYEQYF-BJ2-7,1,4,4.0,0.75,2.850759538510171,2.3608548742446374,2.198026689321978,1.737810136324663,0.4899046642655338,0.46021655299731523
56,BL6-BALBc_HTxB,AV16D/DV11-CAMREGMGYKLTF-AJ9_BV13-2-CASGETNTEVFF-BJ1-1,1,4,4.0,0.75,3.072945653450373,2.2858282531526974,2.7582818254032984,1.7934038662992604,0.7871174002976757,0.964877959104038
57,BL6-BALBc_HTxB,AV16D/DV11-CAMREGNSAGNKLTF-AJ17*p02_BV13-1-CASSDVNSPLYF-BJ1-6,1,1,3.0,0.0,1.6945472642266528,1.3615680014349858,0.9506047312670973,0.7897067806740795,0.332979262791667,0.1608979505930178
58,BL6-BALBc_HTxB,AV16D/DV11-CAMREGNTGNYKYVF-AJ40_BV13-2-CASGDLYEQYF-BJ2-7,2,15,8.0,0.5333333333333333,2.30552660891144,2.1464261041659856,1.6011835879573681,1.5371113896038155,0.15910050474545434,0.0640721983535526
59,BL6-BALBc_HTxB,AV16D/DV11-CAMREGNTNTGKLTF-AJ27_BV1-CTCSADGVYAEQFF-BJ2-1,2,12,4.5,0.16666666666666666,2.642113471437324,2.250051577351298,2.0974055235975664,1.6563950816496955,0.3920618940860261,0.44101044194787087
60,BL6-BALBc_HTxB,AV16D/DV11-CAMRESSNTDKVVF-AJ34*p03_BV13-1-CASSDAPGREQYF-BJ2-7,1,9,7.0,0.0,2.7485356706486743,2.4460312300014952,2.4639470997597903,2.143245187291218,0.3025044406471791,0.3207019124685724
61,BL6-BALBc_HTxB,AV16D/DV11-CAMREVTGNTRKLIF-AJ37*p02_BV1-CTCSVGTVSNERLFF-BJ1-4,1,2,4.0,1.0,3.1817625122985014,3.1276062883264695,2.9178408951690593,2.809467365997784,0.0541562239720319,0.10837352917127552
62,BL6-BALBc_HTxB,AV16D/DV11-CAMRGDNNNRIFF-AJ31_BV13-1-CASSESSYEQYF-BJ2-7,1,2,3.0,0.5,1.928193999465601,1.6779261896775757,1.105539663756326,0.9360804356284586,0.2502678097880253,0.1694592281278674
63,BL6-BALBc_HTxB,AV16D/DV11-CAMRGDTNAYKVIF-AJ30_BV19-CASSIDGHQDTQYF-BJ2-5,1,1,3.0,0.0,2.838447474189879,3.316834774834139,2.6114347120823473,3.131897779855358,-0.47838730064426027,-0.5204630677730107
64,BL6-BALBc_HTxB,AV19-CAAANTGYQNFYF-AJ49_BV17-CASSRDPWGGSAETLYF-BJ2-3,2,37,3.0,0.24324324324324326,2.8310626485652755,2.772148188800856,2.402458968305886,2.4003234468410484,0.05891445976441956,0.002135521464837531
65,BL6-BALBc_HTxB,AV19-CAADQGGSAKLIF-AJ57_BV20-CGARYTSANTEVFF-BJ1-1,1,8,5.0,0.375,1.8458349625223218,2.641982128645184,1.0908138865287893,2.2275105426796564,-0.7961471661228621,-1.1366966561508671
66,BL6-BALBc_HTxB,AV2-CIVTDSYSNNRLTL-AJ7_BV1-CTCSAGRGDAEQFF-BJ2-1,7,29,4.285714285714286,0.4827586206896552,1.8284556984685334,1.5439863050878653,1.0406449792078205,0.8770756044297258,0.2844693933806681,0.16356937477809474
67,BL6-BALBc_HTxB,AV3-1-CAISSNTDKVVF-AJ34*p03_BV4-CASTDWGDYEQYF-BJ2-7,2,2,5.5,0.0,3.2151365863118473,1.517475081924316,2.9897881910900255,1.4151474524107457,1.6976615043875314,1.5746407386792798
68,BL6-BALBc_HTxB,AV3-3-CAVDTNAYKVIF-AJ30_BV13-2-CASGDGGREQYF-BJ2-7,1,14,4.0,0.21428571428571427,3.1301150970754072,2.837173298716471,2.7755060560182643,2.4597102380908185,0.2929417983589362,0.3157958179274458
69,BL6-BALBc_HTxB,AV3-3-CAVSAYGGSGNKLIF-AJ32_BV4-CASSYDWSSQNTLYF-BJ2-4,1,1,3.0,0.0,2.8186918720345675,3.043018187642904,2.20024953829911,2.8264603252877833,-0.22432631560833638,-0.6262107869886733
70,BL6-BALBc_HTxB,AV3-3-CAVSEDSGYNKLTF-AJ11*p02_BV2-CASSHTDRYAEQFF-BJ2-1,1,2,3.0,0.0,2.8940760836411163,1.3794586851703197,2.5060822998890293,0.7776889533697955,1.5146173984707967,1.7283933465192338
71,BL6-BALBc_HTxB,AV3-3-CAVSEGSSSFSKLVF-AJ50_BV13-2-CASGETGEDTQYF-BJ2-5,1,4,7.0,0.25,2.0401837295546894,2.367997870325073,1.5281603261942165,2.0459585871850683,-0.3278141407703834,-0.5177982609908518
72,BL6-BALBc_HTxB,AV3-3-CAVSGGGLSGKLTF-AJ2_BV13-1-CASSEGGDQDTQYF-BJ2-5,1,2,3.0,0.0,2.6269467839700593,0.9836817690847539,1.9522614634630764,0.5538440887364173,1.6432650148853054,1.398417374726659
73,BL6-BALBc_HTxB,AV3-3-CAVSGTGNYKYVF-AJ40_BV13-1-CASSDSEQYF-BJ2-7,1,1,18.0,1.0,3.4552472835845314,3.0399996608912736,3.2754519782159743,2.749038426466781,0.41524762269325777,0.5264135517491932
74,BL6-BALBc_HTxB,AV3-3-CAVSVHNNNAPRF-AJ43*p03_BV1-CTCSGDRLSNERLFF-BJ1-4,1,1,3.0,0.0,2.794594497499815,2.663465189601647,2.3109290959381057,2.417347659966045,0.13112930789816835,-0.10641856402793914
75,BL6-BALBc_HTxB,AV3-4-CADSGGSNYKLTF-AJ53_BV19-CASSRTYSGNTLYF-BJ1-3,1,1,5.0,1.0,3.302485125520364,3.1563468244801167,3.1619332169624355,2.9246756114732873,0.1461383010402475,0.2372576054891482
76,BL6-BALBc_HTxB,AV3-4-CAVSAEDYANKMIF-AJ47_BV13-1-CASSDVGGLNTGQLYF-BJ2-2,2,10,11.0,0.4,2.19542132807289,1.8452507056778196,1.3342848341788125,1.1640004589797512,0.35017062239507024,0.17028437519906126
77,BL6-BALBc_HTxB,AV3-4-CAVSDQGGSAKLIF-AJ57_BV2-CASSQERVYEQYF-BJ2-7,1,2,4.0,0.0,3.0948897832694584,3.015916161912187,2.939633738051282,2.6160669939056573,0.07897362135727137,0.3235667441456247
78,BL6-BALBc_HTxB,AV3-4-CAVSDTGANTGKLTF-AJ52_BV13-1-CASSDAGGRNTGQLYF-BJ2-2,1,1,3.0,0.0,3.014122394872307,1.5718607537398008,2.6033952188181417,0.8904537057978449,1.442261641132506,1.7129415130202967
79,BL6-BALBc_HTxB,AV3-4-CAVTQSSGSWQLIF-AJ22_BV4-CASSYGSDYTF-BJ1-2,2,4,3.5,0.25,0.94872511726513,0.8390173279649642,0.3915024942920229,0.34963159538438615,0.10970778930016578,0.04187089890763673
80,BL6-BALBc_HTxB,AV4-3-CAADNNAGAKLTF-AJ39_BV13-1-CASSDARYAEQFF-BJ2-1,2,6,3.0,0.5,2.5321526043028584,2.499682023380116,1.909842231511381,1.9850075838683825,0.032470580922742354,-0.0751653523570015
81,BL6-BALBc_HTxB,AV4-3-CAADYQGGSAKLIF-AJ57/AV9-2-CAASDSGGSNYKLTF-AJ53_BV2-CASSQERLLGGAETLYF-BJ2-3,2,12,3.0,0.5833333333333334,2.156224731561453,2.598254398635064,1.3731663553521023,2.0974655346453055,-0.4420296670736108,-0.7242991792932032
82,BL6-BALBc_HTxB,AV4-3-CAAEADTGNYKYVF-AJ40_BV31-CAWSLWTGVEQYF-BJ2-7,1,30,3.0,0.5333333333333333,3.0938865447706787,2.216407084716612,2.702157224467588,1.5751024176902313,0.8774794600540665,1.127054806777357
83,BL6-BALBc_HTxB,AV4-3-CAAEASSSFSKLVF-AJ50_BV4-CASSRTGSGNTLYF-BJ1-3,1,1,3.0,2.0,2.9203429735108175,3.1692908128489723,2.340664657468948,2.6799291714181916,-0.24894783933815479,-0.3392645139492436
84,BL6-BALBc_HTxB,AV4-3-CAAESTGNYKYVF-AJ40_BV13-2-CASAPGQYAEQFF-BJ2-1,1,1,8.0,2.0,3.265957320949175,3.128609134923307,3.0588936890535683,2.84310170732059,0.13734818602586785,0.2157919817329783
85,BL6-BALBc_HTxB,AV4-3-CAGTGNTRKLIF-AJ37*p02_BV13-1-CASSAGTGYAEQFF-BJ2-1,2,2,4.0,0.0,2.559768545014504,2.3676380367574943,2.0289761832377913,1.864009130977159,0.1921305082570095,0.16496705226063235
86,BL6-BALBc_HTxB,AV4D-3-CAAEASNYQLIW-AJ33_BV5-CASRTGVGAEQFF-BJ2-1,1,2,4.0,0.5,3.151552200892172,2.82241701940037,2.8877231848705613,2.5689956730512646,0.329135181491802,0.3187275118192967
87,BL6-BALBc_HTxB,AV5-1-CSASSASSGSWQLIF-AJ22_BV3-CASSPGTENTEVFF-BJ1-1,1,1,3.0,1.0,3.404245573119297,3.2341967604611863,3.247680158956758,3.0340415733605393,0.17004881265811056,0.21363858559621862
88,BL6-BALBc_HTxB,AV5-1-CSASTGGADRLTF-AJ45_BV20-CGAREWGQDTQYF-BJ2-5,1,1,5.0,2.0,2.9622879742602253,3.187738850626714,2.5326062061834076,2.9590995606397468,-0.22545087636648864,-0.4264933544563392
89,BL6-BALBc_HTxB,AV5-1-CSASVDYAQGLTF-AJ26_BV31-CAWSPGTQNTLYF-BJ2-4,3,30,3.6666666666666665,0.36666666666666664,3.14180901428675,2.6723593659105322,2.8679442919151064,2.222797321289859,0.4694496483762176,0.6451469706252473
90,BL6-BALBc_HTxB,AV5D-4-CAASEDSNYQLIW-AJ33_BV13-1-CASSDLGGQDTQYF-BJ2-5,1,4,3.0,0.0,3.37003892350382,3.0550996920309372,3.2147792372265727,2.903595332740224,0.31493923147288294,0.3111839044863487
91,BL6-BALBc_HTxB,AV6-1-CVLGDYSNNRLTL-AJ7_BV13-1-CASAGGEEQYF-BJ2-7,1,3,6.0,0.0,1.1326505953771977,0.8198215620719629,0.5044313349801046,0.34405120328168864,0.3128290333052348,0.16038013169841597
92,BL6-BALBc_HTxB,AV6-1-CVLVPSSGSWQLIF-AJ22_BV13-3-CASSDQNSDYTF-BJ1-2,1,7,3.0,0.7142857142857143,2.1259481843331693,2.2267803203078715,1.3229080757068088,1.6527740281874468,-0.1008321359747022,-0.329865952480638
93,BL6-BALBc_HTxB,AV6-4-CALVGGTNAYKVIF-AJ30_BV5-CASSQTGHTNTEVFF-BJ1-1,1,3,5.0,0.6666666666666666,3.1072526885151404,3.0932875763175116,2.5124810186320268,2.7013803037263693,0.013965112197628748,-0.1888992850943425
94,BL6-BALBc_HTxB,AV6-5-CALSPRNMGYKLTF-AJ9/AV16D/DV11-CAMREGSGYNKLTF-AJ11*p02_BV13-2-CASGRDNANSDYTF-BJ1-2,1,3,4.0,0.3333333333333333,3.1651912480799,2.730929325784212,2.809969684967996,2.3074097062484005,0.4342619222956876,0.5025599787195953
95,BL6-BALBc_HTxB,AV6-6-CALAGNQGGSAKLIF-AJ57_BV19-CASRIFSGGGNERLFF-BJ1-4,4,5,4.0,0.4,3.2948309451828237,3.0685766249724273,3.0639257100124517,2.843095261357175,0.22625432021039638,0.2208304486552768
96,BL6-BALBc_HTxB,AV6-6-CALGDDTGANTGKLTF-AJ52_BV13-2-CASGDWGGDTQYF-BJ2-5,1,6,3.0,0.5,3.1014084476960666,3.0368052271327755,2.7628216378231096,2.7337701708447066,0.06460322056329115,0.029051466978402996
97,BL6-BALBc_HTxB,AV6-6-CALGDLGTGSKLSF-AJ58_BV13-2-CASGPGTSEVFF-BJ1-1,1,6,5.0,0.8333333333333334,2.768956600237982,2.7925666048055207,2.249279293633081,2.34157421793653,-0.02361000456753848,-0.09229492430344921
98,BL6-BALBc_HTxB,AV6-6-CALGDQANTDKVVF-AJ34*p03/AV13D-1-CGWGDNYAQGLTF-AJ26_BV14-CASSLGVNTEVFF-BJ1-1,1,17,3.0,0.11764705882352941,2.1229421915532085,2.1709275167226614,1.3521871138084194,1.61753608039764,-0.047985325169452864,-0.2653489665892206
99,BL6-BALBc_HTxB,AV6-6-CALGGGSALGRLHF-AJ18_BV14-CASRDRAEQFF-BJ2-1,1,2,3.0,0.5,2.887556143522182,2.7548184316002358,2.4854268271702415,2.4274315836809697,0.1327377119219464,0.057995243489271875
100,BL6-BALBc_HTxB,AV6-6-CALGSYTGGADRLTF-AJ45/AV16D/DV11-CAMREGYANKMIF-AJ47_BV13-1-CASSDRGANTGQLYF-BJ2-2,1,5,5.0,0.4,3.1016314292959164,2.565316845026305,2.6297726771506675,2.0144091875642145,0.5363145842696113,0.615363489586453
101,BL6-BALBc_HTxB,AV6-6-CALGTFSNTDKVVF-AJ34*p03_BV13-1-CASSDVRDSGNTLYF-BJ1-3,1,17,5.0,0.5294117647058824,2.3808698606369187,1.6342738316350547,1.6052456661450092,0.9405650506171096,0.7465960290018641,0.6646806155278996
102,BL6-BALBc_HTxB,AV6-7/DV9-CALGDQGGGADRLTF-AJ45_BV3-CASSFGTGGYYEQYF-BJ2-7,1,22,3.0,0.22727272727272727,1.5067066157621265,2.2487883142001035,0.8478575392941473,1.5948315925935148,-0.742081698437977,-0.7469740532993675
103,BL6-BALBc_HTxB,AV6-7/DV9-CALGPDTNAYKVIF-AJ30_BV19-CASSMGQYEQYF-BJ2-7,1,2,3.0,0.0,3.136386904321406,3.245170983703258,2.9143981322774595,3.0713384629683347,-0.10878407938185175,-0.1569403306908752
104,BL6-BALBc_HTxB,AV6D-6-CALSDRGTNTGKLTF-AJ27_BV29-CASTPGLQDTQYF-BJ2-5,1,6,7.0,0.0,3.162228246631958,3.0394097299969505,2.864316709955711,2.7389168570526015,0.12281851663500731,0.12539985290310973
105,BL6-BALBc_HTxB,AV6D-6-CALSDYGGSGNKLIF-AJ32_BV13-3-CASSETGGYEQYF-BJ2-7,1,1,3.0,0.0,2.2631055347666273,1.9554950486767968,1.8241782870368342,1.2007079837389356,0.30761048608983055,0.6234703032978985
106,BL6-BALBc_HTxB,AV6D-7-CALRYGGSGNKLIF-AJ32/AV9-3-CAVSTDYAQGLTF-AJ26_BV3-CASSLGTGDTQYF-BJ2-5,1,9,3.0,0.1111111111111111,2.419509010238312,1.5844255682061401,1.6207612908476627,1.0264120652144422,0.835083442032172,0.5943492256332206
107,BL6-BALBc_HTxB,AV6D-7-CALSDWSNYQLIW-AJ33_BV13-1-CASSDLRVNTEVFF-BJ1-1,1,4,3.0,0.25,1.9268961178626998,1.848968880315551,1.1624860576103893,1.1640341558342375,0.0779272375471487,-0.001548098223848271
108,BL6-BALBc_HTxB,AV6D-7-CALSSDTNAYKVIF-AJ30_BV19-CASSIPDWGTTGQLYF-BJ2-2,1,1,4.0,0.0,3.3915741431145263,3.0821408244474013,3.1662493432989143,2.887441505135056,0.309433318667125,0.27880783816385835
109,BL6-BALBc_HTxB,AV7-1-CAAPSNTDKVVF-AJ34*p03_BV1-CTCSAVRVSYEQYF-BJ2-7,1,1,6.0,0.0,1.8316423840814147,2.4467186044547415,1.1298978810245686,1.731351987702679,-0.6150762203733269,-0.6014541066781105
110,BL6-BALBc_HTxB,AV7-3-CAGDSGYNKLTF-AJ11*p02_BV13-2-CASGDADERLFF-BJ1-4,1,3,4.0,0.0,3.1533469950621376,1.5409191415947179,2.637265240744667,0.8266056449184106,1.6124278534674197,1.8106595958262566
111,BL6-BALBc_HTxB,AV7-3-CAPNTGGADRLTF-AJ45_BV13-1-CASSDVRVAETLYF-BJ2-3,1,1,3.0,0.0,3.1362257551313477,3.0371534103714497,2.8697514591954714,2.816288046827612,0.09907234475989801,0.05346341236785923
112,BL6-BALBc_HTxB,AV7-3-CAPPNYNVLYF-AJ21*p03_BV13-1-CASSDAGAQDTQYF-BJ2-5,2,1,3.0,0.0,2.9709068482340317,2.8037691934264957,2.455404318179178,2.2145753038860327,0.16713765480753606,0.24082901429314507
113,BL6-BALBc_HTxB,AV7-3-CAVNAYKVIF-AJ30_BV13-2-CASGDLGGRDAETLYF-BJ2-3,1,5,5.0,0.4,2.391051617454487,1.185792336218215,1.4902158224121076,0.5800149563809754,1.2052592812362721,0.9102008660311321
114,BL6-BALBc_HTxB,AV7-4-CAANTNTGKLTF-AJ27/AV3-1-CAIMPNYNVLYF-AJ21*p03_BV31-CAWLGENSYEQYF-BJ2-7,1,3,4.0,0.3333333333333333,2.634945598287664,2.459010461215629,2.1165355818976774,1.8990022736444907,0.175935137072035,0.21753330825318673
115,BL6-BALBc_HTxB,AV7-4-CAASEGYAQGLTF-AJ26_BV13-3-CASSDRDTQNTLYF-BJ2-4,1,1,3.0,2.0,2.7810683620074275,0.9473485531340271,2.1272473546728805,0.41081213031668645,1.8337198088734004,1.716435224356194
116,BL6-BALBc_HTxB,AV7-4-CADNTNTGKLTF-AJ27_BV12-2-CASSLEQGEDTQYF-BJ2-5,3,19,4.0,0.15789473684210525,2.7160544241620865,2.4174854813302966,2.335179216251161,1.8716317254318284,0.2985689428317899,0.46354749081933266
117,BL6-BALBc_HTxB,AV7D-2-CAAGGADRLTF-AJ45/AV4-3-CAAHVNTGNYKYVF-AJ40_BV29-CASSLIRYAEQFF-BJ2-1,1,5,4.0,0.2,2.6750849518197795,2.7005501489924115,2.2108967824986188,2.2528475492580506,-0.02546519717263207,-0.04195076675943188
118,BL6-BALBc_HTxB,AV7D-2-CAAGTGGYKVVF-AJ12_BV5-CASSQAGTGYAEQFF-BJ2-1,1,2,3.0,0.0,3.135794215407145,3.0696562475502183,2.893580010061128,2.859398165841058,0.06613796785692694,0.03418184422007009
119,BL6-BALBc_HTxB,AV7D-3-CAVYQGGRALIF-AJ15_BV13-2-CASGDVLGGYEQYF-BJ2-7,1,5,3.0,0.6,2.1786603155253847,2.2679714158518167,1.3732496532470913,1.8037154117311303,-0.08931110032643197,-0.430465758484039
120,BL6-BALBc_HTxB,AV7D-4-CAAGNNYAQGLTF-AJ26_BV13-1-CASSAGGNYAEQFF-BJ2-1,1,3,3.0,0.3333333333333333,3.072895075305994,3.0276670374160957,2.618827395283202,2.6518242256462745,0.045228037889898154,-0.03299683036307233
121,BL6-BALBc_HTxB,AV7D-5-CAVSSGGNYKPTF-AJ6_BV3-CASSQDRTGTSAETLYF-BJ2-3,1,9,4.0,0.6666666666666666,1.8971140063734286,1.1829926729203448,1.0752621765603232,0.567627974862241,0.7141213334530838,0.5076342016980822
122,BL6-BALBc_HTxB,AV8-1-CAQGGRALIF-AJ15_BV1-CTCSAGLGASAETLYF-BJ2-3,1,4,5.0,0.0,1.3389465831293252,2.067064200743432,0.6642113886047866,1.5817105458967031,-0.7281176176141066,-0.9174991572919166
123,BL6-BALBc_HTxB,AV8-1-CATDASSGSWQLIF-AJ22_BV4-CASTAANTEVFF-BJ1-1,1,21,9.0,0.38095238095238093,2.0306990731047563,1.2006994607435968,1.1004606701057682,0.6073417228074616,0.8299996123611595,0.49311894729830663
124,BL6-BALBc_HTxB,AV8-1-CATDASSGSWQLIF-AJ22_BV4-CASTQANTEVFF-BJ1-1,1,4,3.0,0.25,1.2186394824419597,1.0408562472560536,0.5613863060427181,0.5635627256188392,0.1777832351859061,-0.002176419576121136
125,BL6-BALBc_HTxB,AV8-1-CATDTGGADRLTF-AJ45_BV4-CASSFDWGAETLYF-BJ2-3,1,3,3.0,0.0,3.307375313330556,3.0638100367596635,3.019888141972605,2.880821990996966,0.24356527657089266,0.13906615097563924
126,BL6-BALBc_HTxB,AV8-2-CATAPDTNAYKVIF-AJ30_BV19-CASGTTNYAEQFF-BJ2-1,1,1,7.0,0.0,3.1865470142039856,3.1640057463336433,2.8800905362648033,2.976012562839196,0.022541267870342274,-0.09592202657439275
127,BL6-BALBc_HTxB,AV8D-2-CATDALRGGRALIF-AJ15_BV1-CTCSAGTGREAETLYF-BJ2-3,1,3,3.0,0.0,2.765351491164737,2.1990870646536953,2.0010998666697906,1.5648207815135942,0.5662644265110419,0.4362790851561964
128,BL6-BALBc_HTxB,AV8D-2-CATDYSNNRLTL-AJ7_BV1-CTCGTKNERLFF-BJ1-4,1,1,3.0,0.0,3.2677524499905632,2.595343141554009,3.137564129729523,1.9579359404334558,0.6724093084365541,1.1796281892960672
129,BL6-BALBc_HTxB,AV8D-2-CATSGGADRLTF-AJ45_BV13-2-CASGLPGQSNERLFF-BJ1-4,1,1,4.0,0.0,3.058360828671811,3.2010893068495334,2.8749696192363,2.9605099647045297,-0.14272847817772227,-0.08554034546822953
130,BL6-BALBc_HTxB,AV9-2-CAASSDYANKMIF-AJ47_BV3-CASSSTGFEQYF-BJ2-7,2,3,3.0,0.0,1.05199737357484,1.159077592850269,0.4850416721476698,0.5604623570276641,-0.10708021927542899,-0.07542068487999432
131,BL6-BALBc_HTxB,AV9-3-CAALMPNYNVLYF-AJ21*p03_BV13-3-CASSKLGGYEQYF-BJ2-7,1,2,6.0,0.0,2.685799995354804,2.4148696720977174,2.2439526145803947,1.9801230505603282,0.27093032325708677,0.2638295640200665
132,BL6-BALBc_HTxB,AV9-3-CAASSNTDKVVF-AJ34*p03_BV1-CTCSADRDEQYF-BJ2-7,1,1,5.0,1.0,2.5868381974048544,3.256675940266736,2.0259592270626805,2.931751699027728,-0.6698377428618816,-0.9057924719650474
133,BL6-BALBc_HTxB,AV9-3-CAVSTDYAQGLTF-AJ26_BV3-CASSLGTGDTQYF-BJ2-5,1,2,6.0,1.0,1.4448234045981343,1.280611441616875,0.7141782293546955,0.6262362439052311,0.16421196298125929,0.08794198544946441
134,BL6-BALBc_HTxB,AV9-4-CAAKGYSNTGANTGKLTF-AJ52_BV13-2-CASGEGRQYF-BJ2-7,1,2,8.0,0.0,3.544647719930553,1.6008430262547688,3.398549376490275,1.4912480658989622,1.943804693675784,1.9073013105913128
135,BL6-BALBc_HTxB,AV9-4-CAVRDYGNEKITF-AJ48_BV1-CTCSAVRAEVFF-BJ1-1,1,9,5.0,0.0,2.646305050445717,1.8595581975346762,1.8632404530817936,1.2701867055275091,0.7867468529110406,0.5930537475542845
136,BL6-BALBc_HTxB,AV9-4-CAVSSPDTNAYKVIF-AJ30_BV13-2-CASGASGGNTLYF-BJ1-3,3,18,3.3333333333333335,0.1111111111111111,3.2761026228590615,2.9378615050398604,3.0541466754853808,2.6810895916427326,0.3382411178192011,0.37305708384264813
137,BL6-BALBc_HTxB,AV9D-3-CAVSPDTNAYKVIF-AJ30_BV13-2-CASGDWGRGEQYF-BJ2-7,5,56,4.0,0.14285714285714285,2.3285273999830407,1.9137610847342792,1.634410112302375,1.2821276959671246,0.4147663152487615,0.3522824163352505
138,BL6-BALBc_HTxB,AV9D-4-CALIPDTNAYKVIF-AJ30_BV13-2-CASGETEYEQYF-BJ2-7,1,3,3.0,0.6666666666666666,2.1153766803589087,2.3934401421348555,1.4595818446009765,1.8511736423519107,-0.27806346177594676,-0.3915917977509342
139,BL6-BALBc_HTxC,AV1-CAVRDYGGSGNKLIF-AJ32_BV19-CASSIGDSGTEVFF-BJ1-1,1,1,5.0,0.0,0.4937919749835501,0.30363883467477426,0.17757550442509631,0.10585405446055385,0.19015314030877584,0.07172144996454247
140,BL6-BALBc_HTxC,AV10-CAASTDYANKMIF-AJ47_BV3-CASSIGQGTEVFF-BJ1-1,1,1,4.0,0.0,0.7818964039974524,0.309644155057088,0.34484550846783235,0.10373301703628113,0.47225224894036444,0.24111249143155122
141,BL6-BALBc_HTxC,AV10-CAASTDYAQGLTF-AJ26_BV3-CASSPGVSYEQYF-BJ2-7,1,8,1.0,0.0,0.3311319975493654,0.5077712798373899,0.13064222168301012,0.21715438455170866,-0.1766392822880245,-0.08651216286869853
142,BL6-BALBc_HTxC,AV10-CAASVDYANKMIF-AJ47_BV3-CASSWTVQDTQYF-BJ2-5,1,2,1.0,0.0,0.9980556526481121,0.5465038257188006,0.4763634610060204,0.2083064720157642,0.4515518269293115,0.2680569889902562
143,BL6-BALBc_HTxC,AV12-2-CALSDLRTGGADRLTF-AJ45_BV13-1-CASSDVGAEQFF-BJ2-1,1,7,1.0,0.0,2.0829037254985443,0.8561614993914193,1.4261814990803598,0.4923793611974746,1.226742226107125,0.9338021378828852
144,BL6-BALBc_HTxC,AV12D-1-CALSDTNAYKVIF-AJ30/AV8D-1-CATEASNTDKVVF-AJ34*p03_BV29-CASSSGTGKDTQYF-BJ2-5,1,3,1.0,0.0,2.518025878897075,1.828242146853644,1.7748328503848636,1.4881486359172207,0.6897837320434308,0.2866842144676429
145,BL6-BALBc_HTxC,AV13-4/DV7-CAMEHSSGSWQLIF-AJ22_BV4-CASSYGVQYF-BJ2-7,1,8,1.0,0.0,0.48712290713202033,0.5164642124474067,0.18936441255141143,0.22223966431671624,-0.029341305315386368,-0.032875251765304814
146,BL6-BALBc_HTxC,AV13D-1-CAMPTSSGQKLVF-AJ16*p02_BV29-CASGQGPYTEVFF-BJ1-1,1,1,4.0,0.0,2.7956973287456726,3.029078473377033,2.113119365122976,2.7216250480317203,-0.23338114463136028,-0.6085056829087443
147,BL6-BALBc_HTxC,AV13D-2-CAIDPNTGKLTF-AJ27_BV14-CASSSGNTLYF-BJ1-3,1,2,1.0,0.0,1.4643504689895022,0.7773048806327832,1.0497371548941734,0.6219627914430447,0.6870455883567189,0.42777436345112874
148,BL6-BALBc_HTxC,AV14-2-CAAHTGYQNFYF-AJ49_BV17-CASSKTWGVNYAEQFF-BJ2-1,1,5,1.0,0.0,2.575588697084778,1.5067703416779135,2.2479275134435857,1.3875503118626558,1.0688183554068647,0.8603772015809299
149,BL6-BALBc_HTxC,AV14-2-CAASSYTGNYKYVF-AJ40_BV13-1-CASSEHNSDYTF-BJ1-2,1,6,1.0,0.0,0.5944870300937719,1.0878015939154504,0.2140792837634541,0.680114534608112,-0.4933145638216785,-0.4660352508446579
150,BL6-BALBc_HTxC,AV14D-2-CAASPNYNVLYF-AJ21*p03_BV13-2-CASGDPQGVNSPLYF-BJ1-6,1,2,7.0,0.0,3.1882812138201833,2.4870799939121317,2.727406765741361,2.0978495322734307,0.7012012199080515,0.6295572334679305
151,BL6-BALBc_HTxC,AV16/DV11-CAMREDTGANTGKLTF-AJ52_BV13-3-CASSPGTTYAEQFF-BJ2-1,1,2,1.0,0.0,2.2803946541231945,0.8914423612979395,1.5061853873370394,0.47183567545193855,1.388952292825255,1.0343497118851008
152,BL6-BALBc_HTxC,AV16/DV11-CAMREDTGYQNFYF-AJ49_BV13-1-CASGGVYEQYF-BJ2-7,3,11,1.3333333333333333,0.0,0.7724559437031386,0.9716502695746844,0.3529900386399965,0.5160968153381401,-0.19919432587154573,-0.1631067766981436
153,BL6-BALBc_HTxC,AV16/DV11-CAMREGNSGGSNYKLTF-AJ53_BV13-1-CASTGVNTEVFF-BJ1-1,1,2,1.0,0.0,3.1507663086622064,1.8003481283499503,2.8820981341572307,1.6176637383319759,1.3504181803122561,1.2644343958252549
154,BL6-BALBc_HTxC,AV16/DV11-CAMREGPSGSWQLIF-AJ22_BV1-CTCSAGTDLSNERLFF-BJ1-4,1,2,2.0,0.0,0.7958732731810112,0.36219742739663185,0.3855167589452913,0.13824731829797102,0.43367584578437934,0.2472694406473203
155,BL6-BALBc_HTxC,AV16/DV11-CAMREGRGGSAKLIF-AJ57_BV13-3-CASSWTGSYNSPLYF-BJ1-6,1,4,1.0,0.0,2.0450904722850445,0.4641405852532534,1.4701420987192984,0.18226080321648247,1.580949887031791,1.2878812955028158
156,BL6-BALBc_HTxC,AV16/DV11-CAMRESMATGGNNKLTF-AJ56_BV13-1-CASSDAGGWEQYF-BJ2-7,1,7,4.0,0.0,2.314932825200946,0.9779027678756405,1.6195197227575249,0.6456707973156363,1.3370300573253056,0.9738489254418886
157,BL6-BALBc_HTxC,AV16/DV11-CAMRESYNAGAKLTF-AJ39_BV20-CGAGDTSYEQYF-BJ2-7,1,3,2.0,0.0,1.5849961515181954,1.9945592080111603,1.0662273097235573,1.4528009538380378,-0.40956305649296487,-0.3865736441144805
158,BL6-BALBc_HTxC,AV16D/DV11-CAMREAGGYKVVF-AJ12_BV13-2-CASGDAGGKAEVFF-BJ1-1,1,13,4.0,0.0,1.5512682174556933,0.9926385111650613,0.8730764089061597,0.5714023332180561,0.558629706290632,0.30167407568810356
159,BL6-BALBc_HTxC,AV16D/DV11-CAMREANSAGNKLTF-AJ17*p02_BV13-1-CASSDVSTEVFF-BJ1-1,1,10,1.0,0.0,1.1377817084237734,0.730011554433908,0.5467107265779664,0.3427982002679526,0.4077701539898654,0.20391252631001378
160,BL6-BALBc_HTxC,AV16D/DV11-CAMREANSGTYQRF-AJ13_BV13-2-CASGPDNSGNTLYF-BJ1-3,2,4,2.0,0.0,0.8349327769834815,0.6871751527786606,0.36932831077965556,0.3194648464245937,0.14775762420482086,0.04986346435506184
161,BL6-BALBc_HTxC,AV16D/DV11-CAMREASSGSWQLIF-AJ22_BV13-2-CASGDPTGQEQYF-BJ2-7,2,42,1.5,0.0,0.7268957333202152,0.7654219281202838,0.36586348960069237,0.3854242094589928,-0.03852619480006858,-0.019560719858300435
162,BL6-BALBc_HTxC,AV16D/DV11-CAMREDNAGAKLTF-AJ39_BV2-CASSQDHVSNERLFF-BJ1-4,1,5,1.0,0.0,0.4402047109831132,0.5321635107531607,0.19321610309961848,0.2789219340517715,-0.0919587997700475,-0.08570583095215303
163,BL6-BALBc_HTxC,AV16D/DV11-CAMREDTGYQNFYF-AJ49_BV19-CASTGTGSNYAEQFF-BJ2-1,3,13,1.0,0.0,0.7633879418413444,0.6335586140878321,0.3184769454269741,0.29509972263643575,0.1298293277535123,0.023377222790538332
164,BL6-BALBc_HTxC,AV16D/DV11-CAMREEIAGNTRKLIF-AJ37*p02_BV13-1-CASSTGAYTGQLYF-BJ2-2,1,1,1.0,0.0,0.3525303275516838,0.9132829641650988,0.11187673496964667,0.6193380803221713,-0.560752636613415,-0.5074613453525246
165,BL6-BALBc_HTxC,AV16D/DV11-CAMREGDAYKVIF-AJ30/AV9D-2-CAGNYAQGLTF-AJ26_BV13-2-CASGDRNTEVFF-BJ1-1,1,14,3.0,0.0,2.9810386570962253,0.5097169686092978,2.28625758766911,0.19960349701884825,2.4713216884869276,2.0866540906502618
166,BL6-BALBc_HTxC,AV16D/DV11-CAMREGDNNRIFF-AJ31_BV13-2-CASGDNYEQYF-BJ2-7,1,1,1.0,0.0,1.0658522886944901,0.046192440129626075,0.7551473431593639,0.014721120532092402,1.019659848564864,0.7404262226272715
167,BL6-BALBc_HTxC,AV16D/DV11-CAMREGDSNYQLIW-AJ33_BV13-1-CASREINTEVFF-BJ1-1/BV3-CASSATGANTGQLYF-BJ2-2,1,8,3.0,0.0,0.3371258419505556,0.5589874492369397,0.11664717418389003,0.3480202658055841,-0.22186160728638404,-0.23137309162169406
168,BL6-BALBc_HTxC,AV16D/DV11-CAMREGDSNYQLIW-AJ33_BV13-2-CASGGLVYEQYF-BJ2-7,3,13,2.0,0.0,2.1518767642304666,1.616608862682574,1.872960558935131,1.3139636786308055,0.5352679015478925,0.5589968803043255
169,BL6-BALBc_HTxC,AV16D/DV11-CAMREGGRALIF-AJ15_BV1-CTCSADRVQNTLYF-BJ2-4,1,1,1.0,0.0,1.1716731335863062,1.3004032104603251,0.6396503058798761,0.9263969099600018,-0.12873007687401894,-0.28674660408012564
170,BL6-BALBc_HTxC,AV16D/DV11-CAMREGNNNNRIFF-AJ31_BV13-2-CATRDNYEQYF-BJ2-7,1,1,3.0,0.0,1.185418249672692,0.8632995544246971,0.6925354933374887,0.3574851486980464,0.32211869524799486,0.3350503446394423
171,BL6-BALBc_HTxC,AV16D/DV11-CAMREGQTGGYKVVF-AJ12_BV13-2-CASGENRANSDYTF-BJ1-2,2,15,1.0,0.0,2.3350150378092254,0.8754399387883567,1.8443552127794924,0.5598099786759143,1.4595750990208687,1.2845452341035781
172,BL6-BALBc_HTxC,AV16D/DV11-CAMREGTGYQNFYF-AJ49/AV7-3-CASPNTGYQNFYF-AJ49_BV13-2-CASGGWGSQNTLYF-BJ2-4,1,14,5.0,0.0,0.5202365565196121,0.7377302793939874,0.2055267541671556,0.3979938698378146,-0.2174937228743753,-0.192467115670659
173,BL6-BALBc_HTxC,AV16D/DV11-CAMRESNNYAQGLTF-AJ26_BV5-CASSTRTGGENYAEQFF-BJ2-1,1,2,1.0,0.0,2.7609492935494386,1.97914202343634,2.0579225152839307,1.445083180399445,0.7818072701130987,0.6128393348844856
174,BL6-BALBc_HTxC,AV19-CAAGDAGYQNFYF-AJ49_BV17-CASSRTGGSDYTF-BJ1-2,4,22,1.0,0.0,1.5406514166079166,0.8861589949125407,0.9816622120911692,0.5416869956271383,0.6544924216953759,0.4399752164640309
175,BL6-BALBc_HTxC,AV3-1-CAVRASSGSWQLIF-AJ22_BV4-CASSSIEQFF-BJ2-1,2,15,1.5,0.0,1.0424534643115364,0.4707044140818218,0.45718888626114873,0.18301408442086506,0.5717490502297147,0.27417480184028364
176,BL6-BALBc_HTxC,AV3-4-CAVSVSNTDKVVF-AJ34*p03_BV14-CASSFRVEQYF-BJ2-7,1,1,1.0,0.0,1.913726226520797,1.1216407621868583,1.4659604772238326,0.891475543221831,0.7920854643339388,0.5744849340020016
177,BL6-BALBc_HTxC,AV3D-3-CAVISSGSWQLIF-AJ22/AV5-1-CSATYATSSGQKLVF-AJ16*p02_BV13-1-CASSPGTGGEQYF-BJ2-7,2,3,2.5,0.0,0.8128469392912189,0.4495837312418925,0.3431919719303034,0.18472121142428324,0.3632632080493264,0.15847076050602013
178,BL6-BALBc_HTxC,AV3D-3-CAVSRGGSGNKLIF-AJ32_BV13-1-CASSDSGENTLYF-BJ2-4,1,1,2.0,0.0,2.0144637702205097,0.8658566174572235,1.1441054707606526,0.5438238059276694,1.1486071527632862,0.6002816648329832
179,BL6-BALBc_HTxC,AV3D-3-CAVTSSSGSWQLIF-AJ22_BV17-CASSAGQANTGQLYF-BJ2-2,1,2,1.0,0.0,3.01867904060296,1.8622312680539426,2.796854911801523,1.6471861861834005,1.1564477725490176,1.1496687256181224
180,BL6-BALBc_HTxC,AV4-3-CAADQGGRALIF-AJ15_BV13-2-CASGWAPLGDYEQYF-BJ2-7,1,12,5.0,0.0,2.5329145639793977,1.0706296416354761,2.305986551018341,0.8349747870243833,1.4622849223439216,1.4710117639939577
181,BL6-BALBc_HTxC,AV4-3-CAAEAAYQNFYF-AJ49_BV4-CASSNRVEQYF-BJ2-7,1,2,1.0,0.0,1.3372449392958772,0.2579734650037237,0.8305191097019952,0.1647085368627801,1.0792714742921534,0.6658105728392151
182,BL6-BALBc_HTxC,AV4-4/DV10-CAGHYANKMIF-AJ47_BV29-CASSRRTEVFF-BJ1-1,1,1,1.0,0.0,2.69538285710013,1.6854752972273344,1.941183910143603,1.4739311883324124,1.0099075598727956,0.4672527218111906
183,BL6-BALBc_HTxC,AV4D-3-CAAEGPASGSWQLIF-AJ22_BV12-2-CASSLEQGEDTQYF-BJ2-5,2,6,2.5,0.0,1.5677931695501601,0.6097436377185547,1.2823490113793496,0.3465636799738154,0.9580495318316055,0.9357853314055342
184,BL6-BALBc_HTxC,AV4D-3-CAAENMGYKLTF-AJ9_BV31-CAWSSDNNQAPLF-BJ1-5,1,11,1.0,0.0,1.9108944345209655,1.6535101169487227,1.1575412769864806,1.2174462748891364,0.2573843175722428,-0.0599049979026558
185,BL6-BALBc_HTxC,AV4D-3-CAAEYSNYQLIW-AJ33_BV31-CAWRGSSYEQYF-BJ2-7,1,3,1.0,0.0,1.9838038067683086,1.1504280634022834,1.340202266356254,0.785159096826186,0.8333757433660252,0.555043169530068
186,BL6-BALBc_HTxC,AV5-1-CSAGGGSALGRLHF-AJ18_BV1-CTCSAAGGDAEQFF-BJ2-1,1,2,2.0,0.0,2.7104683615204577,1.5794461199029461,2.237039197300849,1.0742962326411987,1.1310222416175115,1.1627429646596505
187,BL6-BALBc_HTxC,AV5-1-CSASSGSWQLIF-AJ22_BV13-2-CASGEVGSNTEVFF-BJ1-1,3,7,2.6666666666666665,0.0,2.5164827808127366,2.3132898417300525,1.8978749528595584,1.9325357451221834,0.2031929390826841,-0.03466079226262497
188,BL6-BALBc_HTxC,AV5D-4-CAGGAGNKLTF-AJ17*p02_BV13-1-CASTETGWAEQFF-BJ2-1,1,1,3.0,0.0,3.222738561139236,2.6556390622295662,3.1605339509294064,2.5405683813627027,0.5670994989096698,0.6199655695667037
189,BL6-BALBc_HTxC,AV6-1-CVLGASSGSWQLIF-AJ22_BV13-1-CASSGTGSEVFF-BJ1-1,1,1,3.0,0.0,1.5394847569315018,2.5148221347322868,1.492598482572497,2.1592707900648067,-0.975337377800785,-0.6666723074923098
190,BL6-BALBc_HTxC,AV6-1-CVLVTGFASALTF-AJ35_BV13-2-CASGDAREGGQNTLYF-BJ2-4,1,2,3.0,0.0,1.6854752972273346,1.6341150790356673,1.4739311883324124,1.1977706618265231,0.05136021819166725,0.2761605265058893
191,BL6-BALBc_HTxC,AV6-4-CALVAPRF-AJ13_BV29-CASIGGSSAETLYF-BJ2-3,1,2,1.0,0.0,2.6193020148621384,1.5071739651347889,2.1241030852679734,0.993902376295784,1.1121280497273496,1.1302007089721893
192,BL6-BALBc_HTxC,AV6-4-CALVEGGRALIF-AJ15_BV14-CASRDRDEQYF-BJ2-7,1,7,4.0,0.0,1.8211941572421038,1.3747736600825238,1.1064220591361544,0.9242090662995484,0.44642049715958,0.18221299283660608
193,BL6-BALBc_HTxC,AV6-4-CALVESNNRLTL-AJ7/AV7-3-CAVSIAGSWQLIF-AJ22_BV13-1-CASSDAGYEQYF-BJ2-7,1,10,1.0,0.0,1.6319171693660544,1.0490683613298697,0.8263174957310288,0.5630939555009551,0.5828488080361847,0.26322354023007366
194,BL6-BALBc_HTxC,AV6-5-CALSEGGTGYQNFYF-AJ49/AV16D/DV11-CAMREDNAGAKLTF-AJ39_BV13-1-CASRDNYEQYF-BJ2-7,1,14,1.0,0.0,1.0802018863168115,0.7789903082903319,0.6006398389231291,0.3966597058793874,0.3012115780264796,0.20398013304374168
195,BL6-BALBc_HTxC,AV6-6-CALGSNTDKVVF-AJ34*p03_BV14-CASRHRDEQYF-BJ2-7,1,34,1.0,0.0,1.040243301523152,1.0622622141613587,0.47323561190464364,0.6176874091289413,-0.022018912638206656,-0.14445179722429763
196,BL6-BALBc_HTxC,AV6-7/DV9-CALGDINAYKVIF-AJ30_BV19-CASSAGGAYAEQFF-BJ2-1,1,10,1.0,0.0,1.1294744350182477,1.1173568162659684,0.5296090850253015,0.6970407265694141,0.012117618752279347,-0.1674316415441126
197,BL6-BALBc_HTxC,AV6-7/DV9-CALGEGNNAPRF-AJ43*p03_BV2-CASSHRDTYNSPLYF-BJ1-6,1,5,1.0,0.0,2.738149333192866,1.4669513647991663,2.4235995127822676,1.2734059455150815,1.2711979683936998,1.1501935672671861
198,BL6-BALBc_HTxC,AV6D-6-CALRMDYANKMIF-AJ47_BV13-1-CASSDPVNTLYF-BJ2-4,1,1,4.0,0.0,3.324092480429718,1.4353713907745331,3.1413558492455413,1.3041533931593865,1.888721089655185,1.8372024560861548
199,BL6-BALBc_HTxC,AV6D-6-CALSDFSNNRLTL-AJ7_BV13-3-CASRDRGEQYF-BJ2-7,1,17,2.0,0.0,1.892551708758753,1.1956250587881372,1.5332854980742092,1.0104594150093684,0.6969266499706157,0.5228260830648408
200,BL6-BALBc_HTxC,AV7-1-CAPVTGNTRKLIF-AJ37*p02_BV5-CASSQDLTNSDYTF-BJ1-2,1,1,1.0,0.0,0.9207536561868881,0.8261497887809272,0.42410683522799925,0.36192745352068045,0.09460386740596094,0.06217938170731879
201,BL6-BALBc_HTxC,AV7-3-CASPNTGYQNFYF-AJ49_BV1-CTCSAGGDYAEQFF-BJ2-1,1,1,1.0,0.0,2.25,1.1941737342569119,2.192645077942396,1.0360692547075216,1.0558262657430881,1.1565758232348742
202,BL6-BALBc_HTxC,AV7-3-CAVSMDYAQGLTF-AJ26_BV3-CASSLDKKYEQYF-BJ2-7,1,2,3.0,0.0,1.584962500721156,1.84032713957822,1.5849625007211563,1.3109022548503202,-0.25536463885706384,0.2740602458708361
203,BL6-BALBc_HTxC,AV7-3-CAVSMGYAQGLTF-AJ26_BV13-1-CASSEAGNYAEQFF-BJ2-1,1,3,1.0,0.0,0.4394969869215134,1.0471026136276995,0.2606517545228,0.705394335713954,-0.6076056267061861,-0.44474258119115406
204,BL6-BALBc_HTxC,AV7-4-CAAIASSGSWQLIF-AJ22_BV13-1-CASSDAGEEVFF-BJ1-1,1,1,4.0,0.0,0.45287857943056475,0.7602250687220979,0.17049753655082267,0.3699047905019657,-0.3073464892915332,-0.199407253951143
205,BL6-BALBc_HTxC,AV7-5-CAMNTGYQNFYF-AJ49_BV13-2-CASGDVGDSDYTF-BJ1-2,1,2,1.0,0.0,2.263809173883546,0.6546483341185019,2.029747343394052,0.5429866115549264,1.609160839765044,1.4867607318391254
206,BL6-BALBc_HTxC,AV7D-2-CAANTNTGKLTF-AJ27/AV16/DV11-CAMREKNNNNAPRF-AJ43*p03_BV1-CTCSADRVNNQAPLF-BJ1-5,1,4,2.0,0.0,1.584962500721156,1.1639929666616995,1.5849625007211563,1.0211266436990443,0.4209695340594566,0.563835857022112
207,BL6-BALBc_HTxC,AV7D-2-CAASSGNTRKLIF-AJ37*p02_BV13-2-CASGDLVGYAEQFF-BJ2-1,4,13,1.75,0.0,2.0203740752518384,0.8927328253653747,1.5716773416697776,0.4910693663725768,1.1276412498864636,1.0806079752972009
208,BL6-BALBc_HTxC,AV8-1-CATDGSALGRLHF-AJ18_BV1-CTCSATAGDTEVFF-BJ1-1,1,1,1.0,0.0,1.4133047082337233,0.7228578977329687,0.8539849763945481,0.4226910718222793,0.6904468105007546,0.4312939045722688
209,BL6-BALBc_HTxC,AV8-1-CATDGSSGSWQLIF-AJ22/AV7D-3-PDTNAYKVIF-AJ30_BV4-CASTTANTEVFF-BJ1-1,3,8,1.3333333333333333,0.0,0.5350173241866828,0.7706998735239399,0.20081207360247277,0.4021273131434869,-0.23568254933725707,-0.2013152395410141
210,BL6-BALBc_HTxC,AV8-1-CATDQDTGYQNFYF-AJ49_BV3-CASSLEGGRYEQYF-BJ2-7,1,3,2.0,0.0,1.4472624994412098,1.0452668928516957,0.9649748707601544,0.5826125672251053,0.40199560658951405,0.3823623035350491
211,BL6-BALBc_HTxC,AV8-1-CATEPDTGYQNFYF-AJ49_BV3-CASSLAWGLNYAEQFF-BJ2-1,1,4,1.0,0.0,1.684344191351069,0.7944559352073193,1.2130422997425903,0.5243936790907606,0.8898882561437498,0.6886486206518296
212,BL6-BALBc_HTxC,AV8-2-CATDDNNAPRF-AJ43*p03/AV6-6-CALGEKGGADRLTF-AJ45_BV3-CASSLARDYEQYF-BJ2-7,2,18,3.0,0.0,0.9989579790476993,0.8388835346134168,0.4978451736975016,0.44367647773854246,0.16007444443428254,0.05416869595895912
213,BL6-BALBc_HTxC,AV8-2-CATEANTGKLTF-AJ52_BV13-1-CASSGGNYAEQFF-BJ2-1,1,8,1.0,0.0,3.3401998765158556,1.765393358015647,3.125530882083859,1.3127331416222647,1.5748065185002087,1.8127977404615945
214,BL6-BALBc_HTxC,AV8-2-CATGGGSAKLIF-AJ57_BV13-1-CASSGGNYAEQFF-BJ2-1,1,1,1.0,0.0,2.455327501497313,2.1607047528877827,1.6953115924796591,1.799886251153754,0.2946227486095303,-0.10457465867409477
215,BL6-BALBc_HTxC,AV8D-2-CATDANSGTYQRF-AJ13_BV29-CASSFRAGEQYF-BJ2-7,1,3,2.0,0.0,1.4604846813131116,1.307515559681071,1.3785116232537296,1.0984185321747273,0.15296912163204057,0.28009309107900227
216,BL6-BALBc_HTxC,AV9-1-CAVSAYSNYQLIW-AJ33_BV1-CTCSADRVEQYF-BJ2-7,1,8,1.0,0.0,2.058813890331201,2.0028818950358485,1.816288046827612,1.4728814771459486,0.05593199529535253,0.3434065696816633
217,BL6-BALBc_HTxC,AV9-3-CAVSENNNAGAKLTF-AJ39_BV1-CTCSAAWGDTQYF-BJ2-5,2,23,1.5,0.0,1.0655312208644596,0.8773202260370839,0.5933688156482897,0.5680409598901631,0.1882109948273757,0.025327855758126572
218,BL6-BALBc_HTxC,AV9-3-CAVSSDYANKMIF-AJ47_BV3-CASSSGTGGYEQYF-BJ2-7,3,12,1.3333333333333333,0.0,1.1422835154873043,0.8426895410531293,0.6150804956298567,0.4279033553503973,0.299593974434175,0.18717714027945936
219,BL6-BALBc_HTxC,AV9-4-CAVSSDYANKMIF-AJ47_BV3-CASSSGTGGYEQYF-BJ2-7,1,1,1.0,0.0,0.373615217980829,0.6973177663459346,0.13835402365814606,0.30841947027447647,-0.3237025483651056,-0.1700654466163304
220,BL6-BALBc_HTxC,AV9D-1-CAAKPNYNVLYF-AJ21*p03_BV29-CASRIANTEVFF-BJ1-1,1,1,1.0,0.0,2.617666829388386,1.8731784406578633,2.054925873237413,1.0979504479320206,0.7444883887305225,0.9569754253053924
221,BL6-BALBc_HTxC,AV9D-3-CAVSADMGYKLTF-AJ9_BV13-2-CASGENTGQLYF-BJ2-2,1,3,2.0,0.0,0.4726712081085493,0.3448002830820472,0.19151466061452121,0.1307600119872824,0.1278709250265021,0.06075464862723881
222,BL6-BALBc_HTxC,AV9D-4-CALSATNAYKVIF-AJ30_BV13-2-CASGDAAGKDTQYF-BJ2-5,1,6,1.0,0.0,1.9240699477645933,1.1160603275846623,1.3109796839788872,0.7444818198164835,0.8080096201799309,0.5664978641624037
223,BL6-BALBc_HTxC,AV9D-4-CALSDDYAQGLTF-AJ26_BV3-CASSLALSEQYF-BJ2-7,1,1,1.0,0.0,0.39001225679266294,0.5742531169744869,0.12626984981769007,0.21333361362462613,-0.18424086018182395,-0.08706376380693606
