sample,percentile,thresh_ly49c,alpha,mean_entropy_change,n_common_clonotypes_ge5,n_cells_after
BL6-B10BR_HTxC,1.0,55.0,0.0,0.0,235,7832
BL6-B10BR_HTxC,1.0,55.0,1.0,0.0,235,7832
BL6-B10BR_HTxC,1.0,55.0,2.0,0.0,235,7832
BL6-B10BR_HTxC,1.0,55.0,5.0,0.0,235,7832
BL6-B10BR_HTxC,0.995,4.0,0.0,-0.0012274209969457156,235,7803
BL6-B10BR_HTxC,0.995,4.0,1.0,-0.0006278574848976363,235,7803
BL6-B10BR_HTxC,0.995,4.0,2.0,-0.0003999586100455953,235,7803
BL6-B10BR_HTxC,0.995,4.0,5.0,-0.00027279781304001614,235,7803
BL6-B10BR_HTxC,0.99,3.0,0.0,-0.003163846276120582,234,7777
BL6-B10BR_HTxC,0.99,3.0,1.0,-0.0024224878508642736,234,7777
BL6-B10BR_HTxC,0.99,3.0,2.0,-0.00192096557633798,234,7777
BL6-B10BR_HTxC,0.99,3.0,5.0,-0.001514249278760858,234,7777
BL6-B10BR_HTxC,0.985,3.0,0.0,-0.003163846276120582,234,7777
BL6-B10BR_HTxC,0.985,3.0,1.0,-0.0024224878508642736,234,7777
BL6-B10BR_HTxC,0.985,3.0,2.0,-0.00192096557633798,234,7777
BL6-B10BR_HTxC,0.985,3.0,5.0,-0.001514249278760858,234,7777
BL6-B10BR_HTxC,0.98,3.0,0.0,-0.003163846276120582,234,7777
BL6-B10BR_HTxC,0.98,3.0,1.0,-0.0024224878508642736,234,7777
BL6-B10BR_HTxC,0.98,3.0,2.0,-0.00192096557633798,234,7777
BL6-B10BR_HTxC,0.98,3.0,5.0,-0.001514249278760858,234,7777
BL6-B10BR_HTxC,0.975,2.0,0.0,-0.0051311707144913,234,7686
BL6-B10BR_HTxC,0.975,2.0,1.0,-0.004163944472865117,234,7686
BL6-B10BR_HTxC,0.975,2.0,2.0,-0.0036918487598466406,234,7686
BL6-B10BR_HTxC,0.975,2.0,5.0,-0.0030455842682112133,234,7686
BL6-B10BR_HTxC,0.97,2.0,0.0,-0.0051311707144913,234,7686
BL6-B10BR_HTxC,0.97,2.0,1.0,-0.004163944472865117,234,7686
BL6-B10BR_HTxC,0.97,2.0,2.0,-0.0036918487598466406,234,7686
BL6-B10BR_HTxC,0.97,2.0,5.0,-0.0030455842682112133,234,7686
BL6-B10BR_HTxC,0.965,2.0,0.0,-0.0051311707144913,234,7686
BL6-B10BR_HTxC,0.965,2.0,1.0,-0.004163944472865117,234,7686
BL6-B10BR_HTxC,0.965,2.0,2.0,-0.0036918487598466406,234,7686
BL6-B10BR_HTxC,0.965,2.0,5.0,-0.0030455842682112133,234,7686
BL6-B10BR_HTxC,0.96,2.0,0.0,-0.0051311707144913,234,7686
BL6-B10BR_HTxC,0.96,2.0,1.0,-0.004163944472865117,234,7686
BL6-B10BR_HTxC,0.96,2.0,2.0,-0.0036918487598466406,234,7686
BL6-B10BR_HTxC,0.96,2.0,5.0,-0.0030455842682112133,234,7686
BL6-B10BR_HTxC,0.955,2.0,0.0,-0.0051311707144913,234,7686
BL6-B10BR_HTxC,0.955,2.0,1.0,-0.004163944472865117,234,7686
BL6-B10BR_HTxC,0.955,2.0,2.0,-0.0036918487598466406,234,7686
BL6-B10BR_HTxC,0.955,2.0,5.0,-0.0030455842682112133,234,7686
BL6-B10BR_HTxC,0.95,2.0,0.0,-0.0051311707144913,234,7686
BL6-B10BR_HTxC,0.95,2.0,1.0,-0.004163944472865117,234,7686
BL6-B10BR_HTxC,0.95,2.0,2.0,-0.0036918487598466406,234,7686
BL6-B10BR_HTxC,0.95,2.0,5.0,-0.0030455842682112133,234,7686
BL6-B10BR_HTxC,0.945,2.0,0.0,-0.0051311707144913,234,7686
BL6-B10BR_HTxC,0.945,2.0,1.0,-0.004163944472865117,234,7686
BL6-B10BR_HTxC,0.945,2.0,2.0,-0.0036918487598466406,234,7686
BL6-B10BR_HTxC,0.945,2.0,5.0,-0.0030455842682112133,234,7686
BL6-B10BR_HTxC,0.94,2.0,0.0,-0.0051311707144913,234,7686
BL6-B10BR_HTxC,0.94,2.0,1.0,-0.004163944472865117,234,7686
BL6-B10BR_HTxC,0.94,2.0,2.0,-0.0036918487598466406,234,7686
BL6-B10BR_HTxC,0.94,2.0,5.0,-0.0030455842682112133,234,7686
BL6-B10BR_HTxC,0.935,2.0,0.0,-0.0051311707144913,234,7686
BL6-B10BR_HTxC,0.935,2.0,1.0,-0.004163944472865117,234,7686
BL6-B10BR_HTxC,0.935,2.0,2.0,-0.0036918487598466406,234,7686
BL6-B10BR_HTxC,0.935,2.0,5.0,-0.0030455842682112133,234,7686
BL6-B10BR_HTxC,0.9299999999999999,1.0,0.0,-0.012501986646115947,227,7340
BL6-B10BR_HTxC,0.9299999999999999,1.0,1.0,-0.007613779590034911,227,7340
BL6-B10BR_HTxC,0.9299999999999999,1.0,2.0,-0.006169876166606266,227,7340
BL6-B10BR_HTxC,0.9299999999999999,1.0,5.0,-0.004747942442607618,227,7340
BL6-B10BR_HTxC,0.925,1.0,0.0,-0.012501986646115947,227,7340
BL6-B10BR_HTxC,0.925,1.0,1.0,-0.007613779590034911,227,7340
BL6-B10BR_HTxC,0.925,1.0,2.0,-0.006169876166606266,227,7340
BL6-B10BR_HTxC,0.925,1.0,5.0,-0.004747942442607618,227,7340
BL6-B10BR_HTxC,0.92,1.0,0.0,-0.012501986646115947,227,7340
BL6-B10BR_HTxC,0.92,1.0,1.0,-0.007613779590034911,227,7340
BL6-B10BR_HTxC,0.92,1.0,2.0,-0.006169876166606266,227,7340
BL6-B10BR_HTxC,0.92,1.0,5.0,-0.004747942442607618,227,7340
BL6-B10BR_HTxC,0.915,1.0,0.0,-0.012501986646115947,227,7340
BL6-B10BR_HTxC,0.915,1.0,1.0,-0.007613779590034911,227,7340
BL6-B10BR_HTxC,0.915,1.0,2.0,-0.006169876166606266,227,7340
BL6-B10BR_HTxC,0.915,1.0,5.0,-0.004747942442607618,227,7340
BL6-B10BR_HTxC,0.91,1.0,0.0,-0.012501986646115947,227,7340
BL6-B10BR_HTxC,0.91,1.0,1.0,-0.007613779590034911,227,7340
BL6-B10BR_HTxC,0.91,1.0,2.0,-0.006169876166606266,227,7340
BL6-B10BR_HTxC,0.91,1.0,5.0,-0.004747942442607618,227,7340
BL6-B10BR_HTxC,0.905,1.0,0.0,-0.012501986646115947,227,7340
BL6-B10BR_HTxC,0.905,1.0,1.0,-0.007613779590034911,227,7340
BL6-B10BR_HTxC,0.905,1.0,2.0,-0.006169876166606266,227,7340
BL6-B10BR_HTxC,0.905,1.0,5.0,-0.004747942442607618,227,7340
BL6-B10BR_HTxC,0.9,1.0,0.0,-0.012501986646115947,227,7340
BL6-B10BR_HTxC,0.9,1.0,1.0,-0.007613779590034911,227,7340
BL6-B10BR_HTxC,0.9,1.0,2.0,-0.006169876166606266,227,7340
BL6-B10BR_HTxC,0.9,1.0,5.0,-0.004747942442607618,227,7340
BL6-B10BR_HTxC,0.895,1.0,0.0,-0.012501986646115947,227,7340
BL6-B10BR_HTxC,0.895,1.0,1.0,-0.007613779590034911,227,7340
BL6-B10BR_HTxC,0.895,1.0,2.0,-0.006169876166606266,227,7340
BL6-B10BR_HTxC,0.895,1.0,5.0,-0.004747942442607618,227,7340
BL6-B10BR_HTxC,0.89,1.0,0.0,-0.012501986646115947,227,7340
BL6-B10BR_HTxC,0.89,1.0,1.0,-0.007613779590034911,227,7340
BL6-B10BR_HTxC,0.89,1.0,2.0,-0.006169876166606266,227,7340
BL6-B10BR_HTxC,0.89,1.0,5.0,-0.004747942442607618,227,7340
BL6-B10BR_HTxC,0.885,1.0,0.0,-0.012501986646115947,227,7340
BL6-B10BR_HTxC,0.885,1.0,1.0,-0.007613779590034911,227,7340
BL6-B10BR_HTxC,0.885,1.0,2.0,-0.006169876166606266,227,7340
BL6-B10BR_HTxC,0.885,1.0,5.0,-0.004747942442607618,227,7340
BL6-B10BR_HTxC,0.88,1.0,0.0,-0.012501986646115947,227,7340
BL6-B10BR_HTxC,0.88,1.0,1.0,-0.007613779590034911,227,7340
BL6-B10BR_HTxC,0.88,1.0,2.0,-0.006169876166606266,227,7340
BL6-B10BR_HTxC,0.88,1.0,5.0,-0.004747942442607618,227,7340
BL6-B10BR_HTxC,0.875,1.0,0.0,-0.012501986646115947,227,7340
BL6-B10BR_HTxC,0.875,1.0,1.0,-0.007613779590034911,227,7340
BL6-B10BR_HTxC,0.875,1.0,2.0,-0.006169876166606266,227,7340
BL6-B10BR_HTxC,0.875,1.0,5.0,-0.004747942442607618,227,7340
BL6-B10BR_HTxC,0.87,1.0,0.0,-0.012501986646115947,227,7340
BL6-B10BR_HTxC,0.87,1.0,1.0,-0.007613779590034911,227,7340
BL6-B10BR_HTxC,0.87,1.0,2.0,-0.006169876166606266,227,7340
BL6-B10BR_HTxC,0.87,1.0,5.0,-0.004747942442607618,227,7340
BL6-B10BR_HTxC,0.865,1.0,0.0,-0.012501986646115947,227,7340
BL6-B10BR_HTxC,0.865,1.0,1.0,-0.007613779590034911,227,7340
BL6-B10BR_HTxC,0.865,1.0,2.0,-0.006169876166606266,227,7340
BL6-B10BR_HTxC,0.865,1.0,5.0,-0.004747942442607618,227,7340
BL6-B10BR_HTxC,0.86,1.0,0.0,-0.012501986646115947,227,7340
BL6-B10BR_HTxC,0.86,1.0,1.0,-0.007613779590034911,227,7340
BL6-B10BR_HTxC,0.86,1.0,2.0,-0.006169876166606266,227,7340
BL6-B10BR_HTxC,0.86,1.0,5.0,-0.004747942442607618,227,7340
BL6-B10BR_HTxC,0.855,1.0,0.0,-0.012501986646115947,227,7340
BL6-B10BR_HTxC,0.855,1.0,1.0,-0.007613779590034911,227,7340
BL6-B10BR_HTxC,0.855,1.0,2.0,-0.006169876166606266,227,7340
BL6-B10BR_HTxC,0.855,1.0,5.0,-0.004747942442607618,227,7340
BL6-B10BR_HTxC,0.85,1.0,0.0,-0.012501986646115947,227,7340
BL6-B10BR_HTxC,0.85,1.0,1.0,-0.007613779590034911,227,7340
BL6-B10BR_HTxC,0.85,1.0,2.0,-0.006169876166606266,227,7340
BL6-B10BR_HTxC,0.85,1.0,5.0,-0.004747942442607618,227,7340
BL6-B10BR_HTxC,0.845,1.0,0.0,-0.012501986646115947,227,7340
BL6-B10BR_HTxC,0.845,1.0,1.0,-0.007613779590034911,227,7340
BL6-B10BR_HTxC,0.845,1.0,2.0,-0.006169876166606266,227,7340
BL6-B10BR_HTxC,0.845,1.0,5.0,-0.004747942442607618,227,7340
BL6-B10BR_HTxC,0.84,1.0,0.0,-0.012501986646115947,227,7340
BL6-B10BR_HTxC,0.84,1.0,1.0,-0.007613779590034911,227,7340
BL6-B10BR_HTxC,0.84,1.0,2.0,-0.006169876166606266,227,7340
BL6-B10BR_HTxC,0.84,1.0,5.0,-0.004747942442607618,227,7340
BL6-B10BR_HTxC,0.835,1.0,0.0,-0.012501986646115947,227,7340
BL6-B10BR_HTxC,0.835,1.0,1.0,-0.007613779590034911,227,7340
BL6-B10BR_HTxC,0.835,1.0,2.0,-0.006169876166606266,227,7340
BL6-B10BR_HTxC,0.835,1.0,5.0,-0.004747942442607618,227,7340
BL6-B10BR_HTxC,0.83,1.0,0.0,-0.012501986646115947,227,7340
BL6-B10BR_HTxC,0.83,1.0,1.0,-0.007613779590034911,227,7340
BL6-B10BR_HTxC,0.83,1.0,2.0,-0.006169876166606266,227,7340
BL6-B10BR_HTxC,0.83,1.0,5.0,-0.004747942442607618,227,7340
BL6-B10BR_HTxC,0.825,1.0,0.0,-0.012501986646115947,227,7340
BL6-B10BR_HTxC,0.825,1.0,1.0,-0.007613779590034911,227,7340
BL6-B10BR_HTxC,0.825,1.0,2.0,-0.006169876166606266,227,7340
BL6-B10BR_HTxC,0.825,1.0,5.0,-0.004747942442607618,227,7340
BL6-B10BR_HTxC,0.8200000000000001,1.0,0.0,-0.012501986646115947,227,7340
BL6-B10BR_HTxC,0.8200000000000001,1.0,1.0,-0.007613779590034911,227,7340
BL6-B10BR_HTxC,0.8200000000000001,1.0,2.0,-0.006169876166606266,227,7340
BL6-B10BR_HTxC,0.8200000000000001,1.0,5.0,-0.004747942442607618,227,7340
BL6-B10BR_HTxC,0.815,1.0,0.0,-0.012501986646115947,227,7340
BL6-B10BR_HTxC,0.815,1.0,1.0,-0.007613779590034911,227,7340
BL6-B10BR_HTxC,0.815,1.0,2.0,-0.006169876166606266,227,7340
BL6-B10BR_HTxC,0.815,1.0,5.0,-0.004747942442607618,227,7340
BL6-B10BR_HTxC,0.81,1.0,0.0,-0.012501986646115947,227,7340
BL6-B10BR_HTxC,0.81,1.0,1.0,-0.007613779590034911,227,7340
BL6-B10BR_HTxC,0.81,1.0,2.0,-0.006169876166606266,227,7340
BL6-B10BR_HTxC,0.81,1.0,5.0,-0.004747942442607618,227,7340
BL6-B10BR_HTxC,0.8049999999999999,1.0,0.0,-0.012501986646115947,227,7340
BL6-B10BR_HTxC,0.8049999999999999,1.0,1.0,-0.007613779590034911,227,7340
BL6-B10BR_HTxC,0.8049999999999999,1.0,2.0,-0.006169876166606266,227,7340
BL6-B10BR_HTxC,0.8049999999999999,1.0,5.0,-0.004747942442607618,227,7340
BL6-B10BR_HTxC,0.8,1.0,0.0,-0.012501986646115947,227,7340
BL6-B10BR_HTxC,0.8,1.0,1.0,-0.007613779590034911,227,7340
BL6-B10BR_HTxC,0.8,1.0,2.0,-0.006169876166606266,227,7340
BL6-B10BR_HTxC,0.8,1.0,5.0,-0.004747942442607618,227,7340
BL6-B10BR_HTxC,0.7949999999999999,1.0,0.0,-0.012501986646115947,227,7340
BL6-B10BR_HTxC,0.7949999999999999,1.0,1.0,-0.007613779590034911,227,7340
BL6-B10BR_HTxC,0.7949999999999999,1.0,2.0,-0.006169876166606266,227,7340
BL6-B10BR_HTxC,0.7949999999999999,1.0,5.0,-0.004747942442607618,227,7340
BL6-B10BR_HTxC,0.79,1.0,0.0,-0.012501986646115947,227,7340
BL6-B10BR_HTxC,0.79,1.0,1.0,-0.007613779590034911,227,7340
BL6-B10BR_HTxC,0.79,1.0,2.0,-0.006169876166606266,227,7340
BL6-B10BR_HTxC,0.79,1.0,5.0,-0.004747942442607618,227,7340
BL6-B10BR_HTxC,0.785,1.0,0.0,-0.012501986646115947,227,7340
BL6-B10BR_HTxC,0.785,1.0,1.0,-0.007613779590034911,227,7340
BL6-B10BR_HTxC,0.785,1.0,2.0,-0.006169876166606266,227,7340
BL6-B10BR_HTxC,0.785,1.0,5.0,-0.004747942442607618,227,7340
BL6-B10BR_HTxC,0.78,1.0,0.0,-0.012501986646115947,227,7340
BL6-B10BR_HTxC,0.78,1.0,1.0,-0.007613779590034911,227,7340
BL6-B10BR_HTxC,0.78,1.0,2.0,-0.006169876166606266,227,7340
BL6-B10BR_HTxC,0.78,1.0,5.0,-0.004747942442607618,227,7340
BL6-B10BR_HTxC,0.775,1.0,0.0,-0.012501986646115947,227,7340
BL6-B10BR_HTxC,0.775,1.0,1.0,-0.007613779590034911,227,7340
BL6-B10BR_HTxC,0.775,1.0,2.0,-0.006169876166606266,227,7340
BL6-B10BR_HTxC,0.775,1.0,5.0,-0.004747942442607618,227,7340
BL6-B10BR_HTxC,0.77,1.0,0.0,-0.012501986646115947,227,7340
BL6-B10BR_HTxC,0.77,1.0,1.0,-0.007613779590034911,227,7340
BL6-B10BR_HTxC,0.77,1.0,2.0,-0.006169876166606266,227,7340
BL6-B10BR_HTxC,0.77,1.0,5.0,-0.004747942442607618,227,7340
BL6-B10BR_HTxC,0.765,1.0,0.0,-0.012501986646115947,227,7340
BL6-B10BR_HTxC,0.765,1.0,1.0,-0.007613779590034911,227,7340
BL6-B10BR_HTxC,0.765,1.0,2.0,-0.006169876166606266,227,7340
BL6-B10BR_HTxC,0.765,1.0,5.0,-0.004747942442607618,227,7340
BL6-B10BR_HTxC,0.76,1.0,0.0,-0.012501986646115947,227,7340
BL6-B10BR_HTxC,0.76,1.0,1.0,-0.007613779590034911,227,7340
BL6-B10BR_HTxC,0.76,1.0,2.0,-0.006169876166606266,227,7340
BL6-B10BR_HTxC,0.76,1.0,5.0,-0.004747942442607618,227,7340
BL6-B10BR_HTxC,0.755,0.0,0.0,-0.036940398166549114,202,5972
BL6-B10BR_HTxC,0.755,0.0,1.0,-0.015787124497821967,202,5972
BL6-B10BR_HTxC,0.755,0.0,2.0,-0.008375169198025103,202,5972
BL6-B10BR_HTxC,0.755,0.0,5.0,-0.004580415328132732,202,5972
BL6-B10BR_HTxC,0.75,0.0,0.0,-0.036940398166549114,202,5972
BL6-B10BR_HTxC,0.75,0.0,1.0,-0.015787124497821967,202,5972
BL6-B10BR_HTxC,0.75,0.0,2.0,-0.008375169198025103,202,5972
BL6-B10BR_HTxC,0.75,0.0,5.0,-0.004580415328132732,202,5972
BL6-B10BR_HTxC,0.745,0.0,0.0,-0.036940398166549114,202,5972
BL6-B10BR_HTxC,0.745,0.0,1.0,-0.015787124497821967,202,5972
BL6-B10BR_HTxC,0.745,0.0,2.0,-0.008375169198025103,202,5972
BL6-B10BR_HTxC,0.745,0.0,5.0,-0.004580415328132732,202,5972
BL6-B10BR_HTxC,0.74,0.0,0.0,-0.036940398166549114,202,5972
BL6-B10BR_HTxC,0.74,0.0,1.0,-0.015787124497821967,202,5972
BL6-B10BR_HTxC,0.74,0.0,2.0,-0.008375169198025103,202,5972
BL6-B10BR_HTxC,0.74,0.0,5.0,-0.004580415328132732,202,5972
BL6-B10BR_HTxC,0.735,0.0,0.0,-0.036940398166549114,202,5972
BL6-B10BR_HTxC,0.735,0.0,1.0,-0.015787124497821967,202,5972
BL6-B10BR_HTxC,0.735,0.0,2.0,-0.008375169198025103,202,5972
BL6-B10BR_HTxC,0.735,0.0,5.0,-0.004580415328132732,202,5972
BL6-B10BR_HTxC,0.73,0.0,0.0,-0.036940398166549114,202,5972
BL6-B10BR_HTxC,0.73,0.0,1.0,-0.015787124497821967,202,5972
BL6-B10BR_HTxC,0.73,0.0,2.0,-0.008375169198025103,202,5972
BL6-B10BR_HTxC,0.73,0.0,5.0,-0.004580415328132732,202,5972
BL6-B10BR_HTxC,0.725,0.0,0.0,-0.036940398166549114,202,5972
BL6-B10BR_HTxC,0.725,0.0,1.0,-0.015787124497821967,202,5972
BL6-B10BR_HTxC,0.725,0.0,2.0,-0.008375169198025103,202,5972
BL6-B10BR_HTxC,0.725,0.0,5.0,-0.004580415328132732,202,5972
BL6-B10BR_HTxC,0.72,0.0,0.0,-0.036940398166549114,202,5972
BL6-B10BR_HTxC,0.72,0.0,1.0,-0.015787124497821967,202,5972
BL6-B10BR_HTxC,0.72,0.0,2.0,-0.008375169198025103,202,5972
BL6-B10BR_HTxC,0.72,0.0,5.0,-0.004580415328132732,202,5972
BL6-B10BR_HTxC,0.715,0.0,0.0,-0.036940398166549114,202,5972
BL6-B10BR_HTxC,0.715,0.0,1.0,-0.015787124497821967,202,5972
BL6-B10BR_HTxC,0.715,0.0,2.0,-0.008375169198025103,202,5972
BL6-B10BR_HTxC,0.715,0.0,5.0,-0.004580415328132732,202,5972
BL6-B10BR_HTxC,0.71,0.0,0.0,-0.036940398166549114,202,5972
BL6-B10BR_HTxC,0.71,0.0,1.0,-0.015787124497821967,202,5972
BL6-B10BR_HTxC,0.71,0.0,2.0,-0.008375169198025103,202,5972
BL6-B10BR_HTxC,0.71,0.0,5.0,-0.004580415328132732,202,5972
BL6-B10BR_HTxC,0.7050000000000001,0.0,0.0,-0.036940398166549114,202,5972
BL6-B10BR_HTxC,0.7050000000000001,0.0,1.0,-0.015787124497821967,202,5972
BL6-B10BR_HTxC,0.7050000000000001,0.0,2.0,-0.008375169198025103,202,5972
BL6-B10BR_HTxC,0.7050000000000001,0.0,5.0,-0.004580415328132732,202,5972
BL6-B10BR_HTxC,0.7,0.0,0.0,-0.036940398166549114,202,5972
BL6-B10BR_HTxC,0.7,0.0,1.0,-0.015787124497821967,202,5972
BL6-B10BR_HTxC,0.7,0.0,2.0,-0.008375169198025103,202,5972
BL6-B10BR_HTxC,0.7,0.0,5.0,-0.004580415328132732,202,5972
BL6-B10BR_HTxC,0.6950000000000001,0.0,0.0,-0.036940398166549114,202,5972
BL6-B10BR_HTxC,0.6950000000000001,0.0,1.0,-0.015787124497821967,202,5972
BL6-B10BR_HTxC,0.6950000000000001,0.0,2.0,-0.008375169198025103,202,5972
BL6-B10BR_HTxC,0.6950000000000001,0.0,5.0,-0.004580415328132732,202,5972
BL6-B10BR_HTxC,0.69,0.0,0.0,-0.036940398166549114,202,5972
BL6-B10BR_HTxC,0.69,0.0,1.0,-0.015787124497821967,202,5972
BL6-B10BR_HTxC,0.69,0.0,2.0,-0.008375169198025103,202,5972
BL6-B10BR_HTxC,0.69,0.0,5.0,-0.004580415328132732,202,5972
BL6-B10BR_HTxC,0.685,0.0,0.0,-0.036940398166549114,202,5972
BL6-B10BR_HTxC,0.685,0.0,1.0,-0.015787124497821967,202,5972
BL6-B10BR_HTxC,0.685,0.0,2.0,-0.008375169198025103,202,5972
BL6-B10BR_HTxC,0.685,0.0,5.0,-0.004580415328132732,202,5972
BL6-B10BR_HTxC,0.6799999999999999,0.0,0.0,-0.036940398166549114,202,5972
BL6-B10BR_HTxC,0.6799999999999999,0.0,1.0,-0.015787124497821967,202,5972
BL6-B10BR_HTxC,0.6799999999999999,0.0,2.0,-0.008375169198025103,202,5972
BL6-B10BR_HTxC,0.6799999999999999,0.0,5.0,-0.004580415328132732,202,5972
BL6-B10BR_HTxC,0.675,0.0,0.0,-0.036940398166549114,202,5972
BL6-B10BR_HTxC,0.675,0.0,1.0,-0.015787124497821967,202,5972
BL6-B10BR_HTxC,0.675,0.0,2.0,-0.008375169198025103,202,5972
BL6-B10BR_HTxC,0.675,0.0,5.0,-0.004580415328132732,202,5972
BL6-B10BR_HTxC,0.6699999999999999,0.0,0.0,-0.036940398166549114,202,5972
BL6-B10BR_HTxC,0.6699999999999999,0.0,1.0,-0.015787124497821967,202,5972
BL6-B10BR_HTxC,0.6699999999999999,0.0,2.0,-0.008375169198025103,202,5972
BL6-B10BR_HTxC,0.6699999999999999,0.0,5.0,-0.004580415328132732,202,5972
BL6-B10BR_HTxC,0.665,0.0,0.0,-0.036940398166549114,202,5972
BL6-B10BR_HTxC,0.665,0.0,1.0,-0.015787124497821967,202,5972
BL6-B10BR_HTxC,0.665,0.0,2.0,-0.008375169198025103,202,5972
BL6-B10BR_HTxC,0.665,0.0,5.0,-0.004580415328132732,202,5972
BL6-B10BR_HTxC,0.6599999999999999,0.0,0.0,-0.036940398166549114,202,5972
BL6-B10BR_HTxC,0.6599999999999999,0.0,1.0,-0.015787124497821967,202,5972
BL6-B10BR_HTxC,0.6599999999999999,0.0,2.0,-0.008375169198025103,202,5972
BL6-B10BR_HTxC,0.6599999999999999,0.0,5.0,-0.004580415328132732,202,5972
BL6-B10BR_HTxC,0.655,0.0,0.0,-0.036940398166549114,202,5972
BL6-B10BR_HTxC,0.655,0.0,1.0,-0.015787124497821967,202,5972
BL6-B10BR_HTxC,0.655,0.0,2.0,-0.008375169198025103,202,5972
BL6-B10BR_HTxC,0.655,0.0,5.0,-0.004580415328132732,202,5972
BL6-B10BR_HTxC,0.6499999999999999,0.0,0.0,-0.036940398166549114,202,5972
BL6-B10BR_HTxC,0.6499999999999999,0.0,1.0,-0.015787124497821967,202,5972
BL6-B10BR_HTxC,0.6499999999999999,0.0,2.0,-0.008375169198025103,202,5972
BL6-B10BR_HTxC,0.6499999999999999,0.0,5.0,-0.004580415328132732,202,5972
BL6-B10BR_HTxC,0.645,0.0,0.0,-0.036940398166549114,202,5972
BL6-B10BR_HTxC,0.645,0.0,1.0,-0.015787124497821967,202,5972
BL6-B10BR_HTxC,0.645,0.0,2.0,-0.008375169198025103,202,5972
BL6-B10BR_HTxC,0.645,0.0,5.0,-0.004580415328132732,202,5972
BL6-B10BR_HTxC,0.64,0.0,0.0,-0.036940398166549114,202,5972
BL6-B10BR_HTxC,0.64,0.0,1.0,-0.015787124497821967,202,5972
BL6-B10BR_HTxC,0.64,0.0,2.0,-0.008375169198025103,202,5972
BL6-B10BR_HTxC,0.64,0.0,5.0,-0.004580415328132732,202,5972
BL6-B10BR_HTxC,0.635,0.0,0.0,-0.036940398166549114,202,5972
BL6-B10BR_HTxC,0.635,0.0,1.0,-0.015787124497821967,202,5972
BL6-B10BR_HTxC,0.635,0.0,2.0,-0.008375169198025103,202,5972
BL6-B10BR_HTxC,0.635,0.0,5.0,-0.004580415328132732,202,5972
BL6-B10BR_HTxC,0.63,0.0,0.0,-0.036940398166549114,202,5972
BL6-B10BR_HTxC,0.63,0.0,1.0,-0.015787124497821967,202,5972
BL6-B10BR_HTxC,0.63,0.0,2.0,-0.008375169198025103,202,5972
BL6-B10BR_HTxC,0.63,0.0,5.0,-0.004580415328132732,202,5972
BL6-B10BR_HTxC,0.625,0.0,0.0,-0.036940398166549114,202,5972
BL6-B10BR_HTxC,0.625,0.0,1.0,-0.015787124497821967,202,5972
BL6-B10BR_HTxC,0.625,0.0,2.0,-0.008375169198025103,202,5972
BL6-B10BR_HTxC,0.625,0.0,5.0,-0.004580415328132732,202,5972
BL6-B10BR_HTxC,0.62,0.0,0.0,-0.036940398166549114,202,5972
BL6-B10BR_HTxC,0.62,0.0,1.0,-0.015787124497821967,202,5972
BL6-B10BR_HTxC,0.62,0.0,2.0,-0.008375169198025103,202,5972
BL6-B10BR_HTxC,0.62,0.0,5.0,-0.004580415328132732,202,5972
BL6-B10BR_HTxC,0.615,0.0,0.0,-0.036940398166549114,202,5972
BL6-B10BR_HTxC,0.615,0.0,1.0,-0.015787124497821967,202,5972
BL6-B10BR_HTxC,0.615,0.0,2.0,-0.008375169198025103,202,5972
BL6-B10BR_HTxC,0.615,0.0,5.0,-0.004580415328132732,202,5972
BL6-B10BR_HTxC,0.61,0.0,0.0,-0.036940398166549114,202,5972
BL6-B10BR_HTxC,0.61,0.0,1.0,-0.015787124497821967,202,5972
BL6-B10BR_HTxC,0.61,0.0,2.0,-0.008375169198025103,202,5972
BL6-B10BR_HTxC,0.61,0.0,5.0,-0.004580415328132732,202,5972
BL6-B10BR_HTxC,0.605,0.0,0.0,-0.036940398166549114,202,5972
BL6-B10BR_HTxC,0.605,0.0,1.0,-0.015787124497821967,202,5972
BL6-B10BR_HTxC,0.605,0.0,2.0,-0.008375169198025103,202,5972
BL6-B10BR_HTxC,0.605,0.0,5.0,-0.004580415328132732,202,5972
BL6-B10BR_HTxC,0.6,0.0,0.0,-0.036940398166549114,202,5972
BL6-B10BR_HTxC,0.6,0.0,1.0,-0.015787124497821967,202,5972
BL6-B10BR_HTxC,0.6,0.0,2.0,-0.008375169198025103,202,5972
BL6-B10BR_HTxC,0.6,0.0,5.0,-0.004580415328132732,202,5972
BL6-B10BR_HTxC,0.595,0.0,0.0,-0.036940398166549114,202,5972
BL6-B10BR_HTxC,0.595,0.0,1.0,-0.015787124497821967,202,5972
BL6-B10BR_HTxC,0.595,0.0,2.0,-0.008375169198025103,202,5972
BL6-B10BR_HTxC,0.595,0.0,5.0,-0.004580415328132732,202,5972
BL6-B10BR_HTxC,0.59,0.0,0.0,-0.036940398166549114,202,5972
BL6-B10BR_HTxC,0.59,0.0,1.0,-0.015787124497821967,202,5972
BL6-B10BR_HTxC,0.59,0.0,2.0,-0.008375169198025103,202,5972
BL6-B10BR_HTxC,0.59,0.0,5.0,-0.004580415328132732,202,5972
BL6-B10BR_HTxC,0.585,0.0,0.0,-0.036940398166549114,202,5972
BL6-B10BR_HTxC,0.585,0.0,1.0,-0.015787124497821967,202,5972
BL6-B10BR_HTxC,0.585,0.0,2.0,-0.008375169198025103,202,5972
BL6-B10BR_HTxC,0.585,0.0,5.0,-0.004580415328132732,202,5972
BL6-B10BR_HTxC,0.5800000000000001,0.0,0.0,-0.036940398166549114,202,5972
BL6-B10BR_HTxC,0.5800000000000001,0.0,1.0,-0.015787124497821967,202,5972
BL6-B10BR_HTxC,0.5800000000000001,0.0,2.0,-0.008375169198025103,202,5972
BL6-B10BR_HTxC,0.5800000000000001,0.0,5.0,-0.004580415328132732,202,5972
BL6-B10BR_HTxC,0.575,0.0,0.0,-0.036940398166549114,202,5972
BL6-B10BR_HTxC,0.575,0.0,1.0,-0.015787124497821967,202,5972
BL6-B10BR_HTxC,0.575,0.0,2.0,-0.008375169198025103,202,5972
BL6-B10BR_HTxC,0.575,0.0,5.0,-0.004580415328132732,202,5972
BL6-B10BR_HTxC,0.5700000000000001,0.0,0.0,-0.036940398166549114,202,5972
BL6-B10BR_HTxC,0.5700000000000001,0.0,1.0,-0.015787124497821967,202,5972
BL6-B10BR_HTxC,0.5700000000000001,0.0,2.0,-0.008375169198025103,202,5972
BL6-B10BR_HTxC,0.5700000000000001,0.0,5.0,-0.004580415328132732,202,5972
BL6-B10BR_HTxC,0.565,0.0,0.0,-0.036940398166549114,202,5972
BL6-B10BR_HTxC,0.565,0.0,1.0,-0.015787124497821967,202,5972
BL6-B10BR_HTxC,0.565,0.0,2.0,-0.008375169198025103,202,5972
BL6-B10BR_HTxC,0.565,0.0,5.0,-0.004580415328132732,202,5972
BL6-B10BR_HTxC,0.56,0.0,0.0,-0.036940398166549114,202,5972
BL6-B10BR_HTxC,0.56,0.0,1.0,-0.015787124497821967,202,5972
BL6-B10BR_HTxC,0.56,0.0,2.0,-0.008375169198025103,202,5972
BL6-B10BR_HTxC,0.56,0.0,5.0,-0.004580415328132732,202,5972
BL6-B10BR_HTxC,0.5549999999999999,0.0,0.0,-0.036940398166549114,202,5972
BL6-B10BR_HTxC,0.5549999999999999,0.0,1.0,-0.015787124497821967,202,5972
BL6-B10BR_HTxC,0.5549999999999999,0.0,2.0,-0.008375169198025103,202,5972
BL6-B10BR_HTxC,0.5549999999999999,0.0,5.0,-0.004580415328132732,202,5972
BL6-B10BR_HTxC,0.55,0.0,0.0,-0.036940398166549114,202,5972
BL6-B10BR_HTxC,0.55,0.0,1.0,-0.015787124497821967,202,5972
BL6-B10BR_HTxC,0.55,0.0,2.0,-0.008375169198025103,202,5972
BL6-B10BR_HTxC,0.55,0.0,5.0,-0.004580415328132732,202,5972
BL6-B10BR_HTxC,0.5449999999999999,0.0,0.0,-0.036940398166549114,202,5972
BL6-B10BR_HTxC,0.5449999999999999,0.0,1.0,-0.015787124497821967,202,5972
BL6-B10BR_HTxC,0.5449999999999999,0.0,2.0,-0.008375169198025103,202,5972
BL6-B10BR_HTxC,0.5449999999999999,0.0,5.0,-0.004580415328132732,202,5972
BL6-B10BR_HTxC,0.54,0.0,0.0,-0.036940398166549114,202,5972
BL6-B10BR_HTxC,0.54,0.0,1.0,-0.015787124497821967,202,5972
BL6-B10BR_HTxC,0.54,0.0,2.0,-0.008375169198025103,202,5972
BL6-B10BR_HTxC,0.54,0.0,5.0,-0.004580415328132732,202,5972
BL6-B10BR_HTxC,0.5349999999999999,0.0,0.0,-0.036940398166549114,202,5972
BL6-B10BR_HTxC,0.5349999999999999,0.0,1.0,-0.015787124497821967,202,5972
BL6-B10BR_HTxC,0.5349999999999999,0.0,2.0,-0.008375169198025103,202,5972
BL6-B10BR_HTxC,0.5349999999999999,0.0,5.0,-0.004580415328132732,202,5972
BL6-B10BR_HTxC,0.53,0.0,0.0,-0.036940398166549114,202,5972
BL6-B10BR_HTxC,0.53,0.0,1.0,-0.015787124497821967,202,5972
BL6-B10BR_HTxC,0.53,0.0,2.0,-0.008375169198025103,202,5972
BL6-B10BR_HTxC,0.53,0.0,5.0,-0.004580415328132732,202,5972
BL6-B10BR_HTxC,0.5249999999999999,0.0,0.0,-0.036940398166549114,202,5972
BL6-B10BR_HTxC,0.5249999999999999,0.0,1.0,-0.015787124497821967,202,5972
BL6-B10BR_HTxC,0.5249999999999999,0.0,2.0,-0.008375169198025103,202,5972
BL6-B10BR_HTxC,0.5249999999999999,0.0,5.0,-0.004580415328132732,202,5972
BL6-B10BR_HTxC,0.52,0.0,0.0,-0.036940398166549114,202,5972
BL6-B10BR_HTxC,0.52,0.0,1.0,-0.015787124497821967,202,5972
BL6-B10BR_HTxC,0.52,0.0,2.0,-0.008375169198025103,202,5972
BL6-B10BR_HTxC,0.52,0.0,5.0,-0.004580415328132732,202,5972
BL6-B10BR_HTxC,0.515,0.0,0.0,-0.036940398166549114,202,5972
BL6-B10BR_HTxC,0.515,0.0,1.0,-0.015787124497821967,202,5972
BL6-B10BR_HTxC,0.515,0.0,2.0,-0.008375169198025103,202,5972
BL6-B10BR_HTxC,0.515,0.0,5.0,-0.004580415328132732,202,5972
BL6-B10BR_HTxC,0.51,0.0,0.0,-0.036940398166549114,202,5972
BL6-B10BR_HTxC,0.51,0.0,1.0,-0.015787124497821967,202,5972
BL6-B10BR_HTxC,0.51,0.0,2.0,-0.008375169198025103,202,5972
BL6-B10BR_HTxC,0.51,0.0,5.0,-0.004580415328132732,202,5972
BL6-B10BR_HTxC,0.505,0.0,0.0,-0.036940398166549114,202,5972
BL6-B10BR_HTxC,0.505,0.0,1.0,-0.015787124497821967,202,5972
BL6-B10BR_HTxC,0.505,0.0,2.0,-0.008375169198025103,202,5972
BL6-B10BR_HTxC,0.505,0.0,5.0,-0.004580415328132732,202,5972
BL6-B10BR_HTxC,0.5,0.0,0.0,-0.036940398166549114,202,5972
BL6-B10BR_HTxC,0.5,0.0,1.0,-0.015787124497821967,202,5972
BL6-B10BR_HTxC,0.5,0.0,2.0,-0.008375169198025103,202,5972
BL6-B10BR_HTxC,0.5,0.0,5.0,-0.004580415328132732,202,5972
BL6-B10BR_HTxC,0.495,0.0,0.0,-0.036940398166549114,202,5972
BL6-B10BR_HTxC,0.495,0.0,1.0,-0.015787124497821967,202,5972
BL6-B10BR_HTxC,0.495,0.0,2.0,-0.008375169198025103,202,5972
BL6-B10BR_HTxC,0.495,0.0,5.0,-0.004580415328132732,202,5972
BL6-B10BR_HTxC,0.49,0.0,0.0,-0.036940398166549114,202,5972
BL6-B10BR_HTxC,0.49,0.0,1.0,-0.015787124497821967,202,5972
BL6-B10BR_HTxC,0.49,0.0,2.0,-0.008375169198025103,202,5972
BL6-B10BR_HTxC,0.49,0.0,5.0,-0.004580415328132732,202,5972
BL6-B10BR_HTxC,0.485,0.0,0.0,-0.036940398166549114,202,5972
BL6-B10BR_HTxC,0.485,0.0,1.0,-0.015787124497821967,202,5972
BL6-B10BR_HTxC,0.485,0.0,2.0,-0.008375169198025103,202,5972
BL6-B10BR_HTxC,0.485,0.0,5.0,-0.004580415328132732,202,5972
BL6-B10BR_HTxC,0.48,0.0,0.0,-0.036940398166549114,202,5972
BL6-B10BR_HTxC,0.48,0.0,1.0,-0.015787124497821967,202,5972
BL6-B10BR_HTxC,0.48,0.0,2.0,-0.008375169198025103,202,5972
BL6-B10BR_HTxC,0.48,0.0,5.0,-0.004580415328132732,202,5972
BL6-B10BR_HTxC,0.475,0.0,0.0,-0.036940398166549114,202,5972
BL6-B10BR_HTxC,0.475,0.0,1.0,-0.015787124497821967,202,5972
BL6-B10BR_HTxC,0.475,0.0,2.0,-0.008375169198025103,202,5972
BL6-B10BR_HTxC,0.475,0.0,5.0,-0.004580415328132732,202,5972
BL6-B10BR_HTxC,0.47,0.0,0.0,-0.036940398166549114,202,5972
BL6-B10BR_HTxC,0.47,0.0,1.0,-0.015787124497821967,202,5972
BL6-B10BR_HTxC,0.47,0.0,2.0,-0.008375169198025103,202,5972
BL6-B10BR_HTxC,0.47,0.0,5.0,-0.004580415328132732,202,5972
BL6-B10BR_HTxC,0.46499999999999997,0.0,0.0,-0.036940398166549114,202,5972
BL6-B10BR_HTxC,0.46499999999999997,0.0,1.0,-0.015787124497821967,202,5972
BL6-B10BR_HTxC,0.46499999999999997,0.0,2.0,-0.008375169198025103,202,5972
BL6-B10BR_HTxC,0.46499999999999997,0.0,5.0,-0.004580415328132732,202,5972
BL6-B10BR_HTxC,0.45999999999999996,0.0,0.0,-0.036940398166549114,202,5972
BL6-B10BR_HTxC,0.45999999999999996,0.0,1.0,-0.015787124497821967,202,5972
BL6-B10BR_HTxC,0.45999999999999996,0.0,2.0,-0.008375169198025103,202,5972
BL6-B10BR_HTxC,0.45999999999999996,0.0,5.0,-0.004580415328132732,202,5972
BL6-B10BR_HTxC,0.45499999999999996,0.0,0.0,-0.036940398166549114,202,5972
BL6-B10BR_HTxC,0.45499999999999996,0.0,1.0,-0.015787124497821967,202,5972
BL6-B10BR_HTxC,0.45499999999999996,0.0,2.0,-0.008375169198025103,202,5972
BL6-B10BR_HTxC,0.45499999999999996,0.0,5.0,-0.004580415328132732,202,5972
BL6-B10BR_HTxC,0.44999999999999996,0.0,0.0,-0.036940398166549114,202,5972
BL6-B10BR_HTxC,0.44999999999999996,0.0,1.0,-0.015787124497821967,202,5972
BL6-B10BR_HTxC,0.44999999999999996,0.0,2.0,-0.008375169198025103,202,5972
BL6-B10BR_HTxC,0.44999999999999996,0.0,5.0,-0.004580415328132732,202,5972
BL6-B10BR_HTxC,0.44499999999999995,0.0,0.0,-0.036940398166549114,202,5972
BL6-B10BR_HTxC,0.44499999999999995,0.0,1.0,-0.015787124497821967,202,5972
BL6-B10BR_HTxC,0.44499999999999995,0.0,2.0,-0.008375169198025103,202,5972
BL6-B10BR_HTxC,0.44499999999999995,0.0,5.0,-0.004580415328132732,202,5972
BL6-B10BR_HTxC,0.43999999999999995,0.0,0.0,-0.036940398166549114,202,5972
BL6-B10BR_HTxC,0.43999999999999995,0.0,1.0,-0.015787124497821967,202,5972
BL6-B10BR_HTxC,0.43999999999999995,0.0,2.0,-0.008375169198025103,202,5972
BL6-B10BR_HTxC,0.43999999999999995,0.0,5.0,-0.004580415328132732,202,5972
BL6-B10BR_HTxC,0.43499999999999994,0.0,0.0,-0.036940398166549114,202,5972
BL6-B10BR_HTxC,0.43499999999999994,0.0,1.0,-0.015787124497821967,202,5972
BL6-B10BR_HTxC,0.43499999999999994,0.0,2.0,-0.008375169198025103,202,5972
BL6-B10BR_HTxC,0.43499999999999994,0.0,5.0,-0.004580415328132732,202,5972
BL6-B10BR_HTxC,0.42999999999999994,0.0,0.0,-0.036940398166549114,202,5972
BL6-B10BR_HTxC,0.42999999999999994,0.0,1.0,-0.015787124497821967,202,5972
BL6-B10BR_HTxC,0.42999999999999994,0.0,2.0,-0.008375169198025103,202,5972
BL6-B10BR_HTxC,0.42999999999999994,0.0,5.0,-0.004580415328132732,202,5972
BL6-B10BR_HTxC,0.42499999999999993,0.0,0.0,-0.036940398166549114,202,5972
BL6-B10BR_HTxC,0.42499999999999993,0.0,1.0,-0.015787124497821967,202,5972
BL6-B10BR_HTxC,0.42499999999999993,0.0,2.0,-0.008375169198025103,202,5972
BL6-B10BR_HTxC,0.42499999999999993,0.0,5.0,-0.004580415328132732,202,5972
BL6-B10BR_HTxC,0.42000000000000004,0.0,0.0,-0.036940398166549114,202,5972
BL6-B10BR_HTxC,0.42000000000000004,0.0,1.0,-0.015787124497821967,202,5972
BL6-B10BR_HTxC,0.42000000000000004,0.0,2.0,-0.008375169198025103,202,5972
BL6-B10BR_HTxC,0.42000000000000004,0.0,5.0,-0.004580415328132732,202,5972
BL6-B10BR_HTxC,0.41500000000000004,0.0,0.0,-0.036940398166549114,202,5972
BL6-B10BR_HTxC,0.41500000000000004,0.0,1.0,-0.015787124497821967,202,5972
BL6-B10BR_HTxC,0.41500000000000004,0.0,2.0,-0.008375169198025103,202,5972
BL6-B10BR_HTxC,0.41500000000000004,0.0,5.0,-0.004580415328132732,202,5972
BL6-B10BR_HTxC,0.41000000000000003,0.0,0.0,-0.036940398166549114,202,5972
BL6-B10BR_HTxC,0.41000000000000003,0.0,1.0,-0.015787124497821967,202,5972
BL6-B10BR_HTxC,0.41000000000000003,0.0,2.0,-0.008375169198025103,202,5972
BL6-B10BR_HTxC,0.41000000000000003,0.0,5.0,-0.004580415328132732,202,5972
BL6-B10BR_HTxC,0.405,0.0,0.0,-0.036940398166549114,202,5972
BL6-B10BR_HTxC,0.405,0.0,1.0,-0.015787124497821967,202,5972
BL6-B10BR_HTxC,0.405,0.0,2.0,-0.008375169198025103,202,5972
BL6-B10BR_HTxC,0.405,0.0,5.0,-0.004580415328132732,202,5972
BL6-B10BR_HTxC,0.4,0.0,0.0,-0.036940398166549114,202,5972
BL6-B10BR_HTxC,0.4,0.0,1.0,-0.015787124497821967,202,5972
BL6-B10BR_HTxC,0.4,0.0,2.0,-0.008375169198025103,202,5972
BL6-B10BR_HTxC,0.4,0.0,5.0,-0.004580415328132732,202,5972
BL6-B10BR_HTxC,0.395,0.0,0.0,-0.036940398166549114,202,5972
BL6-B10BR_HTxC,0.395,0.0,1.0,-0.015787124497821967,202,5972
BL6-B10BR_HTxC,0.395,0.0,2.0,-0.008375169198025103,202,5972
BL6-B10BR_HTxC,0.395,0.0,5.0,-0.004580415328132732,202,5972
BL6-B10BR_HTxC,0.39,0.0,0.0,-0.036940398166549114,202,5972
BL6-B10BR_HTxC,0.39,0.0,1.0,-0.015787124497821967,202,5972
BL6-B10BR_HTxC,0.39,0.0,2.0,-0.008375169198025103,202,5972
BL6-B10BR_HTxC,0.39,0.0,5.0,-0.004580415328132732,202,5972
BL6-B10BR_HTxC,0.385,0.0,0.0,-0.036940398166549114,202,5972
BL6-B10BR_HTxC,0.385,0.0,1.0,-0.015787124497821967,202,5972
BL6-B10BR_HTxC,0.385,0.0,2.0,-0.008375169198025103,202,5972
BL6-B10BR_HTxC,0.385,0.0,5.0,-0.004580415328132732,202,5972
BL6-B10BR_HTxC,0.38,0.0,0.0,-0.036940398166549114,202,5972
BL6-B10BR_HTxC,0.38,0.0,1.0,-0.015787124497821967,202,5972
BL6-B10BR_HTxC,0.38,0.0,2.0,-0.008375169198025103,202,5972
BL6-B10BR_HTxC,0.38,0.0,5.0,-0.004580415328132732,202,5972
BL6-B10BR_HTxC,0.375,0.0,0.0,-0.036940398166549114,202,5972
BL6-B10BR_HTxC,0.375,0.0,1.0,-0.015787124497821967,202,5972
BL6-B10BR_HTxC,0.375,0.0,2.0,-0.008375169198025103,202,5972
BL6-B10BR_HTxC,0.375,0.0,5.0,-0.004580415328132732,202,5972
BL6-B10BR_HTxC,0.37,0.0,0.0,-0.036940398166549114,202,5972
BL6-B10BR_HTxC,0.37,0.0,1.0,-0.015787124497821967,202,5972
BL6-B10BR_HTxC,0.37,0.0,2.0,-0.008375169198025103,202,5972
BL6-B10BR_HTxC,0.37,0.0,5.0,-0.004580415328132732,202,5972
BL6-B10BR_HTxC,0.365,0.0,0.0,-0.036940398166549114,202,5972
BL6-B10BR_HTxC,0.365,0.0,1.0,-0.015787124497821967,202,5972
BL6-B10BR_HTxC,0.365,0.0,2.0,-0.008375169198025103,202,5972
BL6-B10BR_HTxC,0.365,0.0,5.0,-0.004580415328132732,202,5972
BL6-B10BR_HTxC,0.36,0.0,0.0,-0.036940398166549114,202,5972
BL6-B10BR_HTxC,0.36,0.0,1.0,-0.015787124497821967,202,5972
BL6-B10BR_HTxC,0.36,0.0,2.0,-0.008375169198025103,202,5972
BL6-B10BR_HTxC,0.36,0.0,5.0,-0.004580415328132732,202,5972
BL6-B10BR_HTxC,0.355,0.0,0.0,-0.036940398166549114,202,5972
BL6-B10BR_HTxC,0.355,0.0,1.0,-0.015787124497821967,202,5972
BL6-B10BR_HTxC,0.355,0.0,2.0,-0.008375169198025103,202,5972
BL6-B10BR_HTxC,0.355,0.0,5.0,-0.004580415328132732,202,5972
BL6-B10BR_HTxC,0.35,0.0,0.0,-0.036940398166549114,202,5972
BL6-B10BR_HTxC,0.35,0.0,1.0,-0.015787124497821967,202,5972
BL6-B10BR_HTxC,0.35,0.0,2.0,-0.008375169198025103,202,5972
BL6-B10BR_HTxC,0.35,0.0,5.0,-0.004580415328132732,202,5972
BL6-B10BR_HTxC,0.345,0.0,0.0,-0.036940398166549114,202,5972
BL6-B10BR_HTxC,0.345,0.0,1.0,-0.015787124497821967,202,5972
BL6-B10BR_HTxC,0.345,0.0,2.0,-0.008375169198025103,202,5972
BL6-B10BR_HTxC,0.345,0.0,5.0,-0.004580415328132732,202,5972
BL6-B10BR_HTxC,0.33999999999999997,0.0,0.0,-0.036940398166549114,202,5972
BL6-B10BR_HTxC,0.33999999999999997,0.0,1.0,-0.015787124497821967,202,5972
BL6-B10BR_HTxC,0.33999999999999997,0.0,2.0,-0.008375169198025103,202,5972
BL6-B10BR_HTxC,0.33999999999999997,0.0,5.0,-0.004580415328132732,202,5972
BL6-B10BR_HTxC,0.33499999999999996,0.0,0.0,-0.036940398166549114,202,5972
BL6-B10BR_HTxC,0.33499999999999996,0.0,1.0,-0.015787124497821967,202,5972
BL6-B10BR_HTxC,0.33499999999999996,0.0,2.0,-0.008375169198025103,202,5972
BL6-B10BR_HTxC,0.33499999999999996,0.0,5.0,-0.004580415328132732,202,5972
BL6-B10BR_HTxC,0.32999999999999996,0.0,0.0,-0.036940398166549114,202,5972
BL6-B10BR_HTxC,0.32999999999999996,0.0,1.0,-0.015787124497821967,202,5972
BL6-B10BR_HTxC,0.32999999999999996,0.0,2.0,-0.008375169198025103,202,5972
BL6-B10BR_HTxC,0.32999999999999996,0.0,5.0,-0.004580415328132732,202,5972
BL6-B10BR_HTxC,0.32499999999999996,0.0,0.0,-0.036940398166549114,202,5972
BL6-B10BR_HTxC,0.32499999999999996,0.0,1.0,-0.015787124497821967,202,5972
BL6-B10BR_HTxC,0.32499999999999996,0.0,2.0,-0.008375169198025103,202,5972
BL6-B10BR_HTxC,0.32499999999999996,0.0,5.0,-0.004580415328132732,202,5972
BL6-B10BR_HTxC,0.31999999999999995,0.0,0.0,-0.036940398166549114,202,5972
BL6-B10BR_HTxC,0.31999999999999995,0.0,1.0,-0.015787124497821967,202,5972
BL6-B10BR_HTxC,0.31999999999999995,0.0,2.0,-0.008375169198025103,202,5972
BL6-B10BR_HTxC,0.31999999999999995,0.0,5.0,-0.004580415328132732,202,5972
BL6-B10BR_HTxC,0.31499999999999995,0.0,0.0,-0.036940398166549114,202,5972
BL6-B10BR_HTxC,0.31499999999999995,0.0,1.0,-0.015787124497821967,202,5972
BL6-B10BR_HTxC,0.31499999999999995,0.0,2.0,-0.008375169198025103,202,5972
BL6-B10BR_HTxC,0.31499999999999995,0.0,5.0,-0.004580415328132732,202,5972
BL6-B10BR_HTxC,0.30999999999999994,0.0,0.0,-0.036940398166549114,202,5972
BL6-B10BR_HTxC,0.30999999999999994,0.0,1.0,-0.015787124497821967,202,5972
BL6-B10BR_HTxC,0.30999999999999994,0.0,2.0,-0.008375169198025103,202,5972
BL6-B10BR_HTxC,0.30999999999999994,0.0,5.0,-0.004580415328132732,202,5972
BL6-B10BR_HTxC,0.30499999999999994,0.0,0.0,-0.036940398166549114,202,5972
BL6-B10BR_HTxC,0.30499999999999994,0.0,1.0,-0.015787124497821967,202,5972
BL6-B10BR_HTxC,0.30499999999999994,0.0,2.0,-0.008375169198025103,202,5972
BL6-B10BR_HTxC,0.30499999999999994,0.0,5.0,-0.004580415328132732,202,5972
BL6-B10BR_HTxC,0.29999999999999993,0.0,0.0,-0.036940398166549114,202,5972
BL6-B10BR_HTxC,0.29999999999999993,0.0,1.0,-0.015787124497821967,202,5972
BL6-B10BR_HTxC,0.29999999999999993,0.0,2.0,-0.008375169198025103,202,5972
BL6-B10BR_HTxC,0.29999999999999993,0.0,5.0,-0.004580415328132732,202,5972
BL6-B10BR_HTxC,0.29500000000000004,0.0,0.0,-0.036940398166549114,202,5972
BL6-B10BR_HTxC,0.29500000000000004,0.0,1.0,-0.015787124497821967,202,5972
BL6-B10BR_HTxC,0.29500000000000004,0.0,2.0,-0.008375169198025103,202,5972
BL6-B10BR_HTxC,0.29500000000000004,0.0,5.0,-0.004580415328132732,202,5972
BL6-B10BR_HTxC,0.29000000000000004,0.0,0.0,-0.036940398166549114,202,5972
BL6-B10BR_HTxC,0.29000000000000004,0.0,1.0,-0.015787124497821967,202,5972
BL6-B10BR_HTxC,0.29000000000000004,0.0,2.0,-0.008375169198025103,202,5972
BL6-B10BR_HTxC,0.29000000000000004,0.0,5.0,-0.004580415328132732,202,5972
BL6-B10BR_HTxC,0.28500000000000003,0.0,0.0,-0.036940398166549114,202,5972
BL6-B10BR_HTxC,0.28500000000000003,0.0,1.0,-0.015787124497821967,202,5972
BL6-B10BR_HTxC,0.28500000000000003,0.0,2.0,-0.008375169198025103,202,5972
BL6-B10BR_HTxC,0.28500000000000003,0.0,5.0,-0.004580415328132732,202,5972
BL6-B10BR_HTxC,0.28,0.0,0.0,-0.036940398166549114,202,5972
BL6-B10BR_HTxC,0.28,0.0,1.0,-0.015787124497821967,202,5972
BL6-B10BR_HTxC,0.28,0.0,2.0,-0.008375169198025103,202,5972
BL6-B10BR_HTxC,0.28,0.0,5.0,-0.004580415328132732,202,5972
BL6-B10BR_HTxC,0.275,0.0,0.0,-0.036940398166549114,202,5972
BL6-B10BR_HTxC,0.275,0.0,1.0,-0.015787124497821967,202,5972
BL6-B10BR_HTxC,0.275,0.0,2.0,-0.008375169198025103,202,5972
BL6-B10BR_HTxC,0.275,0.0,5.0,-0.004580415328132732,202,5972
BL6-B10BR_HTxC,0.27,0.0,0.0,-0.036940398166549114,202,5972
BL6-B10BR_HTxC,0.27,0.0,1.0,-0.015787124497821967,202,5972
BL6-B10BR_HTxC,0.27,0.0,2.0,-0.008375169198025103,202,5972
BL6-B10BR_HTxC,0.27,0.0,5.0,-0.004580415328132732,202,5972
BL6-B10BR_HTxC,0.265,0.0,0.0,-0.036940398166549114,202,5972
BL6-B10BR_HTxC,0.265,0.0,1.0,-0.015787124497821967,202,5972
BL6-B10BR_HTxC,0.265,0.0,2.0,-0.008375169198025103,202,5972
BL6-B10BR_HTxC,0.265,0.0,5.0,-0.004580415328132732,202,5972
BL6-B10BR_HTxC,0.26,0.0,0.0,-0.036940398166549114,202,5972
BL6-B10BR_HTxC,0.26,0.0,1.0,-0.015787124497821967,202,5972
BL6-B10BR_HTxC,0.26,0.0,2.0,-0.008375169198025103,202,5972
BL6-B10BR_HTxC,0.26,0.0,5.0,-0.004580415328132732,202,5972
BL6-B10BR_HTxC,0.255,0.0,0.0,-0.036940398166549114,202,5972
BL6-B10BR_HTxC,0.255,0.0,1.0,-0.015787124497821967,202,5972
BL6-B10BR_HTxC,0.255,0.0,2.0,-0.008375169198025103,202,5972
BL6-B10BR_HTxC,0.255,0.0,5.0,-0.004580415328132732,202,5972
BL6-B10BR_HTxC,0.25,0.0,0.0,-0.036940398166549114,202,5972
BL6-B10BR_HTxC,0.25,0.0,1.0,-0.015787124497821967,202,5972
BL6-B10BR_HTxC,0.25,0.0,2.0,-0.008375169198025103,202,5972
BL6-B10BR_HTxC,0.25,0.0,5.0,-0.004580415328132732,202,5972
BL6-B10BR_HTxC,0.245,0.0,0.0,-0.036940398166549114,202,5972
BL6-B10BR_HTxC,0.245,0.0,1.0,-0.015787124497821967,202,5972
BL6-B10BR_HTxC,0.245,0.0,2.0,-0.008375169198025103,202,5972
BL6-B10BR_HTxC,0.245,0.0,5.0,-0.004580415328132732,202,5972
BL6-B10BR_HTxC,0.24,0.0,0.0,-0.036940398166549114,202,5972
BL6-B10BR_HTxC,0.24,0.0,1.0,-0.015787124497821967,202,5972
BL6-B10BR_HTxC,0.24,0.0,2.0,-0.008375169198025103,202,5972
BL6-B10BR_HTxC,0.24,0.0,5.0,-0.004580415328132732,202,5972
BL6-B10BR_HTxC,0.235,0.0,0.0,-0.036940398166549114,202,5972
BL6-B10BR_HTxC,0.235,0.0,1.0,-0.015787124497821967,202,5972
BL6-B10BR_HTxC,0.235,0.0,2.0,-0.008375169198025103,202,5972
BL6-B10BR_HTxC,0.235,0.0,5.0,-0.004580415328132732,202,5972
BL6-B10BR_HTxC,0.22999999999999998,0.0,0.0,-0.036940398166549114,202,5972
BL6-B10BR_HTxC,0.22999999999999998,0.0,1.0,-0.015787124497821967,202,5972
BL6-B10BR_HTxC,0.22999999999999998,0.0,2.0,-0.008375169198025103,202,5972
BL6-B10BR_HTxC,0.22999999999999998,0.0,5.0,-0.004580415328132732,202,5972
BL6-B10BR_HTxC,0.22499999999999998,0.0,0.0,-0.036940398166549114,202,5972
BL6-B10BR_HTxC,0.22499999999999998,0.0,1.0,-0.015787124497821967,202,5972
BL6-B10BR_HTxC,0.22499999999999998,0.0,2.0,-0.008375169198025103,202,5972
BL6-B10BR_HTxC,0.22499999999999998,0.0,5.0,-0.004580415328132732,202,5972
BL6-B10BR_HTxC,0.21999999999999997,0.0,0.0,-0.036940398166549114,202,5972
BL6-B10BR_HTxC,0.21999999999999997,0.0,1.0,-0.015787124497821967,202,5972
BL6-B10BR_HTxC,0.21999999999999997,0.0,2.0,-0.008375169198025103,202,5972
BL6-B10BR_HTxC,0.21999999999999997,0.0,5.0,-0.004580415328132732,202,5972
BL6-B10BR_HTxC,0.21499999999999997,0.0,0.0,-0.036940398166549114,202,5972
BL6-B10BR_HTxC,0.21499999999999997,0.0,1.0,-0.015787124497821967,202,5972
BL6-B10BR_HTxC,0.21499999999999997,0.0,2.0,-0.008375169198025103,202,5972
BL6-B10BR_HTxC,0.21499999999999997,0.0,5.0,-0.004580415328132732,202,5972
BL6-B10BR_HTxC,0.20999999999999996,0.0,0.0,-0.036940398166549114,202,5972
BL6-B10BR_HTxC,0.20999999999999996,0.0,1.0,-0.015787124497821967,202,5972
BL6-B10BR_HTxC,0.20999999999999996,0.0,2.0,-0.008375169198025103,202,5972
BL6-B10BR_HTxC,0.20999999999999996,0.0,5.0,-0.004580415328132732,202,5972
BL6-B10BR_HTxC,0.20499999999999996,0.0,0.0,-0.036940398166549114,202,5972
BL6-B10BR_HTxC,0.20499999999999996,0.0,1.0,-0.015787124497821967,202,5972
BL6-B10BR_HTxC,0.20499999999999996,0.0,2.0,-0.008375169198025103,202,5972
BL6-B10BR_HTxC,0.20499999999999996,0.0,5.0,-0.004580415328132732,202,5972
BL6-B10BR_HTxC,0.19999999999999996,0.0,0.0,-0.036940398166549114,202,5972
BL6-B10BR_HTxC,0.19999999999999996,0.0,1.0,-0.015787124497821967,202,5972
BL6-B10BR_HTxC,0.19999999999999996,0.0,2.0,-0.008375169198025103,202,5972
BL6-B10BR_HTxC,0.19999999999999996,0.0,5.0,-0.004580415328132732,202,5972
BL6-B10BR_HTxC,0.19499999999999995,0.0,0.0,-0.036940398166549114,202,5972
BL6-B10BR_HTxC,0.19499999999999995,0.0,1.0,-0.015787124497821967,202,5972
BL6-B10BR_HTxC,0.19499999999999995,0.0,2.0,-0.008375169198025103,202,5972
BL6-B10BR_HTxC,0.19499999999999995,0.0,5.0,-0.004580415328132732,202,5972
BL6-B10BR_HTxC,0.18999999999999995,0.0,0.0,-0.036940398166549114,202,5972
BL6-B10BR_HTxC,0.18999999999999995,0.0,1.0,-0.015787124497821967,202,5972
BL6-B10BR_HTxC,0.18999999999999995,0.0,2.0,-0.008375169198025103,202,5972
BL6-B10BR_HTxC,0.18999999999999995,0.0,5.0,-0.004580415328132732,202,5972
BL6-B10BR_HTxC,0.18499999999999994,0.0,0.0,-0.036940398166549114,202,5972
BL6-B10BR_HTxC,0.18499999999999994,0.0,1.0,-0.015787124497821967,202,5972
BL6-B10BR_HTxC,0.18499999999999994,0.0,2.0,-0.008375169198025103,202,5972
BL6-B10BR_HTxC,0.18499999999999994,0.0,5.0,-0.004580415328132732,202,5972
BL6-B10BR_HTxC,0.17999999999999994,0.0,0.0,-0.036940398166549114,202,5972
BL6-B10BR_HTxC,0.17999999999999994,0.0,1.0,-0.015787124497821967,202,5972
BL6-B10BR_HTxC,0.17999999999999994,0.0,2.0,-0.008375169198025103,202,5972
BL6-B10BR_HTxC,0.17999999999999994,0.0,5.0,-0.004580415328132732,202,5972
BL6-B10BR_HTxC,0.17499999999999993,0.0,0.0,-0.036940398166549114,202,5972
BL6-B10BR_HTxC,0.17499999999999993,0.0,1.0,-0.015787124497821967,202,5972
BL6-B10BR_HTxC,0.17499999999999993,0.0,2.0,-0.008375169198025103,202,5972
BL6-B10BR_HTxC,0.17499999999999993,0.0,5.0,-0.004580415328132732,202,5972
BL6-B10BR_HTxC,0.16999999999999993,0.0,0.0,-0.036940398166549114,202,5972
BL6-B10BR_HTxC,0.16999999999999993,0.0,1.0,-0.015787124497821967,202,5972
BL6-B10BR_HTxC,0.16999999999999993,0.0,2.0,-0.008375169198025103,202,5972
BL6-B10BR_HTxC,0.16999999999999993,0.0,5.0,-0.004580415328132732,202,5972
BL6-B10BR_HTxC,0.16500000000000004,0.0,0.0,-0.036940398166549114,202,5972
BL6-B10BR_HTxC,0.16500000000000004,0.0,1.0,-0.015787124497821967,202,5972
BL6-B10BR_HTxC,0.16500000000000004,0.0,2.0,-0.008375169198025103,202,5972
BL6-B10BR_HTxC,0.16500000000000004,0.0,5.0,-0.004580415328132732,202,5972
BL6-B10BR_HTxC,0.16000000000000003,0.0,0.0,-0.036940398166549114,202,5972
BL6-B10BR_HTxC,0.16000000000000003,0.0,1.0,-0.015787124497821967,202,5972
BL6-B10BR_HTxC,0.16000000000000003,0.0,2.0,-0.008375169198025103,202,5972
BL6-B10BR_HTxC,0.16000000000000003,0.0,5.0,-0.004580415328132732,202,5972
BL6-B10BR_HTxC,0.15500000000000003,0.0,0.0,-0.036940398166549114,202,5972
BL6-B10BR_HTxC,0.15500000000000003,0.0,1.0,-0.015787124497821967,202,5972
BL6-B10BR_HTxC,0.15500000000000003,0.0,2.0,-0.008375169198025103,202,5972
BL6-B10BR_HTxC,0.15500000000000003,0.0,5.0,-0.004580415328132732,202,5972
BL6-B10BR_HTxC,0.15000000000000002,0.0,0.0,-0.036940398166549114,202,5972
BL6-B10BR_HTxC,0.15000000000000002,0.0,1.0,-0.015787124497821967,202,5972
BL6-B10BR_HTxC,0.15000000000000002,0.0,2.0,-0.008375169198025103,202,5972
BL6-B10BR_HTxC,0.15000000000000002,0.0,5.0,-0.004580415328132732,202,5972
BL6-B10BR_HTxC,0.14500000000000002,0.0,0.0,-0.036940398166549114,202,5972
BL6-B10BR_HTxC,0.14500000000000002,0.0,1.0,-0.015787124497821967,202,5972
BL6-B10BR_HTxC,0.14500000000000002,0.0,2.0,-0.008375169198025103,202,5972
BL6-B10BR_HTxC,0.14500000000000002,0.0,5.0,-0.004580415328132732,202,5972
BL6-B10BR_HTxC,0.14,0.0,0.0,-0.036940398166549114,202,5972
BL6-B10BR_HTxC,0.14,0.0,1.0,-0.015787124497821967,202,5972
BL6-B10BR_HTxC,0.14,0.0,2.0,-0.008375169198025103,202,5972
BL6-B10BR_HTxC,0.14,0.0,5.0,-0.004580415328132732,202,5972
BL6-B10BR_HTxC,0.135,0.0,0.0,-0.036940398166549114,202,5972
BL6-B10BR_HTxC,0.135,0.0,1.0,-0.015787124497821967,202,5972
BL6-B10BR_HTxC,0.135,0.0,2.0,-0.008375169198025103,202,5972
BL6-B10BR_HTxC,0.135,0.0,5.0,-0.004580415328132732,202,5972
BL6-B10BR_HTxC,0.13,0.0,0.0,-0.036940398166549114,202,5972
BL6-B10BR_HTxC,0.13,0.0,1.0,-0.015787124497821967,202,5972
BL6-B10BR_HTxC,0.13,0.0,2.0,-0.008375169198025103,202,5972
BL6-B10BR_HTxC,0.13,0.0,5.0,-0.004580415328132732,202,5972
BL6-B10BR_HTxC,0.125,0.0,0.0,-0.036940398166549114,202,5972
BL6-B10BR_HTxC,0.125,0.0,1.0,-0.015787124497821967,202,5972
BL6-B10BR_HTxC,0.125,0.0,2.0,-0.008375169198025103,202,5972
BL6-B10BR_HTxC,0.125,0.0,5.0,-0.004580415328132732,202,5972
BL6-B10BR_HTxC,0.12,0.0,0.0,-0.036940398166549114,202,5972
BL6-B10BR_HTxC,0.12,0.0,1.0,-0.015787124497821967,202,5972
BL6-B10BR_HTxC,0.12,0.0,2.0,-0.008375169198025103,202,5972
BL6-B10BR_HTxC,0.12,0.0,5.0,-0.004580415328132732,202,5972
BL6-B10BR_HTxC,0.11499999999999999,0.0,0.0,-0.036940398166549114,202,5972
BL6-B10BR_HTxC,0.11499999999999999,0.0,1.0,-0.015787124497821967,202,5972
BL6-B10BR_HTxC,0.11499999999999999,0.0,2.0,-0.008375169198025103,202,5972
BL6-B10BR_HTxC,0.11499999999999999,0.0,5.0,-0.004580415328132732,202,5972
BL6-B10BR_HTxC,0.10999999999999999,0.0,0.0,-0.036940398166549114,202,5972
BL6-B10BR_HTxC,0.10999999999999999,0.0,1.0,-0.015787124497821967,202,5972
BL6-B10BR_HTxC,0.10999999999999999,0.0,2.0,-0.008375169198025103,202,5972
BL6-B10BR_HTxC,0.10999999999999999,0.0,5.0,-0.004580415328132732,202,5972
BL6-B10BR_HTxC,0.10499999999999998,0.0,0.0,-0.036940398166549114,202,5972
BL6-B10BR_HTxC,0.10499999999999998,0.0,1.0,-0.015787124497821967,202,5972
BL6-B10BR_HTxC,0.10499999999999998,0.0,2.0,-0.008375169198025103,202,5972
BL6-B10BR_HTxC,0.10499999999999998,0.0,5.0,-0.004580415328132732,202,5972
BL6-B10BR_HTxC,0.09999999999999998,0.0,0.0,-0.036940398166549114,202,5972
BL6-B10BR_HTxC,0.09999999999999998,0.0,1.0,-0.015787124497821967,202,5972
BL6-B10BR_HTxC,0.09999999999999998,0.0,2.0,-0.008375169198025103,202,5972
BL6-B10BR_HTxC,0.09999999999999998,0.0,5.0,-0.004580415328132732,202,5972
BL6-B10BR_HTxC,0.09499999999999997,0.0,0.0,-0.036940398166549114,202,5972
BL6-B10BR_HTxC,0.09499999999999997,0.0,1.0,-0.015787124497821967,202,5972
BL6-B10BR_HTxC,0.09499999999999997,0.0,2.0,-0.008375169198025103,202,5972
BL6-B10BR_HTxC,0.09499999999999997,0.0,5.0,-0.004580415328132732,202,5972
BL6-B10BR_HTxC,0.08999999999999997,0.0,0.0,-0.036940398166549114,202,5972
BL6-B10BR_HTxC,0.08999999999999997,0.0,1.0,-0.015787124497821967,202,5972
BL6-B10BR_HTxC,0.08999999999999997,0.0,2.0,-0.008375169198025103,202,5972
BL6-B10BR_HTxC,0.08999999999999997,0.0,5.0,-0.004580415328132732,202,5972
BL6-B10BR_HTxC,0.08499999999999996,0.0,0.0,-0.036940398166549114,202,5972
BL6-B10BR_HTxC,0.08499999999999996,0.0,1.0,-0.015787124497821967,202,5972
BL6-B10BR_HTxC,0.08499999999999996,0.0,2.0,-0.008375169198025103,202,5972
BL6-B10BR_HTxC,0.08499999999999996,0.0,5.0,-0.004580415328132732,202,5972
BL6-B10BR_HTxC,0.07999999999999996,0.0,0.0,-0.036940398166549114,202,5972
BL6-B10BR_HTxC,0.07999999999999996,0.0,1.0,-0.015787124497821967,202,5972
BL6-B10BR_HTxC,0.07999999999999996,0.0,2.0,-0.008375169198025103,202,5972
BL6-B10BR_HTxC,0.07999999999999996,0.0,5.0,-0.004580415328132732,202,5972
BL6-B10BR_HTxC,0.07499999999999996,0.0,0.0,-0.036940398166549114,202,5972
BL6-B10BR_HTxC,0.07499999999999996,0.0,1.0,-0.015787124497821967,202,5972
BL6-B10BR_HTxC,0.07499999999999996,0.0,2.0,-0.008375169198025103,202,5972
BL6-B10BR_HTxC,0.07499999999999996,0.0,5.0,-0.004580415328132732,202,5972
BL6-B10BR_HTxC,0.06999999999999995,0.0,0.0,-0.036940398166549114,202,5972
BL6-B10BR_HTxC,0.06999999999999995,0.0,1.0,-0.015787124497821967,202,5972
BL6-B10BR_HTxC,0.06999999999999995,0.0,2.0,-0.008375169198025103,202,5972
BL6-B10BR_HTxC,0.06999999999999995,0.0,5.0,-0.004580415328132732,202,5972
BL6-B10BR_HTxC,0.06499999999999995,0.0,0.0,-0.036940398166549114,202,5972
BL6-B10BR_HTxC,0.06499999999999995,0.0,1.0,-0.015787124497821967,202,5972
BL6-B10BR_HTxC,0.06499999999999995,0.0,2.0,-0.008375169198025103,202,5972
BL6-B10BR_HTxC,0.06499999999999995,0.0,5.0,-0.004580415328132732,202,5972
BL6-B10BR_HTxC,0.05999999999999994,0.0,0.0,-0.036940398166549114,202,5972
BL6-B10BR_HTxC,0.05999999999999994,0.0,1.0,-0.015787124497821967,202,5972
BL6-B10BR_HTxC,0.05999999999999994,0.0,2.0,-0.008375169198025103,202,5972
BL6-B10BR_HTxC,0.05999999999999994,0.0,5.0,-0.004580415328132732,202,5972
BL6-B10BR_HTxC,0.05499999999999994,0.0,0.0,-0.036940398166549114,202,5972
BL6-B10BR_HTxC,0.05499999999999994,0.0,1.0,-0.015787124497821967,202,5972
BL6-B10BR_HTxC,0.05499999999999994,0.0,2.0,-0.008375169198025103,202,5972
BL6-B10BR_HTxC,0.05499999999999994,0.0,5.0,-0.004580415328132732,202,5972
BL6-B10BR_HTxC,0.04999999999999993,0.0,0.0,-0.036940398166549114,202,5972
BL6-B10BR_HTxC,0.04999999999999993,0.0,1.0,-0.015787124497821967,202,5972
BL6-B10BR_HTxC,0.04999999999999993,0.0,2.0,-0.008375169198025103,202,5972
BL6-B10BR_HTxC,0.04999999999999993,0.0,5.0,-0.004580415328132732,202,5972
BL6-B10BR_HTxC,0.04499999999999993,0.0,0.0,-0.036940398166549114,202,5972
BL6-B10BR_HTxC,0.04499999999999993,0.0,1.0,-0.015787124497821967,202,5972
BL6-B10BR_HTxC,0.04499999999999993,0.0,2.0,-0.008375169198025103,202,5972
BL6-B10BR_HTxC,0.04499999999999993,0.0,5.0,-0.004580415328132732,202,5972
BL6-B10BR_HTxC,0.040000000000000036,0.0,0.0,-0.036940398166549114,202,5972
BL6-B10BR_HTxC,0.040000000000000036,0.0,1.0,-0.015787124497821967,202,5972
BL6-B10BR_HTxC,0.040000000000000036,0.0,2.0,-0.008375169198025103,202,5972
BL6-B10BR_HTxC,0.040000000000000036,0.0,5.0,-0.004580415328132732,202,5972
BL6-B10BR_HTxC,0.03500000000000003,0.0,0.0,-0.036940398166549114,202,5972
BL6-B10BR_HTxC,0.03500000000000003,0.0,1.0,-0.015787124497821967,202,5972
BL6-B10BR_HTxC,0.03500000000000003,0.0,2.0,-0.008375169198025103,202,5972
BL6-B10BR_HTxC,0.03500000000000003,0.0,5.0,-0.004580415328132732,202,5972
BL6-B10BR_HTxC,0.030000000000000027,0.0,0.0,-0.036940398166549114,202,5972
BL6-B10BR_HTxC,0.030000000000000027,0.0,1.0,-0.015787124497821967,202,5972
BL6-B10BR_HTxC,0.030000000000000027,0.0,2.0,-0.008375169198025103,202,5972
BL6-B10BR_HTxC,0.030000000000000027,0.0,5.0,-0.004580415328132732,202,5972
BL6-B10BR_HTxC,0.025000000000000022,0.0,0.0,-0.036940398166549114,202,5972
BL6-B10BR_HTxC,0.025000000000000022,0.0,1.0,-0.015787124497821967,202,5972
BL6-B10BR_HTxC,0.025000000000000022,0.0,2.0,-0.008375169198025103,202,5972
BL6-B10BR_HTxC,0.025000000000000022,0.0,5.0,-0.004580415328132732,202,5972
BL6-B10BR_HTxC,0.020000000000000018,0.0,0.0,-0.036940398166549114,202,5972
BL6-B10BR_HTxC,0.020000000000000018,0.0,1.0,-0.015787124497821967,202,5972
BL6-B10BR_HTxC,0.020000000000000018,0.0,2.0,-0.008375169198025103,202,5972
BL6-B10BR_HTxC,0.020000000000000018,0.0,5.0,-0.004580415328132732,202,5972
BL6-B10BR_HTxC,0.015000000000000013,0.0,0.0,-0.036940398166549114,202,5972
BL6-B10BR_HTxC,0.015000000000000013,0.0,1.0,-0.015787124497821967,202,5972
BL6-B10BR_HTxC,0.015000000000000013,0.0,2.0,-0.008375169198025103,202,5972
BL6-B10BR_HTxC,0.015000000000000013,0.0,5.0,-0.004580415328132732,202,5972
BL6-B10BR_HTxC,0.010000000000000009,0.0,0.0,-0.036940398166549114,202,5972
BL6-B10BR_HTxC,0.010000000000000009,0.0,1.0,-0.015787124497821967,202,5972
BL6-B10BR_HTxC,0.010000000000000009,0.0,2.0,-0.008375169198025103,202,5972
BL6-B10BR_HTxC,0.010000000000000009,0.0,5.0,-0.004580415328132732,202,5972
BL6-B10BR_HTxC,0.0050000000000000044,0.0,0.0,-0.036940398166549114,202,5972
BL6-B10BR_HTxC,0.0050000000000000044,0.0,1.0,-0.015787124497821967,202,5972
BL6-B10BR_HTxC,0.0050000000000000044,0.0,2.0,-0.008375169198025103,202,5972
BL6-B10BR_HTxC,0.0050000000000000044,0.0,5.0,-0.004580415328132732,202,5972
BL6-B10BR_HTxC,0.0,0.0,0.0,-0.036940398166549114,202,5972
BL6-B10BR_HTxC,0.0,0.0,1.0,-0.015787124497821967,202,5972
BL6-B10BR_HTxC,0.0,0.0,2.0,-0.008375169198025103,202,5972
BL6-B10BR_HTxC,0.0,0.0,5.0,-0.004580415328132732,202,5972
