sample,percentile,thresh_syfpeithi,alpha,mean_entropy_change,n_common_clonotypes_ge5,n_cells_after
BL6-BALBc_HTxB,1.0,7.0,0.0,0.0,20,197
BL6-BALBc_HTxB,1.0,7.0,1.0,0.0,20,197
BL6-BALBc_HTxB,1.0,7.0,2.0,0.0,20,197
BL6-BALBc_HTxB,1.0,7.0,5.0,0.0,20,197
BL6-BALBc_HTxB,0.995,5.6200000000000045,0.0,-0.0036833456296342824,20,195
BL6-BALBc_HTxB,0.995,5.6200000000000045,1.0,-0.0014789311120431913,20,195
BL6-BALBc_HTxB,0.995,5.6200000000000045,2.0,-0.0014024290140637551,20,195
BL6-BALBc_HTxB,0.995,5.6200000000000045,5.0,-0.0011449486598945624,20,195
BL6-BALBc_HTxB,0.99,5.0,0.0,-0.0036833456296342824,20,195
BL6-BALBc_HTxB,0.99,5.0,1.0,-0.0014789311120431913,20,195
BL6-BALBc_HTxB,0.99,5.0,2.0,-0.0014024290140637551,20,195
BL6-BALBc_HTxB,0.99,5.0,5.0,-0.0011449486598945624,20,195
BL6-BALBc_HTxB,0.985,4.0,0.0,-0.005889265998248861,20,193
BL6-BALBc_HTxB,0.985,4.0,1.0,-0.005053948055501689,20,193
BL6-BALBc_HTxB,0.985,4.0,2.0,-0.00539828135038356,20,193
BL6-BALBc_HTxB,0.985,4.0,5.0,-0.004195090225645326,20,193
BL6-BALBc_HTxB,0.98,4.0,0.0,-0.005889265998248861,20,193
BL6-BALBc_HTxB,0.98,4.0,1.0,-0.005053948055501689,20,193
BL6-BALBc_HTxB,0.98,4.0,2.0,-0.00539828135038356,20,193
BL6-BALBc_HTxB,0.98,4.0,5.0,-0.004195090225645326,20,193
BL6-BALBc_HTxB,0.975,4.0,0.0,-0.005889265998248861,20,193
BL6-BALBc_HTxB,0.975,4.0,1.0,-0.005053948055501689,20,193
BL6-BALBc_HTxB,0.975,4.0,2.0,-0.00539828135038356,20,193
BL6-BALBc_HTxB,0.975,4.0,5.0,-0.004195090225645326,20,193
BL6-BALBc_HTxB,0.97,4.0,0.0,-0.005889265998248861,20,193
BL6-BALBc_HTxB,0.97,4.0,1.0,-0.005053948055501689,20,193
BL6-BALBc_HTxB,0.97,4.0,2.0,-0.00539828135038356,20,193
BL6-BALBc_HTxB,0.97,4.0,5.0,-0.004195090225645326,20,193
BL6-BALBc_HTxB,0.965,3.339999999999975,0.0,-0.004453010299041571,20,189
BL6-BALBc_HTxB,0.965,3.339999999999975,1.0,-0.011004885544928733,20,189
BL6-BALBc_HTxB,0.965,3.339999999999975,2.0,-0.010587932468417433,20,189
BL6-BALBc_HTxB,0.965,3.339999999999975,5.0,-0.007023990050246773,20,189
BL6-BALBc_HTxB,0.96,3.0,0.0,-0.004453010299041571,20,189
BL6-BALBc_HTxB,0.96,3.0,1.0,-0.011004885544928733,20,189
BL6-BALBc_HTxB,0.96,3.0,2.0,-0.010587932468417433,20,189
BL6-BALBc_HTxB,0.96,3.0,5.0,-0.007023990050246773,20,189
BL6-BALBc_HTxB,0.955,3.0,0.0,-0.004453010299041571,20,189
BL6-BALBc_HTxB,0.955,3.0,1.0,-0.011004885544928733,20,189
BL6-BALBc_HTxB,0.955,3.0,2.0,-0.010587932468417433,20,189
BL6-BALBc_HTxB,0.955,3.0,5.0,-0.007023990050246773,20,189
BL6-BALBc_HTxB,0.95,3.0,0.0,-0.004453010299041571,20,189
BL6-BALBc_HTxB,0.95,3.0,1.0,-0.011004885544928733,20,189
BL6-BALBc_HTxB,0.95,3.0,2.0,-0.010587932468417433,20,189
BL6-BALBc_HTxB,0.95,3.0,5.0,-0.007023990050246773,20,189
BL6-BALBc_HTxB,0.945,3.0,0.0,-0.004453010299041571,20,189
BL6-BALBc_HTxB,0.945,3.0,1.0,-0.011004885544928733,20,189
BL6-BALBc_HTxB,0.945,3.0,2.0,-0.010587932468417433,20,189
BL6-BALBc_HTxB,0.945,3.0,5.0,-0.007023990050246773,20,189
BL6-BALBc_HTxB,0.94,3.0,0.0,-0.004453010299041571,20,189
BL6-BALBc_HTxB,0.94,3.0,1.0,-0.011004885544928733,20,189
BL6-BALBc_HTxB,0.94,3.0,2.0,-0.010587932468417433,20,189
BL6-BALBc_HTxB,0.94,3.0,5.0,-0.007023990050246773,20,189
BL6-BALBc_HTxB,0.935,3.0,0.0,-0.004453010299041571,20,189
BL6-BALBc_HTxB,0.935,3.0,1.0,-0.011004885544928733,20,189
BL6-BALBc_HTxB,0.935,3.0,2.0,-0.010587932468417433,20,189
BL6-BALBc_HTxB,0.935,3.0,5.0,-0.007023990050246773,20,189
BL6-BALBc_HTxB,0.9299999999999999,3.0,0.0,-0.004453010299041571,20,189
BL6-BALBc_HTxB,0.9299999999999999,3.0,1.0,-0.011004885544928733,20,189
BL6-BALBc_HTxB,0.9299999999999999,3.0,2.0,-0.010587932468417433,20,189
BL6-BALBc_HTxB,0.9299999999999999,3.0,5.0,-0.007023990050246773,20,189
BL6-BALBc_HTxB,0.925,3.0,0.0,-0.004453010299041571,20,189
BL6-BALBc_HTxB,0.925,3.0,1.0,-0.011004885544928733,20,189
BL6-BALBc_HTxB,0.925,3.0,2.0,-0.010587932468417433,20,189
BL6-BALBc_HTxB,0.925,3.0,5.0,-0.007023990050246773,20,189
BL6-BALBc_HTxB,0.92,2.0,0.0,-0.012253104566755279,20,177
BL6-BALBc_HTxB,0.92,2.0,1.0,-0.024497236083562357,20,177
BL6-BALBc_HTxB,0.92,2.0,2.0,-0.018143599252229598,20,177
BL6-BALBc_HTxB,0.92,2.0,5.0,-0.010951078805644355,20,177
BL6-BALBc_HTxB,0.915,2.0,0.0,-0.012253104566755279,20,177
BL6-BALBc_HTxB,0.915,2.0,1.0,-0.024497236083562357,20,177
BL6-BALBc_HTxB,0.915,2.0,2.0,-0.018143599252229598,20,177
BL6-BALBc_HTxB,0.915,2.0,5.0,-0.010951078805644355,20,177
BL6-BALBc_HTxB,0.91,2.0,0.0,-0.012253104566755279,20,177
BL6-BALBc_HTxB,0.91,2.0,1.0,-0.024497236083562357,20,177
BL6-BALBc_HTxB,0.91,2.0,2.0,-0.018143599252229598,20,177
BL6-BALBc_HTxB,0.91,2.0,5.0,-0.010951078805644355,20,177
BL6-BALBc_HTxB,0.905,2.0,0.0,-0.012253104566755279,20,177
BL6-BALBc_HTxB,0.905,2.0,1.0,-0.024497236083562357,20,177
BL6-BALBc_HTxB,0.905,2.0,2.0,-0.018143599252229598,20,177
BL6-BALBc_HTxB,0.905,2.0,5.0,-0.010951078805644355,20,177
BL6-BALBc_HTxB,0.9,2.0,0.0,-0.012253104566755279,20,177
BL6-BALBc_HTxB,0.9,2.0,1.0,-0.024497236083562357,20,177
BL6-BALBc_HTxB,0.9,2.0,2.0,-0.018143599252229598,20,177
BL6-BALBc_HTxB,0.9,2.0,5.0,-0.010951078805644355,20,177
BL6-BALBc_HTxB,0.895,2.0,0.0,-0.012253104566755279,20,177
BL6-BALBc_HTxB,0.895,2.0,1.0,-0.024497236083562357,20,177
BL6-BALBc_HTxB,0.895,2.0,2.0,-0.018143599252229598,20,177
BL6-BALBc_HTxB,0.895,2.0,5.0,-0.010951078805644355,20,177
BL6-BALBc_HTxB,0.89,2.0,0.0,-0.012253104566755279,20,177
BL6-BALBc_HTxB,0.89,2.0,1.0,-0.024497236083562357,20,177
BL6-BALBc_HTxB,0.89,2.0,2.0,-0.018143599252229598,20,177
BL6-BALBc_HTxB,0.89,2.0,5.0,-0.010951078805644355,20,177
BL6-BALBc_HTxB,0.885,2.0,0.0,-0.012253104566755279,20,177
BL6-BALBc_HTxB,0.885,2.0,1.0,-0.024497236083562357,20,177
BL6-BALBc_HTxB,0.885,2.0,2.0,-0.018143599252229598,20,177
BL6-BALBc_HTxB,0.885,2.0,5.0,-0.010951078805644355,20,177
BL6-BALBc_HTxB,0.88,2.0,0.0,-0.012253104566755279,20,177
BL6-BALBc_HTxB,0.88,2.0,1.0,-0.024497236083562357,20,177
BL6-BALBc_HTxB,0.88,2.0,2.0,-0.018143599252229598,20,177
BL6-BALBc_HTxB,0.88,2.0,5.0,-0.010951078805644355,20,177
BL6-BALBc_HTxB,0.875,2.0,0.0,-0.012253104566755279,20,177
BL6-BALBc_HTxB,0.875,2.0,1.0,-0.024497236083562357,20,177
BL6-BALBc_HTxB,0.875,2.0,2.0,-0.018143599252229598,20,177
BL6-BALBc_HTxB,0.875,2.0,5.0,-0.010951078805644355,20,177
BL6-BALBc_HTxB,0.87,2.0,0.0,-0.012253104566755279,20,177
BL6-BALBc_HTxB,0.87,2.0,1.0,-0.024497236083562357,20,177
BL6-BALBc_HTxB,0.87,2.0,2.0,-0.018143599252229598,20,177
BL6-BALBc_HTxB,0.87,2.0,5.0,-0.010951078805644355,20,177
BL6-BALBc_HTxB,0.865,2.0,0.0,-0.012253104566755279,20,177
BL6-BALBc_HTxB,0.865,2.0,1.0,-0.024497236083562357,20,177
BL6-BALBc_HTxB,0.865,2.0,2.0,-0.018143599252229598,20,177
BL6-BALBc_HTxB,0.865,2.0,5.0,-0.010951078805644355,20,177
BL6-BALBc_HTxB,0.86,2.0,0.0,-0.012253104566755279,20,177
BL6-BALBc_HTxB,0.86,2.0,1.0,-0.024497236083562357,20,177
BL6-BALBc_HTxB,0.86,2.0,2.0,-0.018143599252229598,20,177
BL6-BALBc_HTxB,0.86,2.0,5.0,-0.010951078805644355,20,177
BL6-BALBc_HTxB,0.855,2.0,0.0,-0.012253104566755279,20,177
BL6-BALBc_HTxB,0.855,2.0,1.0,-0.024497236083562357,20,177
BL6-BALBc_HTxB,0.855,2.0,2.0,-0.018143599252229598,20,177
BL6-BALBc_HTxB,0.855,2.0,5.0,-0.010951078805644355,20,177
BL6-BALBc_HTxB,0.85,2.0,0.0,-0.012253104566755279,20,177
BL6-BALBc_HTxB,0.85,2.0,1.0,-0.024497236083562357,20,177
BL6-BALBc_HTxB,0.85,2.0,2.0,-0.018143599252229598,20,177
BL6-BALBc_HTxB,0.85,2.0,5.0,-0.010951078805644355,20,177
BL6-BALBc_HTxB,0.845,2.0,0.0,-0.012253104566755279,20,177
BL6-BALBc_HTxB,0.845,2.0,1.0,-0.024497236083562357,20,177
BL6-BALBc_HTxB,0.845,2.0,2.0,-0.018143599252229598,20,177
BL6-BALBc_HTxB,0.845,2.0,5.0,-0.010951078805644355,20,177
BL6-BALBc_HTxB,0.84,1.0,0.0,-0.028921192657894033,19,162
BL6-BALBc_HTxB,0.84,1.0,1.0,-0.02947123969565702,19,162
BL6-BALBc_HTxB,0.84,1.0,2.0,-0.024510475674590363,19,162
BL6-BALBc_HTxB,0.84,1.0,5.0,-0.0185415592519906,19,162
BL6-BALBc_HTxB,0.835,1.0,0.0,-0.028921192657894033,19,162
BL6-BALBc_HTxB,0.835,1.0,1.0,-0.02947123969565702,19,162
BL6-BALBc_HTxB,0.835,1.0,2.0,-0.024510475674590363,19,162
BL6-BALBc_HTxB,0.835,1.0,5.0,-0.0185415592519906,19,162
BL6-BALBc_HTxB,0.83,1.0,0.0,-0.028921192657894033,19,162
BL6-BALBc_HTxB,0.83,1.0,1.0,-0.02947123969565702,19,162
BL6-BALBc_HTxB,0.83,1.0,2.0,-0.024510475674590363,19,162
BL6-BALBc_HTxB,0.83,1.0,5.0,-0.0185415592519906,19,162
BL6-BALBc_HTxB,0.825,1.0,0.0,-0.028921192657894033,19,162
BL6-BALBc_HTxB,0.825,1.0,1.0,-0.02947123969565702,19,162
BL6-BALBc_HTxB,0.825,1.0,2.0,-0.024510475674590363,19,162
BL6-BALBc_HTxB,0.825,1.0,5.0,-0.0185415592519906,19,162
BL6-BALBc_HTxB,0.8200000000000001,1.0,0.0,-0.028921192657894033,19,162
BL6-BALBc_HTxB,0.8200000000000001,1.0,1.0,-0.02947123969565702,19,162
BL6-BALBc_HTxB,0.8200000000000001,1.0,2.0,-0.024510475674590363,19,162
BL6-BALBc_HTxB,0.8200000000000001,1.0,5.0,-0.0185415592519906,19,162
BL6-BALBc_HTxB,0.815,1.0,0.0,-0.028921192657894033,19,162
BL6-BALBc_HTxB,0.815,1.0,1.0,-0.02947123969565702,19,162
BL6-BALBc_HTxB,0.815,1.0,2.0,-0.024510475674590363,19,162
BL6-BALBc_HTxB,0.815,1.0,5.0,-0.0185415592519906,19,162
BL6-BALBc_HTxB,0.81,1.0,0.0,-0.028921192657894033,19,162
BL6-BALBc_HTxB,0.81,1.0,1.0,-0.02947123969565702,19,162
BL6-BALBc_HTxB,0.81,1.0,2.0,-0.024510475674590363,19,162
BL6-BALBc_HTxB,0.81,1.0,5.0,-0.0185415592519906,19,162
BL6-BALBc_HTxB,0.8049999999999999,1.0,0.0,-0.028921192657894033,19,162
BL6-BALBc_HTxB,0.8049999999999999,1.0,1.0,-0.02947123969565702,19,162
BL6-BALBc_HTxB,0.8049999999999999,1.0,2.0,-0.024510475674590363,19,162
BL6-BALBc_HTxB,0.8049999999999999,1.0,5.0,-0.0185415592519906,19,162
BL6-BALBc_HTxB,0.8,1.0,0.0,-0.028921192657894033,19,162
BL6-BALBc_HTxB,0.8,1.0,1.0,-0.02947123969565702,19,162
BL6-BALBc_HTxB,0.8,1.0,2.0,-0.024510475674590363,19,162
BL6-BALBc_HTxB,0.8,1.0,5.0,-0.0185415592519906,19,162
BL6-BALBc_HTxB,0.7949999999999999,1.0,0.0,-0.028921192657894033,19,162
BL6-BALBc_HTxB,0.7949999999999999,1.0,1.0,-0.02947123969565702,19,162
BL6-BALBc_HTxB,0.7949999999999999,1.0,2.0,-0.024510475674590363,19,162
BL6-BALBc_HTxB,0.7949999999999999,1.0,5.0,-0.0185415592519906,19,162
BL6-BALBc_HTxB,0.79,1.0,0.0,-0.028921192657894033,19,162
BL6-BALBc_HTxB,0.79,1.0,1.0,-0.02947123969565702,19,162
BL6-BALBc_HTxB,0.79,1.0,2.0,-0.024510475674590363,19,162
BL6-BALBc_HTxB,0.79,1.0,5.0,-0.0185415592519906,19,162
BL6-BALBc_HTxB,0.785,1.0,0.0,-0.028921192657894033,19,162
BL6-BALBc_HTxB,0.785,1.0,1.0,-0.02947123969565702,19,162
BL6-BALBc_HTxB,0.785,1.0,2.0,-0.024510475674590363,19,162
BL6-BALBc_HTxB,0.785,1.0,5.0,-0.0185415592519906,19,162
BL6-BALBc_HTxB,0.78,1.0,0.0,-0.028921192657894033,19,162
BL6-BALBc_HTxB,0.78,1.0,1.0,-0.02947123969565702,19,162
BL6-BALBc_HTxB,0.78,1.0,2.0,-0.024510475674590363,19,162
BL6-BALBc_HTxB,0.78,1.0,5.0,-0.0185415592519906,19,162
BL6-BALBc_HTxB,0.775,1.0,0.0,-0.028921192657894033,19,162
BL6-BALBc_HTxB,0.775,1.0,1.0,-0.02947123969565702,19,162
BL6-BALBc_HTxB,0.775,1.0,2.0,-0.024510475674590363,19,162
BL6-BALBc_HTxB,0.775,1.0,5.0,-0.0185415592519906,19,162
BL6-BALBc_HTxB,0.77,1.0,0.0,-0.028921192657894033,19,162
BL6-BALBc_HTxB,0.77,1.0,1.0,-0.02947123969565702,19,162
BL6-BALBc_HTxB,0.77,1.0,2.0,-0.024510475674590363,19,162
BL6-BALBc_HTxB,0.77,1.0,5.0,-0.0185415592519906,19,162
BL6-BALBc_HTxB,0.765,1.0,0.0,-0.028921192657894033,19,162
BL6-BALBc_HTxB,0.765,1.0,1.0,-0.02947123969565702,19,162
BL6-BALBc_HTxB,0.765,1.0,2.0,-0.024510475674590363,19,162
BL6-BALBc_HTxB,0.765,1.0,5.0,-0.0185415592519906,19,162
BL6-BALBc_HTxB,0.76,1.0,0.0,-0.028921192657894033,19,162
BL6-BALBc_HTxB,0.76,1.0,1.0,-0.02947123969565702,19,162
BL6-BALBc_HTxB,0.76,1.0,2.0,-0.024510475674590363,19,162
BL6-BALBc_HTxB,0.76,1.0,5.0,-0.0185415592519906,19,162
BL6-BALBc_HTxB,0.755,1.0,0.0,-0.028921192657894033,19,162
BL6-BALBc_HTxB,0.755,1.0,1.0,-0.02947123969565702,19,162
BL6-BALBc_HTxB,0.755,1.0,2.0,-0.024510475674590363,19,162
BL6-BALBc_HTxB,0.755,1.0,5.0,-0.0185415592519906,19,162
BL6-BALBc_HTxB,0.75,1.0,0.0,-0.028921192657894033,19,162
BL6-BALBc_HTxB,0.75,1.0,1.0,-0.02947123969565702,19,162
BL6-BALBc_HTxB,0.75,1.0,2.0,-0.024510475674590363,19,162
BL6-BALBc_HTxB,0.75,1.0,5.0,-0.0185415592519906,19,162
BL6-BALBc_HTxB,0.745,1.0,0.0,-0.028921192657894033,19,162
BL6-BALBc_HTxB,0.745,1.0,1.0,-0.02947123969565702,19,162
BL6-BALBc_HTxB,0.745,1.0,2.0,-0.024510475674590363,19,162
BL6-BALBc_HTxB,0.745,1.0,5.0,-0.0185415592519906,19,162
BL6-BALBc_HTxB,0.74,1.0,0.0,-0.028921192657894033,19,162
BL6-BALBc_HTxB,0.74,1.0,1.0,-0.02947123969565702,19,162
BL6-BALBc_HTxB,0.74,1.0,2.0,-0.024510475674590363,19,162
BL6-BALBc_HTxB,0.74,1.0,5.0,-0.0185415592519906,19,162
BL6-BALBc_HTxB,0.735,1.0,0.0,-0.028921192657894033,19,162
BL6-BALBc_HTxB,0.735,1.0,1.0,-0.02947123969565702,19,162
BL6-BALBc_HTxB,0.735,1.0,2.0,-0.024510475674590363,19,162
BL6-BALBc_HTxB,0.735,1.0,5.0,-0.0185415592519906,19,162
BL6-BALBc_HTxB,0.73,1.0,0.0,-0.028921192657894033,19,162
BL6-BALBc_HTxB,0.73,1.0,1.0,-0.02947123969565702,19,162
BL6-BALBc_HTxB,0.73,1.0,2.0,-0.024510475674590363,19,162
BL6-BALBc_HTxB,0.73,1.0,5.0,-0.0185415592519906,19,162
BL6-BALBc_HTxB,0.725,1.0,0.0,-0.028921192657894033,19,162
BL6-BALBc_HTxB,0.725,1.0,1.0,-0.02947123969565702,19,162
BL6-BALBc_HTxB,0.725,1.0,2.0,-0.024510475674590363,19,162
BL6-BALBc_HTxB,0.725,1.0,5.0,-0.0185415592519906,19,162
BL6-BALBc_HTxB,0.72,1.0,0.0,-0.028921192657894033,19,162
BL6-BALBc_HTxB,0.72,1.0,1.0,-0.02947123969565702,19,162
BL6-BALBc_HTxB,0.72,1.0,2.0,-0.024510475674590363,19,162
BL6-BALBc_HTxB,0.72,1.0,5.0,-0.0185415592519906,19,162
BL6-BALBc_HTxB,0.715,1.0,0.0,-0.028921192657894033,19,162
BL6-BALBc_HTxB,0.715,1.0,1.0,-0.02947123969565702,19,162
BL6-BALBc_HTxB,0.715,1.0,2.0,-0.024510475674590363,19,162
BL6-BALBc_HTxB,0.715,1.0,5.0,-0.0185415592519906,19,162
BL6-BALBc_HTxB,0.71,1.0,0.0,-0.028921192657894033,19,162
BL6-BALBc_HTxB,0.71,1.0,1.0,-0.02947123969565702,19,162
BL6-BALBc_HTxB,0.71,1.0,2.0,-0.024510475674590363,19,162
BL6-BALBc_HTxB,0.71,1.0,5.0,-0.0185415592519906,19,162
BL6-BALBc_HTxB,0.7050000000000001,1.0,0.0,-0.028921192657894033,19,162
BL6-BALBc_HTxB,0.7050000000000001,1.0,1.0,-0.02947123969565702,19,162
BL6-BALBc_HTxB,0.7050000000000001,1.0,2.0,-0.024510475674590363,19,162
BL6-BALBc_HTxB,0.7050000000000001,1.0,5.0,-0.0185415592519906,19,162
BL6-BALBc_HTxB,0.7,1.0,0.0,-0.028921192657894033,19,162
BL6-BALBc_HTxB,0.7,1.0,1.0,-0.02947123969565702,19,162
BL6-BALBc_HTxB,0.7,1.0,2.0,-0.024510475674590363,19,162
BL6-BALBc_HTxB,0.7,1.0,5.0,-0.0185415592519906,19,162
BL6-BALBc_HTxB,0.6950000000000001,1.0,0.0,-0.028921192657894033,19,162
BL6-BALBc_HTxB,0.6950000000000001,1.0,1.0,-0.02947123969565702,19,162
BL6-BALBc_HTxB,0.6950000000000001,1.0,2.0,-0.024510475674590363,19,162
BL6-BALBc_HTxB,0.6950000000000001,1.0,5.0,-0.0185415592519906,19,162
BL6-BALBc_HTxB,0.69,1.0,0.0,-0.028921192657894033,19,162
BL6-BALBc_HTxB,0.69,1.0,1.0,-0.02947123969565702,19,162
BL6-BALBc_HTxB,0.69,1.0,2.0,-0.024510475674590363,19,162
BL6-BALBc_HTxB,0.69,1.0,5.0,-0.0185415592519906,19,162
BL6-BALBc_HTxB,0.685,1.0,0.0,-0.028921192657894033,19,162
BL6-BALBc_HTxB,0.685,1.0,1.0,-0.02947123969565702,19,162
BL6-BALBc_HTxB,0.685,1.0,2.0,-0.024510475674590363,19,162
BL6-BALBc_HTxB,0.685,1.0,5.0,-0.0185415592519906,19,162
BL6-BALBc_HTxB,0.6799999999999999,1.0,0.0,-0.028921192657894033,19,162
BL6-BALBc_HTxB,0.6799999999999999,1.0,1.0,-0.02947123969565702,19,162
BL6-BALBc_HTxB,0.6799999999999999,1.0,2.0,-0.024510475674590363,19,162
BL6-BALBc_HTxB,0.6799999999999999,1.0,5.0,-0.0185415592519906,19,162
BL6-BALBc_HTxB,0.675,1.0,0.0,-0.028921192657894033,19,162
BL6-BALBc_HTxB,0.675,1.0,1.0,-0.02947123969565702,19,162
BL6-BALBc_HTxB,0.675,1.0,2.0,-0.024510475674590363,19,162
BL6-BALBc_HTxB,0.675,1.0,5.0,-0.0185415592519906,19,162
BL6-BALBc_HTxB,0.6699999999999999,1.0,0.0,-0.028921192657894033,19,162
BL6-BALBc_HTxB,0.6699999999999999,1.0,1.0,-0.02947123969565702,19,162
BL6-BALBc_HTxB,0.6699999999999999,1.0,2.0,-0.024510475674590363,19,162
BL6-BALBc_HTxB,0.6699999999999999,1.0,5.0,-0.0185415592519906,19,162
BL6-BALBc_HTxB,0.665,1.0,0.0,-0.028921192657894033,19,162
BL6-BALBc_HTxB,0.665,1.0,1.0,-0.02947123969565702,19,162
BL6-BALBc_HTxB,0.665,1.0,2.0,-0.024510475674590363,19,162
BL6-BALBc_HTxB,0.665,1.0,5.0,-0.0185415592519906,19,162
BL6-BALBc_HTxB,0.6599999999999999,1.0,0.0,-0.028921192657894033,19,162
BL6-BALBc_HTxB,0.6599999999999999,1.0,1.0,-0.02947123969565702,19,162
BL6-BALBc_HTxB,0.6599999999999999,1.0,2.0,-0.024510475674590363,19,162
BL6-BALBc_HTxB,0.6599999999999999,1.0,5.0,-0.0185415592519906,19,162
BL6-BALBc_HTxB,0.655,1.0,0.0,-0.028921192657894033,19,162
BL6-BALBc_HTxB,0.655,1.0,1.0,-0.02947123969565702,19,162
BL6-BALBc_HTxB,0.655,1.0,2.0,-0.024510475674590363,19,162
BL6-BALBc_HTxB,0.655,1.0,5.0,-0.0185415592519906,19,162
BL6-BALBc_HTxB,0.6499999999999999,1.0,0.0,-0.028921192657894033,19,162
BL6-BALBc_HTxB,0.6499999999999999,1.0,1.0,-0.02947123969565702,19,162
BL6-BALBc_HTxB,0.6499999999999999,1.0,2.0,-0.024510475674590363,19,162
BL6-BALBc_HTxB,0.6499999999999999,1.0,5.0,-0.0185415592519906,19,162
BL6-BALBc_HTxB,0.645,1.0,0.0,-0.028921192657894033,19,162
BL6-BALBc_HTxB,0.645,1.0,1.0,-0.02947123969565702,19,162
BL6-BALBc_HTxB,0.645,1.0,2.0,-0.024510475674590363,19,162
BL6-BALBc_HTxB,0.645,1.0,5.0,-0.0185415592519906,19,162
BL6-BALBc_HTxB,0.64,1.0,0.0,-0.028921192657894033,19,162
BL6-BALBc_HTxB,0.64,1.0,1.0,-0.02947123969565702,19,162
BL6-BALBc_HTxB,0.64,1.0,2.0,-0.024510475674590363,19,162
BL6-BALBc_HTxB,0.64,1.0,5.0,-0.0185415592519906,19,162
BL6-BALBc_HTxB,0.635,0.2599999999999909,0.0,-0.0803689771686531,12,117
BL6-BALBc_HTxB,0.635,0.2599999999999909,1.0,-0.04964439640952473,12,117
BL6-BALBc_HTxB,0.635,0.2599999999999909,2.0,-0.03866851203956537,12,117
BL6-BALBc_HTxB,0.635,0.2599999999999909,5.0,-0.03357059056919543,12,117
BL6-BALBc_HTxB,0.63,0.0,0.0,-0.0803689771686531,12,117
BL6-BALBc_HTxB,0.63,0.0,1.0,-0.04964439640952473,12,117
BL6-BALBc_HTxB,0.63,0.0,2.0,-0.03866851203956537,12,117
BL6-BALBc_HTxB,0.63,0.0,5.0,-0.03357059056919543,12,117
BL6-BALBc_HTxB,0.625,0.0,0.0,-0.0803689771686531,12,117
BL6-BALBc_HTxB,0.625,0.0,1.0,-0.04964439640952473,12,117
BL6-BALBc_HTxB,0.625,0.0,2.0,-0.03866851203956537,12,117
BL6-BALBc_HTxB,0.625,0.0,5.0,-0.03357059056919543,12,117
BL6-BALBc_HTxB,0.62,0.0,0.0,-0.0803689771686531,12,117
BL6-BALBc_HTxB,0.62,0.0,1.0,-0.04964439640952473,12,117
BL6-BALBc_HTxB,0.62,0.0,2.0,-0.03866851203956537,12,117
BL6-BALBc_HTxB,0.62,0.0,5.0,-0.03357059056919543,12,117
BL6-BALBc_HTxB,0.615,0.0,0.0,-0.0803689771686531,12,117
BL6-BALBc_HTxB,0.615,0.0,1.0,-0.04964439640952473,12,117
BL6-BALBc_HTxB,0.615,0.0,2.0,-0.03866851203956537,12,117
BL6-BALBc_HTxB,0.615,0.0,5.0,-0.03357059056919543,12,117
BL6-BALBc_HTxB,0.61,0.0,0.0,-0.0803689771686531,12,117
BL6-BALBc_HTxB,0.61,0.0,1.0,-0.04964439640952473,12,117
BL6-BALBc_HTxB,0.61,0.0,2.0,-0.03866851203956537,12,117
BL6-BALBc_HTxB,0.61,0.0,5.0,-0.03357059056919543,12,117
BL6-BALBc_HTxB,0.605,0.0,0.0,-0.0803689771686531,12,117
BL6-BALBc_HTxB,0.605,0.0,1.0,-0.04964439640952473,12,117
BL6-BALBc_HTxB,0.605,0.0,2.0,-0.03866851203956537,12,117
BL6-BALBc_HTxB,0.605,0.0,5.0,-0.03357059056919543,12,117
BL6-BALBc_HTxB,0.6,0.0,0.0,-0.0803689771686531,12,117
BL6-BALBc_HTxB,0.6,0.0,1.0,-0.04964439640952473,12,117
BL6-BALBc_HTxB,0.6,0.0,2.0,-0.03866851203956537,12,117
BL6-BALBc_HTxB,0.6,0.0,5.0,-0.03357059056919543,12,117
BL6-BALBc_HTxB,0.595,0.0,0.0,-0.0803689771686531,12,117
BL6-BALBc_HTxB,0.595,0.0,1.0,-0.04964439640952473,12,117
BL6-BALBc_HTxB,0.595,0.0,2.0,-0.03866851203956537,12,117
BL6-BALBc_HTxB,0.595,0.0,5.0,-0.03357059056919543,12,117
BL6-BALBc_HTxB,0.59,0.0,0.0,-0.0803689771686531,12,117
BL6-BALBc_HTxB,0.59,0.0,1.0,-0.04964439640952473,12,117
BL6-BALBc_HTxB,0.59,0.0,2.0,-0.03866851203956537,12,117
BL6-BALBc_HTxB,0.59,0.0,5.0,-0.03357059056919543,12,117
BL6-BALBc_HTxB,0.585,0.0,0.0,-0.0803689771686531,12,117
BL6-BALBc_HTxB,0.585,0.0,1.0,-0.04964439640952473,12,117
BL6-BALBc_HTxB,0.585,0.0,2.0,-0.03866851203956537,12,117
BL6-BALBc_HTxB,0.585,0.0,5.0,-0.03357059056919543,12,117
BL6-BALBc_HTxB,0.5800000000000001,0.0,0.0,-0.0803689771686531,12,117
BL6-BALBc_HTxB,0.5800000000000001,0.0,1.0,-0.04964439640952473,12,117
BL6-BALBc_HTxB,0.5800000000000001,0.0,2.0,-0.03866851203956537,12,117
BL6-BALBc_HTxB,0.5800000000000001,0.0,5.0,-0.03357059056919543,12,117
BL6-BALBc_HTxB,0.575,0.0,0.0,-0.0803689771686531,12,117
BL6-BALBc_HTxB,0.575,0.0,1.0,-0.04964439640952473,12,117
BL6-BALBc_HTxB,0.575,0.0,2.0,-0.03866851203956537,12,117
BL6-BALBc_HTxB,0.575,0.0,5.0,-0.03357059056919543,12,117
BL6-BALBc_HTxB,0.5700000000000001,0.0,0.0,-0.0803689771686531,12,117
BL6-BALBc_HTxB,0.5700000000000001,0.0,1.0,-0.04964439640952473,12,117
BL6-BALBc_HTxB,0.5700000000000001,0.0,2.0,-0.03866851203956537,12,117
BL6-BALBc_HTxB,0.5700000000000001,0.0,5.0,-0.03357059056919543,12,117
BL6-BALBc_HTxB,0.565,0.0,0.0,-0.0803689771686531,12,117
BL6-BALBc_HTxB,0.565,0.0,1.0,-0.04964439640952473,12,117
BL6-BALBc_HTxB,0.565,0.0,2.0,-0.03866851203956537,12,117
BL6-BALBc_HTxB,0.565,0.0,5.0,-0.03357059056919543,12,117
BL6-BALBc_HTxB,0.56,0.0,0.0,-0.0803689771686531,12,117
BL6-BALBc_HTxB,0.56,0.0,1.0,-0.04964439640952473,12,117
BL6-BALBc_HTxB,0.56,0.0,2.0,-0.03866851203956537,12,117
BL6-BALBc_HTxB,0.56,0.0,5.0,-0.03357059056919543,12,117
BL6-BALBc_HTxB,0.5549999999999999,0.0,0.0,-0.0803689771686531,12,117
BL6-BALBc_HTxB,0.5549999999999999,0.0,1.0,-0.04964439640952473,12,117
BL6-BALBc_HTxB,0.5549999999999999,0.0,2.0,-0.03866851203956537,12,117
BL6-BALBc_HTxB,0.5549999999999999,0.0,5.0,-0.03357059056919543,12,117
BL6-BALBc_HTxB,0.55,0.0,0.0,-0.0803689771686531,12,117
BL6-BALBc_HTxB,0.55,0.0,1.0,-0.04964439640952473,12,117
BL6-BALBc_HTxB,0.55,0.0,2.0,-0.03866851203956537,12,117
BL6-BALBc_HTxB,0.55,0.0,5.0,-0.03357059056919543,12,117
BL6-BALBc_HTxB,0.5449999999999999,0.0,0.0,-0.0803689771686531,12,117
BL6-BALBc_HTxB,0.5449999999999999,0.0,1.0,-0.04964439640952473,12,117
BL6-BALBc_HTxB,0.5449999999999999,0.0,2.0,-0.03866851203956537,12,117
BL6-BALBc_HTxB,0.5449999999999999,0.0,5.0,-0.03357059056919543,12,117
BL6-BALBc_HTxB,0.54,0.0,0.0,-0.0803689771686531,12,117
BL6-BALBc_HTxB,0.54,0.0,1.0,-0.04964439640952473,12,117
BL6-BALBc_HTxB,0.54,0.0,2.0,-0.03866851203956537,12,117
BL6-BALBc_HTxB,0.54,0.0,5.0,-0.03357059056919543,12,117
BL6-BALBc_HTxB,0.5349999999999999,0.0,0.0,-0.0803689771686531,12,117
BL6-BALBc_HTxB,0.5349999999999999,0.0,1.0,-0.04964439640952473,12,117
BL6-BALBc_HTxB,0.5349999999999999,0.0,2.0,-0.03866851203956537,12,117
BL6-BALBc_HTxB,0.5349999999999999,0.0,5.0,-0.03357059056919543,12,117
BL6-BALBc_HTxB,0.53,0.0,0.0,-0.0803689771686531,12,117
BL6-BALBc_HTxB,0.53,0.0,1.0,-0.04964439640952473,12,117
BL6-BALBc_HTxB,0.53,0.0,2.0,-0.03866851203956537,12,117
BL6-BALBc_HTxB,0.53,0.0,5.0,-0.03357059056919543,12,117
BL6-BALBc_HTxB,0.5249999999999999,0.0,0.0,-0.0803689771686531,12,117
BL6-BALBc_HTxB,0.5249999999999999,0.0,1.0,-0.04964439640952473,12,117
BL6-BALBc_HTxB,0.5249999999999999,0.0,2.0,-0.03866851203956537,12,117
BL6-BALBc_HTxB,0.5249999999999999,0.0,5.0,-0.03357059056919543,12,117
BL6-BALBc_HTxB,0.52,0.0,0.0,-0.0803689771686531,12,117
BL6-BALBc_HTxB,0.52,0.0,1.0,-0.04964439640952473,12,117
BL6-BALBc_HTxB,0.52,0.0,2.0,-0.03866851203956537,12,117
BL6-BALBc_HTxB,0.52,0.0,5.0,-0.03357059056919543,12,117
BL6-BALBc_HTxB,0.515,0.0,0.0,-0.0803689771686531,12,117
BL6-BALBc_HTxB,0.515,0.0,1.0,-0.04964439640952473,12,117
BL6-BALBc_HTxB,0.515,0.0,2.0,-0.03866851203956537,12,117
BL6-BALBc_HTxB,0.515,0.0,5.0,-0.03357059056919543,12,117
BL6-BALBc_HTxB,0.51,0.0,0.0,-0.0803689771686531,12,117
BL6-BALBc_HTxB,0.51,0.0,1.0,-0.04964439640952473,12,117
BL6-BALBc_HTxB,0.51,0.0,2.0,-0.03866851203956537,12,117
BL6-BALBc_HTxB,0.51,0.0,5.0,-0.03357059056919543,12,117
BL6-BALBc_HTxB,0.505,0.0,0.0,-0.0803689771686531,12,117
BL6-BALBc_HTxB,0.505,0.0,1.0,-0.04964439640952473,12,117
BL6-BALBc_HTxB,0.505,0.0,2.0,-0.03866851203956537,12,117
BL6-BALBc_HTxB,0.505,0.0,5.0,-0.03357059056919543,12,117
BL6-BALBc_HTxB,0.5,0.0,0.0,-0.0803689771686531,12,117
BL6-BALBc_HTxB,0.5,0.0,1.0,-0.04964439640952473,12,117
BL6-BALBc_HTxB,0.5,0.0,2.0,-0.03866851203956537,12,117
BL6-BALBc_HTxB,0.5,0.0,5.0,-0.03357059056919543,12,117
BL6-BALBc_HTxB,0.495,0.0,0.0,-0.0803689771686531,12,117
BL6-BALBc_HTxB,0.495,0.0,1.0,-0.04964439640952473,12,117
BL6-BALBc_HTxB,0.495,0.0,2.0,-0.03866851203956537,12,117
BL6-BALBc_HTxB,0.495,0.0,5.0,-0.03357059056919543,12,117
BL6-BALBc_HTxB,0.49,0.0,0.0,-0.0803689771686531,12,117
BL6-BALBc_HTxB,0.49,0.0,1.0,-0.04964439640952473,12,117
BL6-BALBc_HTxB,0.49,0.0,2.0,-0.03866851203956537,12,117
BL6-BALBc_HTxB,0.49,0.0,5.0,-0.03357059056919543,12,117
BL6-BALBc_HTxB,0.485,0.0,0.0,-0.0803689771686531,12,117
BL6-BALBc_HTxB,0.485,0.0,1.0,-0.04964439640952473,12,117
BL6-BALBc_HTxB,0.485,0.0,2.0,-0.03866851203956537,12,117
BL6-BALBc_HTxB,0.485,0.0,5.0,-0.03357059056919543,12,117
BL6-BALBc_HTxB,0.48,0.0,0.0,-0.0803689771686531,12,117
BL6-BALBc_HTxB,0.48,0.0,1.0,-0.04964439640952473,12,117
BL6-BALBc_HTxB,0.48,0.0,2.0,-0.03866851203956537,12,117
BL6-BALBc_HTxB,0.48,0.0,5.0,-0.03357059056919543,12,117
BL6-BALBc_HTxB,0.475,0.0,0.0,-0.0803689771686531,12,117
BL6-BALBc_HTxB,0.475,0.0,1.0,-0.04964439640952473,12,117
BL6-BALBc_HTxB,0.475,0.0,2.0,-0.03866851203956537,12,117
BL6-BALBc_HTxB,0.475,0.0,5.0,-0.03357059056919543,12,117
BL6-BALBc_HTxB,0.47,0.0,0.0,-0.0803689771686531,12,117
BL6-BALBc_HTxB,0.47,0.0,1.0,-0.04964439640952473,12,117
BL6-BALBc_HTxB,0.47,0.0,2.0,-0.03866851203956537,12,117
BL6-BALBc_HTxB,0.47,0.0,5.0,-0.03357059056919543,12,117
BL6-BALBc_HTxB,0.46499999999999997,0.0,0.0,-0.0803689771686531,12,117
BL6-BALBc_HTxB,0.46499999999999997,0.0,1.0,-0.04964439640952473,12,117
BL6-BALBc_HTxB,0.46499999999999997,0.0,2.0,-0.03866851203956537,12,117
BL6-BALBc_HTxB,0.46499999999999997,0.0,5.0,-0.03357059056919543,12,117
BL6-BALBc_HTxB,0.45999999999999996,0.0,0.0,-0.0803689771686531,12,117
BL6-BALBc_HTxB,0.45999999999999996,0.0,1.0,-0.04964439640952473,12,117
BL6-BALBc_HTxB,0.45999999999999996,0.0,2.0,-0.03866851203956537,12,117
BL6-BALBc_HTxB,0.45999999999999996,0.0,5.0,-0.03357059056919543,12,117
BL6-BALBc_HTxB,0.45499999999999996,0.0,0.0,-0.0803689771686531,12,117
BL6-BALBc_HTxB,0.45499999999999996,0.0,1.0,-0.04964439640952473,12,117
BL6-BALBc_HTxB,0.45499999999999996,0.0,2.0,-0.03866851203956537,12,117
BL6-BALBc_HTxB,0.45499999999999996,0.0,5.0,-0.03357059056919543,12,117
BL6-BALBc_HTxB,0.44999999999999996,0.0,0.0,-0.0803689771686531,12,117
BL6-BALBc_HTxB,0.44999999999999996,0.0,1.0,-0.04964439640952473,12,117
BL6-BALBc_HTxB,0.44999999999999996,0.0,2.0,-0.03866851203956537,12,117
BL6-BALBc_HTxB,0.44999999999999996,0.0,5.0,-0.03357059056919543,12,117
BL6-BALBc_HTxB,0.44499999999999995,0.0,0.0,-0.0803689771686531,12,117
BL6-BALBc_HTxB,0.44499999999999995,0.0,1.0,-0.04964439640952473,12,117
BL6-BALBc_HTxB,0.44499999999999995,0.0,2.0,-0.03866851203956537,12,117
BL6-BALBc_HTxB,0.44499999999999995,0.0,5.0,-0.03357059056919543,12,117
BL6-BALBc_HTxB,0.43999999999999995,0.0,0.0,-0.0803689771686531,12,117
BL6-BALBc_HTxB,0.43999999999999995,0.0,1.0,-0.04964439640952473,12,117
BL6-BALBc_HTxB,0.43999999999999995,0.0,2.0,-0.03866851203956537,12,117
BL6-BALBc_HTxB,0.43999999999999995,0.0,5.0,-0.03357059056919543,12,117
BL6-BALBc_HTxB,0.43499999999999994,0.0,0.0,-0.0803689771686531,12,117
BL6-BALBc_HTxB,0.43499999999999994,0.0,1.0,-0.04964439640952473,12,117
BL6-BALBc_HTxB,0.43499999999999994,0.0,2.0,-0.03866851203956537,12,117
BL6-BALBc_HTxB,0.43499999999999994,0.0,5.0,-0.03357059056919543,12,117
BL6-BALBc_HTxB,0.42999999999999994,0.0,0.0,-0.0803689771686531,12,117
BL6-BALBc_HTxB,0.42999999999999994,0.0,1.0,-0.04964439640952473,12,117
BL6-BALBc_HTxB,0.42999999999999994,0.0,2.0,-0.03866851203956537,12,117
BL6-BALBc_HTxB,0.42999999999999994,0.0,5.0,-0.03357059056919543,12,117
BL6-BALBc_HTxB,0.42499999999999993,0.0,0.0,-0.0803689771686531,12,117
BL6-BALBc_HTxB,0.42499999999999993,0.0,1.0,-0.04964439640952473,12,117
BL6-BALBc_HTxB,0.42499999999999993,0.0,2.0,-0.03866851203956537,12,117
BL6-BALBc_HTxB,0.42499999999999993,0.0,5.0,-0.03357059056919543,12,117
BL6-BALBc_HTxB,0.42000000000000004,0.0,0.0,-0.0803689771686531,12,117
BL6-BALBc_HTxB,0.42000000000000004,0.0,1.0,-0.04964439640952473,12,117
BL6-BALBc_HTxB,0.42000000000000004,0.0,2.0,-0.03866851203956537,12,117
BL6-BALBc_HTxB,0.42000000000000004,0.0,5.0,-0.03357059056919543,12,117
BL6-BALBc_HTxB,0.41500000000000004,0.0,0.0,-0.0803689771686531,12,117
BL6-BALBc_HTxB,0.41500000000000004,0.0,1.0,-0.04964439640952473,12,117
BL6-BALBc_HTxB,0.41500000000000004,0.0,2.0,-0.03866851203956537,12,117
BL6-BALBc_HTxB,0.41500000000000004,0.0,5.0,-0.03357059056919543,12,117
BL6-BALBc_HTxB,0.41000000000000003,0.0,0.0,-0.0803689771686531,12,117
BL6-BALBc_HTxB,0.41000000000000003,0.0,1.0,-0.04964439640952473,12,117
BL6-BALBc_HTxB,0.41000000000000003,0.0,2.0,-0.03866851203956537,12,117
BL6-BALBc_HTxB,0.41000000000000003,0.0,5.0,-0.03357059056919543,12,117
BL6-BALBc_HTxB,0.405,0.0,0.0,-0.0803689771686531,12,117
BL6-BALBc_HTxB,0.405,0.0,1.0,-0.04964439640952473,12,117
BL6-BALBc_HTxB,0.405,0.0,2.0,-0.03866851203956537,12,117
BL6-BALBc_HTxB,0.405,0.0,5.0,-0.03357059056919543,12,117
BL6-BALBc_HTxB,0.4,0.0,0.0,-0.0803689771686531,12,117
BL6-BALBc_HTxB,0.4,0.0,1.0,-0.04964439640952473,12,117
BL6-BALBc_HTxB,0.4,0.0,2.0,-0.03866851203956537,12,117
BL6-BALBc_HTxB,0.4,0.0,5.0,-0.03357059056919543,12,117
BL6-BALBc_HTxB,0.395,0.0,0.0,-0.0803689771686531,12,117
BL6-BALBc_HTxB,0.395,0.0,1.0,-0.04964439640952473,12,117
BL6-BALBc_HTxB,0.395,0.0,2.0,-0.03866851203956537,12,117
BL6-BALBc_HTxB,0.395,0.0,5.0,-0.03357059056919543,12,117
BL6-BALBc_HTxB,0.39,0.0,0.0,-0.0803689771686531,12,117
BL6-BALBc_HTxB,0.39,0.0,1.0,-0.04964439640952473,12,117
BL6-BALBc_HTxB,0.39,0.0,2.0,-0.03866851203956537,12,117
BL6-BALBc_HTxB,0.39,0.0,5.0,-0.03357059056919543,12,117
BL6-BALBc_HTxB,0.385,0.0,0.0,-0.0803689771686531,12,117
BL6-BALBc_HTxB,0.385,0.0,1.0,-0.04964439640952473,12,117
BL6-BALBc_HTxB,0.385,0.0,2.0,-0.03866851203956537,12,117
BL6-BALBc_HTxB,0.385,0.0,5.0,-0.03357059056919543,12,117
BL6-BALBc_HTxB,0.38,0.0,0.0,-0.0803689771686531,12,117
BL6-BALBc_HTxB,0.38,0.0,1.0,-0.04964439640952473,12,117
BL6-BALBc_HTxB,0.38,0.0,2.0,-0.03866851203956537,12,117
BL6-BALBc_HTxB,0.38,0.0,5.0,-0.03357059056919543,12,117
BL6-BALBc_HTxB,0.375,0.0,0.0,-0.0803689771686531,12,117
BL6-BALBc_HTxB,0.375,0.0,1.0,-0.04964439640952473,12,117
BL6-BALBc_HTxB,0.375,0.0,2.0,-0.03866851203956537,12,117
BL6-BALBc_HTxB,0.375,0.0,5.0,-0.03357059056919543,12,117
BL6-BALBc_HTxB,0.37,0.0,0.0,-0.0803689771686531,12,117
BL6-BALBc_HTxB,0.37,0.0,1.0,-0.04964439640952473,12,117
BL6-BALBc_HTxB,0.37,0.0,2.0,-0.03866851203956537,12,117
BL6-BALBc_HTxB,0.37,0.0,5.0,-0.03357059056919543,12,117
BL6-BALBc_HTxB,0.365,0.0,0.0,-0.0803689771686531,12,117
BL6-BALBc_HTxB,0.365,0.0,1.0,-0.04964439640952473,12,117
BL6-BALBc_HTxB,0.365,0.0,2.0,-0.03866851203956537,12,117
BL6-BALBc_HTxB,0.365,0.0,5.0,-0.03357059056919543,12,117
BL6-BALBc_HTxB,0.36,0.0,0.0,-0.0803689771686531,12,117
BL6-BALBc_HTxB,0.36,0.0,1.0,-0.04964439640952473,12,117
BL6-BALBc_HTxB,0.36,0.0,2.0,-0.03866851203956537,12,117
BL6-BALBc_HTxB,0.36,0.0,5.0,-0.03357059056919543,12,117
BL6-BALBc_HTxB,0.355,0.0,0.0,-0.0803689771686531,12,117
BL6-BALBc_HTxB,0.355,0.0,1.0,-0.04964439640952473,12,117
BL6-BALBc_HTxB,0.355,0.0,2.0,-0.03866851203956537,12,117
BL6-BALBc_HTxB,0.355,0.0,5.0,-0.03357059056919543,12,117
BL6-BALBc_HTxB,0.35,0.0,0.0,-0.0803689771686531,12,117
BL6-BALBc_HTxB,0.35,0.0,1.0,-0.04964439640952473,12,117
BL6-BALBc_HTxB,0.35,0.0,2.0,-0.03866851203956537,12,117
BL6-BALBc_HTxB,0.35,0.0,5.0,-0.03357059056919543,12,117
BL6-BALBc_HTxB,0.345,0.0,0.0,-0.0803689771686531,12,117
BL6-BALBc_HTxB,0.345,0.0,1.0,-0.04964439640952473,12,117
BL6-BALBc_HTxB,0.345,0.0,2.0,-0.03866851203956537,12,117
BL6-BALBc_HTxB,0.345,0.0,5.0,-0.03357059056919543,12,117
BL6-BALBc_HTxB,0.33999999999999997,0.0,0.0,-0.0803689771686531,12,117
BL6-BALBc_HTxB,0.33999999999999997,0.0,1.0,-0.04964439640952473,12,117
BL6-BALBc_HTxB,0.33999999999999997,0.0,2.0,-0.03866851203956537,12,117
BL6-BALBc_HTxB,0.33999999999999997,0.0,5.0,-0.03357059056919543,12,117
BL6-BALBc_HTxB,0.33499999999999996,0.0,0.0,-0.0803689771686531,12,117
BL6-BALBc_HTxB,0.33499999999999996,0.0,1.0,-0.04964439640952473,12,117
BL6-BALBc_HTxB,0.33499999999999996,0.0,2.0,-0.03866851203956537,12,117
BL6-BALBc_HTxB,0.33499999999999996,0.0,5.0,-0.03357059056919543,12,117
BL6-BALBc_HTxB,0.32999999999999996,0.0,0.0,-0.0803689771686531,12,117
BL6-BALBc_HTxB,0.32999999999999996,0.0,1.0,-0.04964439640952473,12,117
BL6-BALBc_HTxB,0.32999999999999996,0.0,2.0,-0.03866851203956537,12,117
BL6-BALBc_HTxB,0.32999999999999996,0.0,5.0,-0.03357059056919543,12,117
BL6-BALBc_HTxB,0.32499999999999996,0.0,0.0,-0.0803689771686531,12,117
BL6-BALBc_HTxB,0.32499999999999996,0.0,1.0,-0.04964439640952473,12,117
BL6-BALBc_HTxB,0.32499999999999996,0.0,2.0,-0.03866851203956537,12,117
BL6-BALBc_HTxB,0.32499999999999996,0.0,5.0,-0.03357059056919543,12,117
BL6-BALBc_HTxB,0.31999999999999995,0.0,0.0,-0.0803689771686531,12,117
BL6-BALBc_HTxB,0.31999999999999995,0.0,1.0,-0.04964439640952473,12,117
BL6-BALBc_HTxB,0.31999999999999995,0.0,2.0,-0.03866851203956537,12,117
BL6-BALBc_HTxB,0.31999999999999995,0.0,5.0,-0.03357059056919543,12,117
BL6-BALBc_HTxB,0.31499999999999995,0.0,0.0,-0.0803689771686531,12,117
BL6-BALBc_HTxB,0.31499999999999995,0.0,1.0,-0.04964439640952473,12,117
BL6-BALBc_HTxB,0.31499999999999995,0.0,2.0,-0.03866851203956537,12,117
BL6-BALBc_HTxB,0.31499999999999995,0.0,5.0,-0.03357059056919543,12,117
BL6-BALBc_HTxB,0.30999999999999994,0.0,0.0,-0.0803689771686531,12,117
BL6-BALBc_HTxB,0.30999999999999994,0.0,1.0,-0.04964439640952473,12,117
BL6-BALBc_HTxB,0.30999999999999994,0.0,2.0,-0.03866851203956537,12,117
BL6-BALBc_HTxB,0.30999999999999994,0.0,5.0,-0.03357059056919543,12,117
BL6-BALBc_HTxB,0.30499999999999994,0.0,0.0,-0.0803689771686531,12,117
BL6-BALBc_HTxB,0.30499999999999994,0.0,1.0,-0.04964439640952473,12,117
BL6-BALBc_HTxB,0.30499999999999994,0.0,2.0,-0.03866851203956537,12,117
BL6-BALBc_HTxB,0.30499999999999994,0.0,5.0,-0.03357059056919543,12,117
BL6-BALBc_HTxB,0.29999999999999993,0.0,0.0,-0.0803689771686531,12,117
BL6-BALBc_HTxB,0.29999999999999993,0.0,1.0,-0.04964439640952473,12,117
BL6-BALBc_HTxB,0.29999999999999993,0.0,2.0,-0.03866851203956537,12,117
BL6-BALBc_HTxB,0.29999999999999993,0.0,5.0,-0.03357059056919543,12,117
BL6-BALBc_HTxB,0.29500000000000004,0.0,0.0,-0.0803689771686531,12,117
BL6-BALBc_HTxB,0.29500000000000004,0.0,1.0,-0.04964439640952473,12,117
BL6-BALBc_HTxB,0.29500000000000004,0.0,2.0,-0.03866851203956537,12,117
BL6-BALBc_HTxB,0.29500000000000004,0.0,5.0,-0.03357059056919543,12,117
BL6-BALBc_HTxB,0.29000000000000004,0.0,0.0,-0.0803689771686531,12,117
BL6-BALBc_HTxB,0.29000000000000004,0.0,1.0,-0.04964439640952473,12,117
BL6-BALBc_HTxB,0.29000000000000004,0.0,2.0,-0.03866851203956537,12,117
BL6-BALBc_HTxB,0.29000000000000004,0.0,5.0,-0.03357059056919543,12,117
BL6-BALBc_HTxB,0.28500000000000003,0.0,0.0,-0.0803689771686531,12,117
BL6-BALBc_HTxB,0.28500000000000003,0.0,1.0,-0.04964439640952473,12,117
BL6-BALBc_HTxB,0.28500000000000003,0.0,2.0,-0.03866851203956537,12,117
BL6-BALBc_HTxB,0.28500000000000003,0.0,5.0,-0.03357059056919543,12,117
BL6-BALBc_HTxB,0.28,0.0,0.0,-0.0803689771686531,12,117
BL6-BALBc_HTxB,0.28,0.0,1.0,-0.04964439640952473,12,117
BL6-BALBc_HTxB,0.28,0.0,2.0,-0.03866851203956537,12,117
BL6-BALBc_HTxB,0.28,0.0,5.0,-0.03357059056919543,12,117
BL6-BALBc_HTxB,0.275,0.0,0.0,-0.0803689771686531,12,117
BL6-BALBc_HTxB,0.275,0.0,1.0,-0.04964439640952473,12,117
BL6-BALBc_HTxB,0.275,0.0,2.0,-0.03866851203956537,12,117
BL6-BALBc_HTxB,0.275,0.0,5.0,-0.03357059056919543,12,117
BL6-BALBc_HTxB,0.27,0.0,0.0,-0.0803689771686531,12,117
BL6-BALBc_HTxB,0.27,0.0,1.0,-0.04964439640952473,12,117
BL6-BALBc_HTxB,0.27,0.0,2.0,-0.03866851203956537,12,117
BL6-BALBc_HTxB,0.27,0.0,5.0,-0.03357059056919543,12,117
BL6-BALBc_HTxB,0.265,0.0,0.0,-0.0803689771686531,12,117
BL6-BALBc_HTxB,0.265,0.0,1.0,-0.04964439640952473,12,117
BL6-BALBc_HTxB,0.265,0.0,2.0,-0.03866851203956537,12,117
BL6-BALBc_HTxB,0.265,0.0,5.0,-0.03357059056919543,12,117
BL6-BALBc_HTxB,0.26,0.0,0.0,-0.0803689771686531,12,117
BL6-BALBc_HTxB,0.26,0.0,1.0,-0.04964439640952473,12,117
BL6-BALBc_HTxB,0.26,0.0,2.0,-0.03866851203956537,12,117
BL6-BALBc_HTxB,0.26,0.0,5.0,-0.03357059056919543,12,117
BL6-BALBc_HTxB,0.255,0.0,0.0,-0.0803689771686531,12,117
BL6-BALBc_HTxB,0.255,0.0,1.0,-0.04964439640952473,12,117
BL6-BALBc_HTxB,0.255,0.0,2.0,-0.03866851203956537,12,117
BL6-BALBc_HTxB,0.255,0.0,5.0,-0.03357059056919543,12,117
BL6-BALBc_HTxB,0.25,0.0,0.0,-0.0803689771686531,12,117
BL6-BALBc_HTxB,0.25,0.0,1.0,-0.04964439640952473,12,117
BL6-BALBc_HTxB,0.25,0.0,2.0,-0.03866851203956537,12,117
BL6-BALBc_HTxB,0.25,0.0,5.0,-0.03357059056919543,12,117
BL6-BALBc_HTxB,0.245,0.0,0.0,-0.0803689771686531,12,117
BL6-BALBc_HTxB,0.245,0.0,1.0,-0.04964439640952473,12,117
BL6-BALBc_HTxB,0.245,0.0,2.0,-0.03866851203956537,12,117
BL6-BALBc_HTxB,0.245,0.0,5.0,-0.03357059056919543,12,117
BL6-BALBc_HTxB,0.24,0.0,0.0,-0.0803689771686531,12,117
BL6-BALBc_HTxB,0.24,0.0,1.0,-0.04964439640952473,12,117
BL6-BALBc_HTxB,0.24,0.0,2.0,-0.03866851203956537,12,117
BL6-BALBc_HTxB,0.24,0.0,5.0,-0.03357059056919543,12,117
BL6-BALBc_HTxB,0.235,0.0,0.0,-0.0803689771686531,12,117
BL6-BALBc_HTxB,0.235,0.0,1.0,-0.04964439640952473,12,117
BL6-BALBc_HTxB,0.235,0.0,2.0,-0.03866851203956537,12,117
BL6-BALBc_HTxB,0.235,0.0,5.0,-0.03357059056919543,12,117
BL6-BALBc_HTxB,0.22999999999999998,0.0,0.0,-0.0803689771686531,12,117
BL6-BALBc_HTxB,0.22999999999999998,0.0,1.0,-0.04964439640952473,12,117
BL6-BALBc_HTxB,0.22999999999999998,0.0,2.0,-0.03866851203956537,12,117
BL6-BALBc_HTxB,0.22999999999999998,0.0,5.0,-0.03357059056919543,12,117
BL6-BALBc_HTxB,0.22499999999999998,0.0,0.0,-0.0803689771686531,12,117
BL6-BALBc_HTxB,0.22499999999999998,0.0,1.0,-0.04964439640952473,12,117
BL6-BALBc_HTxB,0.22499999999999998,0.0,2.0,-0.03866851203956537,12,117
BL6-BALBc_HTxB,0.22499999999999998,0.0,5.0,-0.03357059056919543,12,117
BL6-BALBc_HTxB,0.21999999999999997,0.0,0.0,-0.0803689771686531,12,117
BL6-BALBc_HTxB,0.21999999999999997,0.0,1.0,-0.04964439640952473,12,117
BL6-BALBc_HTxB,0.21999999999999997,0.0,2.0,-0.03866851203956537,12,117
BL6-BALBc_HTxB,0.21999999999999997,0.0,5.0,-0.03357059056919543,12,117
BL6-BALBc_HTxB,0.21499999999999997,0.0,0.0,-0.0803689771686531,12,117
BL6-BALBc_HTxB,0.21499999999999997,0.0,1.0,-0.04964439640952473,12,117
BL6-BALBc_HTxB,0.21499999999999997,0.0,2.0,-0.03866851203956537,12,117
BL6-BALBc_HTxB,0.21499999999999997,0.0,5.0,-0.03357059056919543,12,117
BL6-BALBc_HTxB,0.20999999999999996,0.0,0.0,-0.0803689771686531,12,117
BL6-BALBc_HTxB,0.20999999999999996,0.0,1.0,-0.04964439640952473,12,117
BL6-BALBc_HTxB,0.20999999999999996,0.0,2.0,-0.03866851203956537,12,117
BL6-BALBc_HTxB,0.20999999999999996,0.0,5.0,-0.03357059056919543,12,117
BL6-BALBc_HTxB,0.20499999999999996,0.0,0.0,-0.0803689771686531,12,117
BL6-BALBc_HTxB,0.20499999999999996,0.0,1.0,-0.04964439640952473,12,117
BL6-BALBc_HTxB,0.20499999999999996,0.0,2.0,-0.03866851203956537,12,117
BL6-BALBc_HTxB,0.20499999999999996,0.0,5.0,-0.03357059056919543,12,117
BL6-BALBc_HTxB,0.19999999999999996,0.0,0.0,-0.0803689771686531,12,117
BL6-BALBc_HTxB,0.19999999999999996,0.0,1.0,-0.04964439640952473,12,117
BL6-BALBc_HTxB,0.19999999999999996,0.0,2.0,-0.03866851203956537,12,117
BL6-BALBc_HTxB,0.19999999999999996,0.0,5.0,-0.03357059056919543,12,117
BL6-BALBc_HTxB,0.19499999999999995,0.0,0.0,-0.0803689771686531,12,117
BL6-BALBc_HTxB,0.19499999999999995,0.0,1.0,-0.04964439640952473,12,117
BL6-BALBc_HTxB,0.19499999999999995,0.0,2.0,-0.03866851203956537,12,117
BL6-BALBc_HTxB,0.19499999999999995,0.0,5.0,-0.03357059056919543,12,117
BL6-BALBc_HTxB,0.18999999999999995,0.0,0.0,-0.0803689771686531,12,117
BL6-BALBc_HTxB,0.18999999999999995,0.0,1.0,-0.04964439640952473,12,117
BL6-BALBc_HTxB,0.18999999999999995,0.0,2.0,-0.03866851203956537,12,117
BL6-BALBc_HTxB,0.18999999999999995,0.0,5.0,-0.03357059056919543,12,117
BL6-BALBc_HTxB,0.18499999999999994,0.0,0.0,-0.0803689771686531,12,117
BL6-BALBc_HTxB,0.18499999999999994,0.0,1.0,-0.04964439640952473,12,117
BL6-BALBc_HTxB,0.18499999999999994,0.0,2.0,-0.03866851203956537,12,117
BL6-BALBc_HTxB,0.18499999999999994,0.0,5.0,-0.03357059056919543,12,117
BL6-BALBc_HTxB,0.17999999999999994,0.0,0.0,-0.0803689771686531,12,117
BL6-BALBc_HTxB,0.17999999999999994,0.0,1.0,-0.04964439640952473,12,117
BL6-BALBc_HTxB,0.17999999999999994,0.0,2.0,-0.03866851203956537,12,117
BL6-BALBc_HTxB,0.17999999999999994,0.0,5.0,-0.03357059056919543,12,117
BL6-BALBc_HTxB,0.17499999999999993,0.0,0.0,-0.0803689771686531,12,117
BL6-BALBc_HTxB,0.17499999999999993,0.0,1.0,-0.04964439640952473,12,117
BL6-BALBc_HTxB,0.17499999999999993,0.0,2.0,-0.03866851203956537,12,117
BL6-BALBc_HTxB,0.17499999999999993,0.0,5.0,-0.03357059056919543,12,117
BL6-BALBc_HTxB,0.16999999999999993,0.0,0.0,-0.0803689771686531,12,117
BL6-BALBc_HTxB,0.16999999999999993,0.0,1.0,-0.04964439640952473,12,117
BL6-BALBc_HTxB,0.16999999999999993,0.0,2.0,-0.03866851203956537,12,117
BL6-BALBc_HTxB,0.16999999999999993,0.0,5.0,-0.03357059056919543,12,117
BL6-BALBc_HTxB,0.16500000000000004,0.0,0.0,-0.0803689771686531,12,117
BL6-BALBc_HTxB,0.16500000000000004,0.0,1.0,-0.04964439640952473,12,117
BL6-BALBc_HTxB,0.16500000000000004,0.0,2.0,-0.03866851203956537,12,117
BL6-BALBc_HTxB,0.16500000000000004,0.0,5.0,-0.03357059056919543,12,117
BL6-BALBc_HTxB,0.16000000000000003,0.0,0.0,-0.0803689771686531,12,117
BL6-BALBc_HTxB,0.16000000000000003,0.0,1.0,-0.04964439640952473,12,117
BL6-BALBc_HTxB,0.16000000000000003,0.0,2.0,-0.03866851203956537,12,117
BL6-BALBc_HTxB,0.16000000000000003,0.0,5.0,-0.03357059056919543,12,117
BL6-BALBc_HTxB,0.15500000000000003,0.0,0.0,-0.0803689771686531,12,117
BL6-BALBc_HTxB,0.15500000000000003,0.0,1.0,-0.04964439640952473,12,117
BL6-BALBc_HTxB,0.15500000000000003,0.0,2.0,-0.03866851203956537,12,117
BL6-BALBc_HTxB,0.15500000000000003,0.0,5.0,-0.03357059056919543,12,117
BL6-BALBc_HTxB,0.15000000000000002,0.0,0.0,-0.0803689771686531,12,117
BL6-BALBc_HTxB,0.15000000000000002,0.0,1.0,-0.04964439640952473,12,117
BL6-BALBc_HTxB,0.15000000000000002,0.0,2.0,-0.03866851203956537,12,117
BL6-BALBc_HTxB,0.15000000000000002,0.0,5.0,-0.03357059056919543,12,117
BL6-BALBc_HTxB,0.14500000000000002,0.0,0.0,-0.0803689771686531,12,117
BL6-BALBc_HTxB,0.14500000000000002,0.0,1.0,-0.04964439640952473,12,117
BL6-BALBc_HTxB,0.14500000000000002,0.0,2.0,-0.03866851203956537,12,117
BL6-BALBc_HTxB,0.14500000000000002,0.0,5.0,-0.03357059056919543,12,117
BL6-BALBc_HTxB,0.14,0.0,0.0,-0.0803689771686531,12,117
BL6-BALBc_HTxB,0.14,0.0,1.0,-0.04964439640952473,12,117
BL6-BALBc_HTxB,0.14,0.0,2.0,-0.03866851203956537,12,117
BL6-BALBc_HTxB,0.14,0.0,5.0,-0.03357059056919543,12,117
BL6-BALBc_HTxB,0.135,0.0,0.0,-0.0803689771686531,12,117
BL6-BALBc_HTxB,0.135,0.0,1.0,-0.04964439640952473,12,117
BL6-BALBc_HTxB,0.135,0.0,2.0,-0.03866851203956537,12,117
BL6-BALBc_HTxB,0.135,0.0,5.0,-0.03357059056919543,12,117
BL6-BALBc_HTxB,0.13,0.0,0.0,-0.0803689771686531,12,117
BL6-BALBc_HTxB,0.13,0.0,1.0,-0.04964439640952473,12,117
BL6-BALBc_HTxB,0.13,0.0,2.0,-0.03866851203956537,12,117
BL6-BALBc_HTxB,0.13,0.0,5.0,-0.03357059056919543,12,117
BL6-BALBc_HTxB,0.125,0.0,0.0,-0.0803689771686531,12,117
BL6-BALBc_HTxB,0.125,0.0,1.0,-0.04964439640952473,12,117
BL6-BALBc_HTxB,0.125,0.0,2.0,-0.03866851203956537,12,117
BL6-BALBc_HTxB,0.125,0.0,5.0,-0.03357059056919543,12,117
BL6-BALBc_HTxB,0.12,0.0,0.0,-0.0803689771686531,12,117
BL6-BALBc_HTxB,0.12,0.0,1.0,-0.04964439640952473,12,117
BL6-BALBc_HTxB,0.12,0.0,2.0,-0.03866851203956537,12,117
BL6-BALBc_HTxB,0.12,0.0,5.0,-0.03357059056919543,12,117
BL6-BALBc_HTxB,0.11499999999999999,0.0,0.0,-0.0803689771686531,12,117
BL6-BALBc_HTxB,0.11499999999999999,0.0,1.0,-0.04964439640952473,12,117
BL6-BALBc_HTxB,0.11499999999999999,0.0,2.0,-0.03866851203956537,12,117
BL6-BALBc_HTxB,0.11499999999999999,0.0,5.0,-0.03357059056919543,12,117
BL6-BALBc_HTxB,0.10999999999999999,0.0,0.0,-0.0803689771686531,12,117
BL6-BALBc_HTxB,0.10999999999999999,0.0,1.0,-0.04964439640952473,12,117
BL6-BALBc_HTxB,0.10999999999999999,0.0,2.0,-0.03866851203956537,12,117
BL6-BALBc_HTxB,0.10999999999999999,0.0,5.0,-0.03357059056919543,12,117
BL6-BALBc_HTxB,0.10499999999999998,0.0,0.0,-0.0803689771686531,12,117
BL6-BALBc_HTxB,0.10499999999999998,0.0,1.0,-0.04964439640952473,12,117
BL6-BALBc_HTxB,0.10499999999999998,0.0,2.0,-0.03866851203956537,12,117
BL6-BALBc_HTxB,0.10499999999999998,0.0,5.0,-0.03357059056919543,12,117
BL6-BALBc_HTxB,0.09999999999999998,0.0,0.0,-0.0803689771686531,12,117
BL6-BALBc_HTxB,0.09999999999999998,0.0,1.0,-0.04964439640952473,12,117
BL6-BALBc_HTxB,0.09999999999999998,0.0,2.0,-0.03866851203956537,12,117
BL6-BALBc_HTxB,0.09999999999999998,0.0,5.0,-0.03357059056919543,12,117
BL6-BALBc_HTxB,0.09499999999999997,0.0,0.0,-0.0803689771686531,12,117
BL6-BALBc_HTxB,0.09499999999999997,0.0,1.0,-0.04964439640952473,12,117
BL6-BALBc_HTxB,0.09499999999999997,0.0,2.0,-0.03866851203956537,12,117
BL6-BALBc_HTxB,0.09499999999999997,0.0,5.0,-0.03357059056919543,12,117
BL6-BALBc_HTxB,0.08999999999999997,0.0,0.0,-0.0803689771686531,12,117
BL6-BALBc_HTxB,0.08999999999999997,0.0,1.0,-0.04964439640952473,12,117
BL6-BALBc_HTxB,0.08999999999999997,0.0,2.0,-0.03866851203956537,12,117
BL6-BALBc_HTxB,0.08999999999999997,0.0,5.0,-0.03357059056919543,12,117
BL6-BALBc_HTxB,0.08499999999999996,0.0,0.0,-0.0803689771686531,12,117
BL6-BALBc_HTxB,0.08499999999999996,0.0,1.0,-0.04964439640952473,12,117
BL6-BALBc_HTxB,0.08499999999999996,0.0,2.0,-0.03866851203956537,12,117
BL6-BALBc_HTxB,0.08499999999999996,0.0,5.0,-0.03357059056919543,12,117
BL6-BALBc_HTxB,0.07999999999999996,0.0,0.0,-0.0803689771686531,12,117
BL6-BALBc_HTxB,0.07999999999999996,0.0,1.0,-0.04964439640952473,12,117
BL6-BALBc_HTxB,0.07999999999999996,0.0,2.0,-0.03866851203956537,12,117
BL6-BALBc_HTxB,0.07999999999999996,0.0,5.0,-0.03357059056919543,12,117
BL6-BALBc_HTxB,0.07499999999999996,0.0,0.0,-0.0803689771686531,12,117
BL6-BALBc_HTxB,0.07499999999999996,0.0,1.0,-0.04964439640952473,12,117
BL6-BALBc_HTxB,0.07499999999999996,0.0,2.0,-0.03866851203956537,12,117
BL6-BALBc_HTxB,0.07499999999999996,0.0,5.0,-0.03357059056919543,12,117
BL6-BALBc_HTxB,0.06999999999999995,0.0,0.0,-0.0803689771686531,12,117
BL6-BALBc_HTxB,0.06999999999999995,0.0,1.0,-0.04964439640952473,12,117
BL6-BALBc_HTxB,0.06999999999999995,0.0,2.0,-0.03866851203956537,12,117
BL6-BALBc_HTxB,0.06999999999999995,0.0,5.0,-0.03357059056919543,12,117
BL6-BALBc_HTxB,0.06499999999999995,0.0,0.0,-0.0803689771686531,12,117
BL6-BALBc_HTxB,0.06499999999999995,0.0,1.0,-0.04964439640952473,12,117
BL6-BALBc_HTxB,0.06499999999999995,0.0,2.0,-0.03866851203956537,12,117
BL6-BALBc_HTxB,0.06499999999999995,0.0,5.0,-0.03357059056919543,12,117
BL6-BALBc_HTxB,0.05999999999999994,0.0,0.0,-0.0803689771686531,12,117
BL6-BALBc_HTxB,0.05999999999999994,0.0,1.0,-0.04964439640952473,12,117
BL6-BALBc_HTxB,0.05999999999999994,0.0,2.0,-0.03866851203956537,12,117
BL6-BALBc_HTxB,0.05999999999999994,0.0,5.0,-0.03357059056919543,12,117
BL6-BALBc_HTxB,0.05499999999999994,0.0,0.0,-0.0803689771686531,12,117
BL6-BALBc_HTxB,0.05499999999999994,0.0,1.0,-0.04964439640952473,12,117
BL6-BALBc_HTxB,0.05499999999999994,0.0,2.0,-0.03866851203956537,12,117
BL6-BALBc_HTxB,0.05499999999999994,0.0,5.0,-0.03357059056919543,12,117
BL6-BALBc_HTxB,0.04999999999999993,0.0,0.0,-0.0803689771686531,12,117
BL6-BALBc_HTxB,0.04999999999999993,0.0,1.0,-0.04964439640952473,12,117
BL6-BALBc_HTxB,0.04999999999999993,0.0,2.0,-0.03866851203956537,12,117
BL6-BALBc_HTxB,0.04999999999999993,0.0,5.0,-0.03357059056919543,12,117
BL6-BALBc_HTxB,0.04499999999999993,0.0,0.0,-0.0803689771686531,12,117
BL6-BALBc_HTxB,0.04499999999999993,0.0,1.0,-0.04964439640952473,12,117
BL6-BALBc_HTxB,0.04499999999999993,0.0,2.0,-0.03866851203956537,12,117
BL6-BALBc_HTxB,0.04499999999999993,0.0,5.0,-0.03357059056919543,12,117
BL6-BALBc_HTxB,0.040000000000000036,0.0,0.0,-0.0803689771686531,12,117
BL6-BALBc_HTxB,0.040000000000000036,0.0,1.0,-0.04964439640952473,12,117
BL6-BALBc_HTxB,0.040000000000000036,0.0,2.0,-0.03866851203956537,12,117
BL6-BALBc_HTxB,0.040000000000000036,0.0,5.0,-0.03357059056919543,12,117
BL6-BALBc_HTxB,0.03500000000000003,0.0,0.0,-0.0803689771686531,12,117
BL6-BALBc_HTxB,0.03500000000000003,0.0,1.0,-0.04964439640952473,12,117
BL6-BALBc_HTxB,0.03500000000000003,0.0,2.0,-0.03866851203956537,12,117
BL6-BALBc_HTxB,0.03500000000000003,0.0,5.0,-0.03357059056919543,12,117
BL6-BALBc_HTxB,0.030000000000000027,0.0,0.0,-0.0803689771686531,12,117
BL6-BALBc_HTxB,0.030000000000000027,0.0,1.0,-0.04964439640952473,12,117
BL6-BALBc_HTxB,0.030000000000000027,0.0,2.0,-0.03866851203956537,12,117
BL6-BALBc_HTxB,0.030000000000000027,0.0,5.0,-0.03357059056919543,12,117
BL6-BALBc_HTxB,0.025000000000000022,0.0,0.0,-0.0803689771686531,12,117
BL6-BALBc_HTxB,0.025000000000000022,0.0,1.0,-0.04964439640952473,12,117
BL6-BALBc_HTxB,0.025000000000000022,0.0,2.0,-0.03866851203956537,12,117
BL6-BALBc_HTxB,0.025000000000000022,0.0,5.0,-0.03357059056919543,12,117
BL6-BALBc_HTxB,0.020000000000000018,0.0,0.0,-0.0803689771686531,12,117
BL6-BALBc_HTxB,0.020000000000000018,0.0,1.0,-0.04964439640952473,12,117
BL6-BALBc_HTxB,0.020000000000000018,0.0,2.0,-0.03866851203956537,12,117
BL6-BALBc_HTxB,0.020000000000000018,0.0,5.0,-0.03357059056919543,12,117
BL6-BALBc_HTxB,0.015000000000000013,0.0,0.0,-0.0803689771686531,12,117
BL6-BALBc_HTxB,0.015000000000000013,0.0,1.0,-0.04964439640952473,12,117
BL6-BALBc_HTxB,0.015000000000000013,0.0,2.0,-0.03866851203956537,12,117
BL6-BALBc_HTxB,0.015000000000000013,0.0,5.0,-0.03357059056919543,12,117
BL6-BALBc_HTxB,0.010000000000000009,0.0,0.0,-0.0803689771686531,12,117
BL6-BALBc_HTxB,0.010000000000000009,0.0,1.0,-0.04964439640952473,12,117
BL6-BALBc_HTxB,0.010000000000000009,0.0,2.0,-0.03866851203956537,12,117
BL6-BALBc_HTxB,0.010000000000000009,0.0,5.0,-0.03357059056919543,12,117
BL6-BALBc_HTxB,0.0050000000000000044,0.0,0.0,-0.0803689771686531,12,117
BL6-BALBc_HTxB,0.0050000000000000044,0.0,1.0,-0.04964439640952473,12,117
BL6-BALBc_HTxB,0.0050000000000000044,0.0,2.0,-0.03866851203956537,12,117
BL6-BALBc_HTxB,0.0050000000000000044,0.0,5.0,-0.03357059056919543,12,117
BL6-BALBc_HTxB,0.0,0.0,0.0,-0.0803689771686531,12,117
BL6-BALBc_HTxB,0.0,0.0,1.0,-0.04964439640952473,12,117
BL6-BALBc_HTxB,0.0,0.0,2.0,-0.03866851203956537,12,117
BL6-BALBc_HTxB,0.0,0.0,5.0,-0.03357059056919543,12,117
