clonotype,n_cells,mean_entropy,coherence,mean_total_dex,ignore_gate,dominant,second,second_frac_of_dom,second_rank2_frac,dual_candidate
AV14-2-CAASADTGNYKYVF-AJ40_BV13-3-CASSDPGEDQAPLF-BJ1-5,117,1.4365508549707942,,68.03418803418803,False,VGPRYTNL,VIVRFLTV,0.45042782923318436,0.8803418803418803,True
AV13-2-CAPNNNAGAKLTF-AJ39_BV14-CASSDRYEQYF-BJ2-7,91,1.4566375317625284,0.9611703025148721,94.48351648351648,False,INFDFPKL,VAFDFTKV,0.5604370353367539,0.9230769230769231,True
AV9-2-CVLNTGYQNFYF-AJ49_BV13-1-CASSDPGREQYF-BJ2-7,76,0.9263464381669393,,51.30263157894737,False,RAYLFNSV,SNYLFTKL,0.2733669274971452,0.7368421052631579,True
AV16N-CAMRDTNAYKVIF-AJ30_BV13-2-CASGGANTEVFF-BJ1-1,74,0.92076656781729,0.9301913609804204,75.22972972972973,False,RTYTYEKL,RAYLFNSV,0.13796467517372515,0.7432432432432432,True
AV16-CAMREANTGYQNFYF-AJ49_BV13-2-CASGPGGQNTLYF-BJ2-4,63,1.4330848964002114,0.935682338097646,41.333333333333336,False,SNYLFTKL,SVYVYKVL,0.7365514017788187,0.746031746031746,True
AV16N-CAMREGGSNNRIFF-AJ31_BV13-2-CASGEGPANSDYTF-BJ1-2,54,1.23722814385245,0.923853704298794,43.2962962962963,False,SVYVYKVL,RTYTYEKL,0.28184702706261566,0.7962962962962963,True
AV13-4/DV7-CAMAGDYANKMIF-AJ47_BV14-CASSFRTEVFF-BJ1-1,52,1.388406781083574,0.9251312129436751,79.53846153846153,False,VAFDFTKV,INFDFPKL,0.38430111791729915,0.9038461538461539,True
AV4-4/DV10-CAAMDYANKMIF-AJ47_BV2-CASSQDRGYNNQAPLF-BJ1-5,20,1.4138116172595774,0.9444829198690716,86.15,False,INFDFPKL,VAFDFTKV,0.3300632562134761,0.75,True
AV8-1-CATDASSGSWQLIF-AJ22_BV13-2-CASGDEGTYNSPLYF-BJ1-6,20,1.336738576970511,0.9636645005101692,57.05,False,VGPRYTNL,VIVRFLTV,0.25272569604032913,0.8,True
AV1-CAVRDRTGNTGKLIF-AJ37_BV13-2-CASGDQGNSGNTLYF-BJ1-3,18,0.7133347832241518,0.9016995426602133,144.66666666666666,False,RTYTYEKL,SNYLFTKL,0.10970262440065469,0.8888888888888888,True
AV6-6-CALGDHSNYQLIW-AJ33_BV4-CASSSPYEQYF-BJ2-7,17,1.4620991846553077,0.9065007792713341,50.76470588235294,False,VGPRYTNL,VIVRFLTV,0.34756709630760374,0.6470588235294118,True
AV8N-2-CATDSRGGRALIF-AJ15_BV3-CASSAGLGAEQYF-BJ2-7,17,1.6759468658627839,0.680130882760351,22.764705882352942,False,VGPRYTNL,ATLVFHNL,0.43505673180023585,0.7058823529411765,True
AV13-1-CALLNTGKLTF-AJ27_BV29-CASSWDRVYEQYF-BJ2-7,15,1.626690348164466,0.8302927385139585,79.93333333333334,False,VAFDFTKV,INFDFPKL,0.6567666250972642,0.8,True
AV13-2-CAMNNNAGAKLTF-AJ39_BV14-CASTDRGEQYF-BJ2-7,15,1.199081273249537,0.9700886910507268,103.4,False,INFDFPKL,VAFDFTKV,0.25028628077640475,0.9333333333333333,True
AV13-2-CAMDSNYQLIW-AJ33_BV13-2-CASGDRNTLYF-BJ1-3,14,1.0006676110229764,0.9329993273637891,21.714285714285715,False,SNYLFTKL,RTYTYEKL,0.15557526900585178,0.6428571428571429,True
AV13-1-CALVTGYQNFYF-AJ49_BV5-CASSQDRSQNTLYF-BJ2-4,11,1.5019865994707238,0.860685503447262,42.72727272727273,False,VAFDFTKV,INFDFPKL,0.32909670329471497,0.7272727272727273,True
AV8D-2-CATDNYAQGLTF-AJ26_BV3-CASSLAREYEQYF-BJ2-7,11,0.8856336176576002,0.9582449175668973,40.09090909090909,False,VGPRYTNL,ATLVFHNL,0.12911147249674396,0.6363636363636364,True
AV12-1-CALSDHGGSGGKLTL-AJ44_BV1-CTCSAVRISNERLFF-BJ1-4,10,1.1626379340522726,0.9622511701035986,37.6,False,RAYLFNSV,RTYTYEKL,0.11748791333787031,0.6,True
AV16-CAMRDSNTGYQNFYF-AJ49_BV13-2-CASGDGGKNTLYF-BJ2-4,10,1.5550240524237124,0.9368093152854802,41.8,False,SNYLFTKL,SVYVYKVL,0.6972029274915735,0.9,True
AV3D-3-CAVRGGSGGKLTL-AJ44_BV13-3-CASSGGPTGQLYF-BJ2-2,10,1.4683189029670347,0.39887897067207323,11.0,False,VSFTYRYL,RTYTYEKL,0.8054705512445063,0.6,True
AV16-CAMREGGAGNTGKLIF-AJ37_BV13-2-CASGELYEQYF-BJ2-7,9,0.9954783081317468,0.981587449250076,42.0,False,SNYLFTKL,SVYVYKVL,0.12344763530466023,0.6666666666666666,True
AV12-2-CAFLPGTGSNRLTF-AJ28_BV13-2-CASGGVAEQFF-BJ2-1,8,1.2551646552217233,0.9897853015623014,91.375,False,VGPRYTNL,VIVRFLTV,0.761037525851618,0.875,True
AV13-2-CAIDDNMGYKLTF-AJ9_BV26-CASSLRGEQYF-BJ2-7,8,1.0590669125043206,0.9645653817096879,27.375,False,RAYLFNSV,RTYTYEKL,0.11840683945160486,0.75,True
AV14D-3/DV8-CAASEDNYAQGLTF-AJ26_BV31-CAWRDNTEVFF-BJ1-1,8,1.0122483274466219,0.9733313361241883,123.625,False,VIVRFLTV,VGPRYTNL,0.2794118501143748,1.0,True
AV5-4-CASSSFSKLVF-AJ50_BV13-2-CASGEGQVEQYF-BJ2-7,8,1.5938644759132181,0.9168157290213536,38.625,False,ATLVFHNL,SVYVYKVL,0.7185472788662172,0.75,True
AV13-2-CALEQTGFASALTF-AJ35_BV3-CASSLGGSQNTLYF-BJ2-4,7,1.664424102287768,0.9642560804730441,51.42857142857143,False,VAFDFTKV,INFDFPKL,0.6818509099999489,0.8571428571428571,True
AV14D-3/DV8-CAATGNTGKLIF-AJ37_BV19-CASSIVRVSYEQYF-BJ2-7,7,1.3442051661380006,0.9148831012248393,28.571428571428573,False,RAYLFNSV,RTYTYEKL,0.21887140818386355,0.7142857142857143,True
AV9-2-CAPIASSSFSKLVF-AJ50_BV13-2-CASGDVGGANERLFF-BJ1-4,7,1.7268655165940199,0.9433490824527018,33.714285714285715,False,VIVRFLTV,VGPRYTNL,0.7999125455451002,0.7142857142857143,True
AV16N-CAMRDDSGYNKLTF-AJ11_BV13-2-CASGDAGTGVDSDYTF-BJ1-2,6,1.1592356119348783,0.941052911656822,31.5,False,SNYLFTKL,RTYTYEKL,0.10240277382189027,0.6666666666666666,True
AV13-1-CALEQTGFASALTF-AJ35_BV3-CASSLGGSQNTLYF-BJ2-4,5,1.689182269063144,0.9445960940968032,84.2,False,INFDFPKL,VAFDFTKV,0.8979567640180226,0.8,True
AV16/DV11-CAMREGDSGYNKLTF-AJ11_BV13-2-CASGTGGANTLYF-BJ2-4,5,1.5410232573786844,0.962412011441893,32.2,False,RTYTYEKL,SVYVYKVL,0.370504901367727,0.8,True
AV16/DV11-CAMREGGAGNTGKLIF-AJ37_BV13-2-CASGDYYEQYF-BJ2-7,5,0.878186196121834,0.9874035455726174,53.2,False,SNYLFTKL,VGPRYTNL,0.10734120896176144,0.8,True
AV16/DV11-CAMREEGGRALIF-AJ15_BV13-2-CASGDQGASGNTLYF-BJ1-3,607,0.279577640692304,,219.95057660626028,False,RTYTYEKL,VGPRYTNL,0.010142695259247693,0.19110378912685339,False
AV16N-CAMRDDTNAYKVIF-AJ30_BV13-1-CASKDTYEQYF-BJ2-7,413,0.5165815175910555,,90.16222760290557,False,SNYLFTKL,RTYTYEKL,0.026790603392950724,0.29782082324455206,False
AV16/DV11-CAMREPYQGGRALIF-AJ15_BV13-3-CASSERVNQDTQYF-BJ2-5,361,0.7942507699154845,0.9569018568024794,50.24930747922438,False,RAYLFNSV,RTYTYEKL,0.05544783752611946,0.3047091412742382,False
AV6-6-CALGDQGTGSKLSF-AJ58_BV17-CASSPGQGYTGQLYF-BJ2-2,282,1.7761046749345428,,22.152482269503547,False,VIVRFLTV,SNYLFTKL,0.4930416792706172,0.3262411347517731,False
AV9-4-CAVSMDYANKMIF-AJ47_BV3-CASSSGPNYEQYF-BJ2-7,240,0.5231648566254496,0.9809976773942042,94.50416666666666,False,VGPRYTNL,RTYTYEKL,0.034510142354822686,0.45416666666666666,False
AV8D-2-CATDANSNNRIFF-AJ31_BV3-CASSLRDWEYEQYF-BJ2-7,235,0.9400223555879095,0.9287447119299314,55.06382978723404,False,VGPRYTNL,VIVRFLTV,0.10754506107013569,0.5191489361702127,False
AV13-2-CAIDQNAGAKLTF-AJ39_BV14-CASSLRGEQYF-BJ2-7,213,0.8419330452904955,,94.89201877934272,False,INFDFPKL,VAFDFTKV,0.05495549749360735,0.4835680751173709,False
AV6-5-CALSDHAGYQNFYF-AJ49_BV13-2-CASGARTGENYAEQFF-BJ2-1,197,1.5331487229234593,,17.15736040609137,False,VSFTYRYL,RTYTYEKL,0.18950945685894846,0.17258883248730963,False
AV14-2-CAATYSNNRLTL-AJ7_BV13-2-CASGGGWNTEVFF-BJ1-1,194,1.6575522012402908,,20.737113402061855,False,SSYTFPKM,INFDFPKL,0.28873986878885544,0.4020618556701031,False
AV16N-CAMREDSNYQLIW-AJ33_BV3-CASSLGQISNERLFF-BJ1-4,167,0.6745257034579205,,68.33532934131736,False,RAYLFNSV,RTYTYEKL,0.039003750237918446,0.3413173652694611,False
AV7-5-CAVSMDYANKMIF-AJ47_BV3-CASSLAAVYEQYF-BJ2-7,160,0.6894682493870377,0.9630471511703925,67.525,False,VGPRYTNL,RTYTYEKL,0.05714238038446354,0.35,False
AV13N-1-CAMERSNNRIFF-AJ31_BV2-CASSQDRRGDTQYF-BJ2-5,146,1.701122152977247,0.5892850586663017,15.856164383561644,False,HIYEFPQL,RTYTYEKL,0.3043148928229071,0.2671232876712329,False
AV5-4-CAASAGGSNAKLTF-AJ42_BV19-CASSIGRTGREVFF-BJ1-1,146,1.7458778782338058,,47.294520547945204,False,HIYEFPQL,RTYTYEKL,0.24361096800185522,0.2602739726027397,False
AV7D-3-CAVTGNYKYVF-AJ40_BV13-2-CASGDAQGSNERLFF-BJ1-4,146,0.4887707303647415,0.9907975759773439,97.86986301369863,False,VGPRYTNL,RTYTYEKL,0.03619214037846701,0.4931506849315068,False
AV16N-CAMREGNMGYKLTF-AJ9_BV31-CAWLGGLAETLYF-BJ2-3,145,0.7591874995237445,0.9503245416328799,50.48965517241379,False,SNYLFTKL,RTYTYEKL,0.05373947565564899,0.3448275862068966,False
AV6-7/DV9-CALRPNNAGAKLTF-AJ39_BV1-CTCSAVRVDEQYF-BJ2-7,132,0.9331869303650981,,38.72727272727273,False,RAYLFNSV,RTYTYEKL,0.06991260844470994,0.3939393939393939,False
AV9-4-CAVRWDYANKMIF-AJ47_BV3-CASSLSSYEQYF-BJ2-7,128,0.5275707504233058,0.968186069569528,109.1015625,False,VGPRYTNL,SNYLFTKL,0.03958426235643268,0.15625,False
AV9N-4-CALSTDYNQGKLIF-AJ23_BV3-CASSLGVEQYF-BJ2-7,123,0.43452265076413693,0.9441189266089829,156.96747967479675,False,VGPRYTNL,RTYTYEKL,0.04779414101049497,0.45528455284552843,False
AV16N-CAMREEGNYQLIW-AJ33_BV13-2-CASGDQGNSGNTLYF-BJ1-3,114,0.41384221085726564,0.9949396536007409,167.0701754385965,False,RTYTYEKL,VIVRFLTV,0.012109560281716905,0.14035087719298245,False
AV16N-CAMREDSNYQLIW-AJ33_BV3-CASSSGQISNERLFF-BJ1-4,109,0.8257952824044884,0.9394294513624113,40.12844036697248,False,RAYLFNSV,RTYTYEKL,0.06722569755124823,0.3761467889908257,False
AV16-CAMRDSNTGYQNFYF-AJ49_BV13-2-CASGAGGQNTLYF-BJ2-4,101,1.6140300328901582,0.7662991047487345,29.495049504950494,False,SVYVYKVL,SNYLFTKL,0.5510987978457017,0.5544554455445545,False
AV16-CAMREDSNYQLIW-AJ33_BV3-CASSLGQISNERLFF-BJ1-4,95,0.7623308550954492,0.889633366061947,52.78947368421053,False,RAYLFNSV,RTYTYEKL,0.06281389954041965,0.3473684210526316,False
AV16/DV11-CAMREGNMGYKLTF-AJ9_BV31-CAWLGGLAETLYF-BJ2-3,94,0.7348362945364095,0.9150891082844222,65.63829787234043,False,SNYLFTKL,RTYTYEKL,0.052004571495760675,0.39361702127659576,False
AV12D-2-CALNQGGSAKLIF-AJ57_BV1-CTCSADWGNYAEQFF-BJ2-1,92,1.286987920548278,,15.891304347826088,False,VSFTYRYL,RTYTYEKL,0.2111623930667219,0.33695652173913043,False
AV5-4-CAASTDYANKMIF-AJ47_BV3-CASSSGTGYEQYF-BJ2-7,89,0.7034896299026839,0.97433107678342,67.24719101123596,False,VGPRYTNL,RTYTYEKL,0.038726939032454166,0.29213483146067415,False
AV13-1-CALDNRIFF-AJ31_BV12-1-CASSDWGGAEQFF-BJ2-1,86,1.1500005891060463,0.8935711940181646,52.604651162790695,False,INFDFPKL,RTYTYEKL,0.10441676656147528,0.32558139534883723,False
AV16/DV11-CAMRGDSNYQLIW-AJ33_BV3-CASSTGQISNERLFF-BJ1-4,80,0.671440937816415,0.9723330802900194,56.3625,False,RAYLFNSV,RTYTYEKL,0.04898195592800718,0.325,False
AV7D-3-CAVSMVDSGTYQRF-AJ13_BV1-CTCSAVRVDTEVFF-BJ1-1,80,0.9479981933893458,0.9401247337171006,32.0375,False,RAYLFNSV,RTYTYEKL,0.07052811912156719,0.3625,False
AV14-1-CAARGAEQGGRALIF-AJ15_BV13-1-CASSEQGGYEQYF-BJ2-7,79,0.9296013744907806,0.9223081547694605,48.392405063291136,False,ATLVFHNL,RTYTYEKL,0.07577437547220489,0.31645569620253167,False
AV5-4-CAARGDYANKMIF-AJ47_BV3-CASSLGVDTQYF-BJ2-5,79,0.5761281672519902,0.9858140155738835,98.54430379746836,False,VGPRYTNL,RTYTYEKL,0.03620971287872242,0.35443037974683544,False
AV16-CAMRETGGNNKLTF-AJ56_BV1-CTCSAVRVGNTLYF-BJ1-3,77,0.9737411688306989,0.8578785499145568,32.84415584415584,False,RAYLFNSV,RTYTYEKL,0.10994509506381162,0.44155844155844154,False
AV19-CAAGATGYQNFYF-AJ49_BV17-CASSRLGGPYAEQFF-BJ2-1,77,0.7801121431330407,0.9356515544105353,67.79220779220779,False,SNYLFTKL,VGPRYTNL,0.06035953057701054,0.23376623376623376,False
AV9D-2-CVLSDYSNNRLTL-AJ7_BV13-2-CASGDGLGDYEQYF-BJ2-7,77,1.0387603242511294,0.8657298566546654,37.51948051948052,False,VIVRFLTV,RTYTYEKL,0.09969833176261461,0.2727272727272727,False
AV6-6-CALGDQGTGSKLSF-AJ58_BV17-CASSRGQGYTGQLYF-BJ2-2,75,1.76177130086484,,38.12,False,VIVRFLTV,SNYLFTKL,0.3532446155242978,0.4666666666666667,False
AV14-2-CAASGGYNQGKLIF-AJ23_BV3-CASSLGFQDTQYF-BJ2-5,74,0.6826448489430051,0.9856743418199788,92.75675675675676,False,VGPRYTNL,RTYTYEKL,0.03067820854871706,0.25675675675675674,False
AV13-1-CALERSNNRIFF-AJ31_BV2-CASSQDRRGDTQYF-BJ2-5,68,1.4033159740010699,0.6138240098048157,11.0,False,HIYEFPQL,RTYTYEKL,0.23968358472514598,0.3235294117647059,False
AV5-4-CAASAGGSNAKLTF-AJ42_BV19-CASSIGRTGNTLYF-BJ1-3,65,1.6723858318386244,0.5484998409265112,14.830769230769231,False,HIYEFPQL,RTYTYEKL,0.31685134586292313,0.2153846153846154,False
AV14D-1-CAASSGSWQLIF-AJ22_BV17-CASRSRDIYNSPLYF-BJ1-6,63,0.8556358872672721,0.9564997565166805,39.095238095238095,False,RAYLFNSV,RTYTYEKL,0.04434002316529995,0.3492063492063492,False
AV3D-3-CAVSNNRIFF-AJ31_BV1-CTCSALGGDTLYF-BJ2-4,63,1.243775787711318,,30.19047619047619,False,VSFTYRYL,RTYTYEKL,0.07898989281273168,0.2698412698412698,False
AV12-2-CALSMQQGTGSKLSF-AJ58_BV1-CTCSAVRISNERLFF-BJ1-4,62,1.0748492891804995,,25.20967741935484,False,RAYLFNSV,RTYTYEKL,0.12717160039945594,0.45161290322580644,False
AV13N-1-CAMERSNNRIFF-AJ31_BV2-CASSQDRRGGEQYF-BJ2-7,62,1.7365200596766928,,16.419354838709676,False,HIYEFPQL,RTYTYEKL,0.3697283745223049,0.3548387096774194,False
AV14-3-CAATSSSFSKLVF-AJ50_BV13-2-CASGERLDAEQFF-BJ2-1,62,1.3661210440344416,0.7402622144551217,19.725806451612904,False,SVYVYKVL,RTYTYEKL,0.18996769694225082,0.27419354838709675,False
AV2-CIVTVSGGNYKPTF-AJ6_BV13-1-CASSDRDTQAPLF-BJ1-5,60,0.8969069357249772,,35.61666666666667,False,SSYTFPKM,RTYTYEKL,0.0662183229745435,0.43333333333333335,False
AV3-3-CAVSASNNAGAKLTF-AJ39_BV5-CASSPDRGDERLFF-BJ1-4,60,1.5339796790715317,0.45478155134917375,11.983333333333333,False,HIYEFPQL,RTYTYEKL,0.6396722649332613,0.21666666666666667,False
AV5-1-CSASSGTGGYKVVF-AJ12_BV13-1-CASSETGVSSYEQYF-BJ2-7,60,1.6969190341512272,0.5923055808239941,24.15,False,VSFTYRYL,RTYTYEKL,0.4113304233633149,0.16666666666666666,False
AV10D-CAASMDYANKMIF-AJ47_BV3-CASSLGTGYEQYF-BJ2-7,59,0.7446326369686374,,84.20338983050847,False,VGPRYTNL,RTYTYEKL,0.03635681796354198,0.4067796610169492,False
AV19-CAAGNTGYQNFYF-AJ49_BV17-CASSRLGSSYEQYF-BJ2-7,59,0.9068649566808658,0.9051114143865541,50.067796610169495,False,SNYLFTKL,RTYTYEKL,0.09562147435204288,0.3050847457627119,False
AV16N-CAMRENNYAQGLTF-AJ26_BV13-2-CASGDWGVEQYF-BJ2-7,54,0.5505232562297055,,200.8148148148148,False,SNYLFTKL,RTYTYEKL,0.023191784587093464,0.48148148148148145,False
AV7-4-CAASENTGNYKYVF-AJ40_BV20-CGASPSGNTLYF-BJ1-3,54,1.111422965706181,0.7909842470585922,27.38888888888889,False,SNYLFTKL,RTYTYEKL,0.11904740065090468,0.2777777777777778,False
AV10N-CAASMDTGYQNFYF-AJ49_BV13-2-CASGDVGGANERLFF-BJ1-4,53,1.6157821545595652,0.7648762168228511,39.301886792452834,False,VIVRFLTV,VGPRYTNL,0.6595664184128386,0.5283018867924528,False
AV12-2-CALSANTEGADRLTF-AJ45_BV1-CTCSAVRVSEVFF-BJ1-1,49,1.056236185420435,0.8624530963355584,32.36734693877551,False,RAYLFNSV,RTYTYEKL,0.12821336604991201,0.42857142857142855,False
AV13-1-CALEQGGSAKLIF-AJ57_BV12-2-CASSLEGADTEVFF-BJ1-1,49,0.9779547227799463,0.9630909241493644,68.28571428571429,False,ATLVFHNL,RTYTYEKL,0.053666201090155935,0.30612244897959184,False
AV7-2-CAARGSNAKLTF-AJ42_BV17-CASSNWGAEQFF-BJ2-1,49,1.1237245683964363,0.8340317726700516,25.571428571428573,False,VSFTYRYL,RTYTYEKL,0.09035629511855027,0.1836734693877551,False
AV16-CAMREANTGYQNFYF-AJ49_BV13-2-CASGTGGQNTLYF-BJ2-4,47,1.49018959246787,0.8527259834583114,31.23404255319149,False,SVYVYKVL,SNYLFTKL,0.4165949325711723,0.5319148936170213,False
AV16/DV11-CAMRASGGNYKPTF-AJ6_BV1-CTCSADRGVYAEQFF-BJ2-1,47,1.519192036766768,0.42207150010836053,9.787234042553191,False,HIYEFPQL,RTYTYEKL,0.348179619986724,0.19148936170212766,False
AV8-1-CATEGYQNFYF-AJ49_BV12-1-CASSLGTGGYEQYF-BJ2-7,47,0.8840247763443352,0.8980228540720435,56.04255319148936,False,INFDFPKL,RTYTYEKL,0.07052709695616362,0.3617021276595745,False
AV8D-2-CATDAEGGRALIF-AJ15_BV13-3-CASSGGPTGQLYF-BJ2-2,47,1.4801916533819923,0.45113909659593265,25.574468085106382,False,VSFTYRYL,RTYTYEKL,0.7651011561396396,0.14893617021276595,False
AV7-2-CAATGNTGKLIF-AJ37_BV13-1-CASSDARVGEQYF-BJ2-7,44,0.5348813156138313,0.9927176746774312,118.43181818181819,False,RAYLFNSV,RTYTYEKL,0.02334891089144422,0.4090909090909091,False
AV13-2-CAMDNNAGAKLTF-AJ39_BV13-3-CASSERTEVFF-BJ1-1,43,0.4792479077906339,0.9964811204755855,87.97674418604652,False,SNYLFTKL,VGPRYTNL,0.021613446489759894,0.23255813953488372,False
AV16/DV11-CAMREDSNYQLIW-AJ33_BV3-CASSQGQISNERLFF-BJ1-4,43,0.7584020090927817,0.9374190330277918,33.46511627906977,False,RAYLFNSV,RTYTYEKL,0.06915275773876324,0.3953488372093023,False
AV6D-7-CALGDDSGYNKLTF-AJ11_BV3-CASSLGQISYEQYF-BJ2-7,43,0.8689246357999247,0.9685656773178241,63.116279069767444,False,VGPRYTNL,RTYTYEKL,0.05066990883757307,0.3023255813953488,False
AV13D-2-CAIDPNYNVLYF-AJ21_BV13-3-CASSEKGREQYF-BJ2-7,42,1.6345238236778639,0.45342707619001915,9.5,False,SSYTFPKM,SNYLFTKL,0.8177270263081143,0.2619047619047619,False
AV14D-3/DV8-CAASAFDTNAYKVIF-AJ30_BV13-2-CASGDWGGQDTQYF-BJ2-5,41,0.7126633703249047,0.9746440732131944,71.07317073170732,False,SNYLFTKL,VGPRYTNL,0.03735864476443078,0.17073170731707318,False
AV14D-1-CAASAETGGYKVVF-AJ12_BV3-CASSLARGYEQYF-BJ2-7,40,0.7611790065663677,0.9618466936919853,77.55,False,VGPRYTNL,RTYTYEKL,0.058825236295475085,0.375,False
AV5-4-CAASGDTGANTGKLTF-AJ52_BV1-CTCSAATDTEVFF-BJ1-1,40,1.5873429418682046,0.6399807571738376,23.075,False,VSFTYRYL,RTYTYEKL,0.19395296613853327,0.3,False
AV14-2-CAASNSAGNKLTF-AJ17_BV3-CASSLGTGYEQYF-BJ2-7,39,1.2295194878781945,0.9323697170225023,50.256410256410255,False,VGPRYTNL,RTYTYEKL,0.06833591672178979,0.2564102564102564,False
AV14-2-CAARDQGGSAKLIF-AJ57_BV5-CASSQQGRANTGQLYF-BJ2-2,38,0.42595381933282433,0.9892317470966282,140.68421052631578,False,RTYTYEKL,SNYLFTKL,0.017666404018882476,0.23684210526315788,False
AV6-7/DV9-CALSVDSNYQLIW-AJ33_BV13-2-CASGLGGDTQYF-BJ2-5,38,1.1382813644946939,0.8581166801633586,17.289473684210527,False,VSFTYRYL,RTYTYEKL,0.1746213541492902,0.34210526315789475,False
AV12-2-CALSPTGNYKYVF-AJ40_BV13-2-CASGDRDSSYEQYF-BJ2-7,37,1.4975779570928742,0.7077240320845788,27.64864864864865,False,VSFTYRYL,RTYTYEKL,0.24608752670204503,0.3783783783783784,False
AV6-6-CALGASNTEGADRLTF-AJ45_BV13-3-CASSDRDTLYF-BJ2-4,37,1.0113731000603496,0.9370187724066995,27.89189189189189,False,SNYLFTKL,RTYTYEKL,0.07509374416792551,0.24324324324324326,False
AV7-6-CAVYAQGLTF-AJ26_BV1-CTCSVDRFSYNSPLYF-BJ1-6,37,0.8911928187503927,0.8306540091295267,31.18918918918919,False,RAYLFNSV,RTYTYEKL,0.11817782159889632,0.32432432432432434,False
AV16N-CAMREDSNYQLIW-AJ33_BV3-CASSPGQISNERLFF-BJ1-4,35,0.9093314007322761,0.9516198029254506,33.285714285714285,False,RAYLFNSV,SNYLFTKL,0.05474398291309727,0.14285714285714285,False
AV16-CAMREDMGYKLTF-AJ9_BV13-1-CASSADRGQNTLYF-BJ2-4,34,0.711943202032759,0.8926988553743215,62.088235294117645,False,ATLVFHNL,VGPRYTNL,0.048368168299487195,0.20588235294117646,False
AV16N-CAMREDTNTGKLTF-AJ27_BV16-CASSLDNYAEQFF-BJ2-1,34,1.518180247092379,0.6587052078766009,22.294117647058822,False,ATLVFHNL,RTYTYEKL,0.2737533937330835,0.47058823529411764,False
AV16N-CAMREEAGNTGKLIF-AJ37_BV20-CGARDWGGYEQYF-BJ2-7,34,1.7718298076744288,0.5747354753306303,16.91176470588235,False,VSFTYRYL,RTYTYEKL,0.3046807889218606,0.23529411764705882,False
AV6D-7-CALGDGSGGKLTL-AJ44_BV13-3-CASSDVRTSQNTLYF-BJ2-4,34,0.5901045936402335,0.9890093010241146,69.70588235294117,False,VIVRFLTV,RTYTYEKL,0.02079365317661145,0.11764705882352941,False
AV8N-2-CATDGQGGRALIF-AJ15_BV13-1-CASSETGVSSYEQYF-BJ2-7,34,1.7040461252049988,0.590196082832908,19.58823529411765,False,VSFTYRYL,SNYLFTKL,0.3764216765127914,0.20588235294117646,False
AV16N-CAMREDGGYKVVF-AJ12_BV3-CASSLRWGGNYAEQFF-BJ2-1,33,0.788883745742928,,54.03030303030303,False,VIVRFLTV,VGPRYTNL,0.08327167785011491,0.42424242424242425,False
AV9-4-CAVSVDYANKMIF-AJ47_BV3-CASSLGTGYEQYF-BJ2-7,33,0.5015512534900816,,42.81818181818182,False,VGPRYTNL,RTYTYEKL,0.046317887553879715,0.3939393939393939,False
AV14D-1-CAARGNYNQGKLIF-AJ23_BV1-CTCSAVGFAETLYF-BJ2-3,32,0.8937501129933221,0.9093684998753908,36.625,False,RAYLFNSV,SNYLFTKL,0.07452484895118226,0.15625,False
AV3-1-CAVSVNYAQGLTF-AJ26_BV31-CAWSPGQQAPLF-BJ1-5,32,0.5958912241628201,0.9181693458107323,54.1875,False,RTYTYEKL,VGPRYTNL,0.0858623564464322,0.1875,False
AV12D-2-CALSDNYAQGLTF-AJ26_BV14-CASSGDRVSETLYF-BJ2-3,31,0.41577052105003826,0.9965693138684899,177.58064516129033,False,RAYLFNSV,SNYLFTKL,0.023066377676565178,0.3870967741935484,False
AV13-2-CAIDDNAGAKLTF-AJ39_BV14-CASSLRDEQYF-BJ2-7,31,1.5715494149936222,0.8758402444900633,24.806451612903224,False,INFDFPKL,VAFDFTKV,0.24668953872841365,0.5806451612903226,False
AV13-2-CAIDDNTGKLTF-AJ27_BV12-1-CASSQGNTLYF-BJ2-4,31,1.299533892669115,0.8083032048284122,30.322580645161292,False,RAYLFNSV,SNYLFTKL,0.22659645529877326,0.41935483870967744,False
AV16N-CAMREGNMGYKLTF-AJ9_BV13-2-CASGDNQGNSDYTF-BJ1-2,31,0.917311568571734,,76.74193548387096,False,SNYLFTKL,RTYTYEKL,0.050441239330459194,0.25806451612903225,False
AV6N-6-CALSDMGYKLTF-AJ9_BV3-CASSLGLDTQYF-BJ2-5,31,0.3153080545250135,0.9994042462095507,160.29032258064515,False,VGPRYTNL,RTYTYEKL,0.016064772261778215,0.5161290322580645,False
AV7-3-CAVSDNTGKLTF-AJ27_BV1-CTCSAVRISNERLFF-BJ1-4,31,1.2270431842914962,0.8333366226360558,31.29032258064516,False,RAYLFNSV,SNYLFTKL,0.10081217670967631,0.16129032258064516,False
AV8D-2-CATDSNNRLTL-AJ7_BV3-CASSLAREYEQYF-BJ2-7,31,0.3895046377786856,0.995761163025392,129.09677419354838,False,VGPRYTNL,RTYTYEKL,0.026228612233237043,0.5161290322580645,False
AV13-2-CAIDNNAGAKLTF-AJ39_BV13-3-CASSDRDTLYF-BJ2-4,30,1.3183034938898295,0.8488316420192435,27.266666666666666,False,SNYLFTKL,RTYTYEKL,0.16034062263556506,0.4,False
AV7D-5-CAVSMTNSAGNKLTF-AJ17_BV3-CASSLSTGNSDYTF-BJ1-2,30,0.951744099393734,0.8620714786088138,39.06666666666667,False,RTYTYEKL,VGPRYTNL,0.08403571481639195,0.16666666666666666,False
AV14-2-CAASPNTGYQNFYF-AJ49_BV13-2-CASGNNQAPLF-BJ1-5,29,0.7257917885789372,0.9846790805847585,42.3448275862069,False,VGPRYTNL,RTYTYEKL,0.06553215083889209,0.5172413793103449,False
AV5-4-CAASGDYNQGKLIF-AJ23_BV3-CASSLGLGYEQYF-BJ2-7,29,0.5788090846712138,0.9923862265268769,98.62068965517241,False,VGPRYTNL,SNYLFTKL,0.025091914856565152,0.13793103448275862,False
AV10-CAASMTNSAGNKLTF-AJ17_BV26-CASRDWGQDTQYF-BJ2-5,28,0.8031402950126157,0.9544411990608951,35.892857142857146,False,VIVRFLTV,RTYTYEKL,0.04614632127458568,0.35714285714285715,False
AV13D-2-CAIDRSSGSWQLIF-AJ22_BV4-CASSYIEVFF-BJ1-1,28,0.5727417026792189,0.9563262743198757,136.21428571428572,False,VIVRFLTV,SNYLFTKL,0.043696291560459,0.25,False
AV16/DV11-CAMRESNTGYQNFYF-AJ49_BV13-2-CASGTGGANTLYF-BJ2-4,28,1.5990833970664302,,34.607142857142854,False,SVYVYKVL,SNYLFTKL,0.6358270657642607,0.5714285714285714,False
AV6-7/DV9-CALRRASSSFSKLVF-AJ50_BV14-CASRDVYAEQFF-BJ2-1,28,1.1878958093095584,0.8345992259167034,39.57142857142857,False,VAFDFTKV,RTYTYEKL,0.09256998019894745,0.35714285714285715,False
AV9-2-CVLTPDTNAYKVIF-AJ30_BV12-1-CASSLGALEQYF-BJ2-7,28,0.897451322286181,0.9439555039742743,42.07142857142857,False,INFDFPKL,RTYTYEKL,0.05754514965699431,0.14285714285714285,False
AV13-1-CALEHGDAGAKLTF-AJ39_BV1-CTCSVGTGGSTGQLYF-BJ2-2,27,1.8639673301151203,0.7908310262044762,26.22222222222222,False,VSFTYRYL,SVYVYKVL,0.4627357374531559,0.5555555555555556,False
AV13D-2-CAIDTNTGKLTF-AJ27_BV13-3-CASRDRYEQYF-BJ2-7,27,0.7109661441908135,0.9665518015978687,50.592592592592595,False,SNYLFTKL,VGPRYTNL,0.0452182441456496,0.25925925925925924,False
AV16-CAMREGDTGYQNFYF-AJ49_BV1-CTCSAARINTEVFF-BJ1-1,27,0.9436416783220783,,32.48148148148148,False,RAYLFNSV,RTYTYEKL,0.07449347012867191,0.37037037037037035,False
AV16/DV11-CAMRADSNYQLIW-AJ33_BV3-CASSRGQISNERLFF-BJ1-4,27,0.7428617588410069,0.9615852511447766,51.333333333333336,False,RAYLFNSV,VGPRYTNL,0.0319318443576106,0.14814814814814814,False
AV16N-CAMREGGAGNTGKLIF-AJ37_BV13-2-CASGDNYEQYF-BJ2-7,27,0.7756256504293404,0.9737254630964438,144.55555555555554,False,SNYLFTKL,RTYTYEKL,0.04125257448815174,0.48148148148148145,False
AV5-4-CAALDSNYQLIW-AJ33_BV1-CTCSADRGWSPLYF-BJ1-6,27,0.49247770040077127,0.995782397198689,79.11111111111111,False,VIVRFLTV,VGPRYTNL,0.02393471149928314,0.18518518518518517,False
AV9-4-CAVSAATGGNNKLTF-AJ56_BV1-CTCSAVRVDERLFF-BJ1-4,27,0.8467319158444563,0.8248063921270576,41.333333333333336,False,RAYLFNSV,RTYTYEKL,0.12773188024400414,0.48148148148148145,False
AV9-4-CAVSGDYANKMIF-AJ47_BV3-CASSLGTGYEQYF-BJ2-7,27,0.8351620895748403,0.9785613576689657,58.96296296296296,False,VGPRYTNL,RTYTYEKL,0.04386447859763744,0.4074074074074074,False
AV13-4/DV7-CAMDPNSNNRIFF-AJ31_BV3-CASSLGVDTQYF-BJ2-5,26,0.7722336784811681,0.9142933862990531,50.19230769230769,False,VGPRYTNL,RTYTYEKL,0.10341737509547942,0.38461538461538464,False
AV13D-2-CAIDNNAGAKLTF-AJ39_BV13-3-CASRDRYEQYF-BJ2-7,26,0.6078392578264841,0.897296509199135,76.5,False,SNYLFTKL,VGPRYTNL,0.046886968317461,0.3076923076923077,False
AV4-4/DV10-CAAEGQGGSAKLIF-AJ57_BV12-2-CASSLDGAQDTQYF-BJ2-5,26,1.331655299794197,0.8330347843518204,31.46153846153846,False,ATLVFHNL,VIVRFLTV,0.10449612054222135,0.07692307692307693,False
AV16-CAMREDSNYQLIW-AJ33_BV3-CASSSGQISNERLFF-BJ1-4,25,0.6966459778995328,0.9658109911489663,49.76,False,RAYLFNSV,RTYTYEKL,0.06321781251695116,0.44,False
AV3-1-CAVTASSGSWQLIF-AJ22_BV4-CASSYSTEVFF-BJ1-1,25,0.48790753900702405,0.9955579994320838,128.84,False,VIVRFLTV,RTYTYEKL,0.026420187629959166,0.44,False
AV10N-CAASMDYANKMIF-AJ47_BV3-CASSWTYNSPLYF-BJ1-6,24,0.9649636909233296,0.8904908305868979,45.333333333333336,False,VGPRYTNL,RAYLFNSV,0.11080749934341921,0.25,False
AV13-1-CASPMDSNYQLIW-AJ33_BV31-CAWSLGQDTQYF-BJ2-5,24,0.5610488999969618,0.9804711066912031,88.125,False,RTYTYEKL,SNYLFTKL,0.027558852044660787,0.125,False
AV19-CAAGAAGYQNFYF-AJ49_BV17-CASSRLGGLAEQFF-BJ2-1,24,0.7049719479786308,0.9938852750387726,65.58333333333333,False,SNYLFTKL,RTYTYEKL,0.05848889867867334,0.625,False
AV6N-6-CALSGANTGKLTF-AJ52_BV1-CTCSANRVDTLYF-BJ2-4,24,0.8837360011207368,0.9520664209194558,38.625,False,RAYLFNSV,RTYTYEKL,0.04898466269426112,0.3333333333333333,False
AV13D-2-CAIDTNAYKVIF-AJ30_BV3-CASSLDWSSYEQYF-BJ2-7,23,0.9556513643619844,0.9302215229760098,44.52173913043478,False,VIVRFLTV,VGPRYTNL,0.07997216977178666,0.21739130434782608,False
AV19-CAAGATGYQNFYF-AJ49_BV17-CASSRLGSSYEQYF-BJ2-7,23,1.130822695174349,0.8544928441185864,37.869565217391305,False,SNYLFTKL,RTYTYEKL,0.15454155147403706,0.34782608695652173,False
AV14-2-CAASVGDSNNRIFF-AJ31_BV1-CTCSAVRVQDTQYF-BJ2-5,22,1.2002681787852783,0.7717471043527288,13.772727272727273,False,RAYLFNSV,RTYTYEKL,0.18031663534817927,0.22727272727272727,False
AV6-7/DV9-CALSDNNNAPRF-AJ43_BV1-CTCSADLGGWEQYF-BJ2-7,22,1.0997523355867398,0.8937228612051107,39.95454545454545,False,SVYVYKVL,INFDFPKL,0.08943817969709485,0.09090909090909091,False
AV14-2-CAASSSNNRIFF-AJ31_BV13-2-CASGGGWGTEVFF-BJ1-1,21,1.5189003288799172,0.551169088643273,16.285714285714285,False,VSFTYRYL,RTYTYEKL,0.26044190378249377,0.14285714285714285,False
AV14D-1-CAATGANTGKLTF-AJ52_BV1-CTCSAAWGAEQYF-BJ2-7,21,1.8530569446798444,0.5120821431145143,15.523809523809524,False,VSFTYRYL,RTYTYEKL,0.8963152311220121,0.14285714285714285,False
AV16N-CAMLTGYQNFYF-AJ49_BV1-CTCSADRGVNSPLYF-BJ1-6,21,1.093686356412148,,16.285714285714285,False,RAYLFNSV,RTYTYEKL,0.1296455690062864,0.3333333333333333,False
AV16N-CAMREDQGGRALIF-AJ15_BV16-CASSLVGNQDTQYF-BJ2-5,21,1.0483333076312829,0.9127678013038241,27.0,False,VGPRYTNL,ATLVFHNL,0.062970138500193,0.19047619047619047,False
AV19-CAAGNQGGSAKLIF-AJ57_BV1-CTCSASGGTLYF-BJ2-4,21,1.9530606640684478,0.4898806899172042,11.571428571428571,False,VSFTYRYL,RTYTYEKL,0.4039803455000638,0.09523809523809523,False
AV6-2-CVLGDDYAQGLTF-AJ26_BV4-CASSWTGSYNSPLYF-BJ1-6,21,0.28530293035817994,,136.38095238095238,False,VGPRYTNL,RAYLFNSV,0.015439803508025048,0.3333333333333333,False
AV6D-7-CALGDPQGGRALIF-AJ15_BV13-1-CASSDGVHYAEQFF-BJ2-1,21,0.47571596363444174,0.9951710494691985,98.19047619047619,False,VIVRFLTV,SNYLFTKL,0.016647415616291846,0.14285714285714285,False
AV14-3-CAASDGSSGNKLIF-AJ32_BV1-CTCSAVRYAEQFF-BJ2-1,20,0.7792128952241709,0.9368587492846877,69.5,False,RAYLFNSV,SNYLFTKL,0.050550057076781126,0.1,False
AV16N-CAMREDSNYQLIW-AJ33_BV3-CASSAGQISNERLFF-BJ1-4,20,1.351939310126744,0.8821420658226944,30.85,False,RAYLFNSV,RTYTYEKL,0.08427747838560927,0.35,False
AV3-1-CAVTASSGSWQLIF-AJ22_BV4-CASSFSYEQYF-BJ2-7,20,0.48161040156980733,0.9975942013392243,156.8,False,VIVRFLTV,RTYTYEKL,0.01851795731028678,0.35,False
AV7-1-CAATSSGQKLVF-AJ16_BV13-1-CASSDVGGRGTGQLYF-BJ2-2,20,0.6240085916017286,0.9498979070130603,91.75,False,SNYLFTKL,RAYLFNSV,0.04320037074986689,0.2,False
AV7-5-CAEISSNTNKVVF-AJ34_BV1-CTCSALRFSGNTLYF-BJ1-3,20,0.926782631042055,0.9500513551095293,28.2,False,RAYLFNSV,RTYTYEKL,0.10544517675904079,0.55,False
AV3D-3-CAVSAGSNTNKVVF-AJ34_BV31-CAWSPWTGTEVFF-BJ1-1,19,0.8961704735315594,0.9313933812585051,36.26315789473684,False,INFDFPKL,VIVRFLTV,0.04467254865504472,0.05263157894736842,False
AV7-2-CAAPDTNAYKVIF-AJ30_BV4-CASSWTGRAEQFF-BJ2-1,19,0.3904364413112592,0.9985678809758053,227.0,False,RAYLFNSV,SNYLFTKL,0.014786700369129687,0.15789473684210525,False
AV8D-2-CATDNQGGRALIF-AJ15_BV14-CASSDRAEVFF-BJ1-1,19,0.6168021550505752,0.9942841826578251,102.84210526315789,False,INFDFPKL,RAYLFNSV,0.020491377601959945,0.3684210526315789,False
AV16-CAMREANTGYQNFYF-AJ49_BV13-2-CASGEGAQNTLYF-BJ2-4,18,1.2033081219739334,0.8573198124706098,35.27777777777778,False,SVYVYKVL,SNYLFTKL,0.9028433632725421,0.3333333333333333,False
AV16/DV11-CAMREGGGYKVVF-AJ12_BV13-2-CASGDIQAPLF-BJ1-5,18,0.6809127416030505,0.9463002480049957,82.44444444444444,False,SNYLFTKL,RTYTYEKL,0.04475850767185459,0.4444444444444444,False
AV16N-CAMRDPGTQVVGQLTF-AJ5_BV13-1-CASMGANTEVFF-BJ1-1,18,0.17108364284602393,0.9990511486983282,68.0,False,RTYTYEKL,SNYLFTKL,0.007721481102201173,0.2222222222222222,False
AV16N-CAMRDTNAYKVIF-AJ30_BV13-2-CASGGANERLFF-BJ1-4,18,1.4111284513625308,0.8446625003823326,35.611111111111114,False,RAYLFNSV,RTYTYEKL,0.8323091851638449,0.5,False
AV17-CALGNNAGAKLTF-AJ39_BV13-1-CASSILGGSYEQYF-BJ2-7,18,0.8012985767003243,0.9588865949267603,30.72222222222222,False,VIVRFLTV,VGPRYTNL,0.06544530172786779,0.2222222222222222,False
AV4-4/DV10-CAAEEATGGNNKLTF-AJ56_BV2-CASSQRVPNTGQLYF-BJ2-2,18,1.3878772915219895,0.36437679553803487,27.444444444444443,False,RTYTYEKL,RAYLFNSV,0.9760780172118715,0.0,False
AV5-4-CAASVGGSAKLIF-AJ57_BV5-CASSHRDNNERLFF-BJ1-4,18,0.9996587546213969,0.865191506062108,35.388888888888886,False,SNYLFTKL,RTYTYEKL,0.06733322295530574,0.2777777777777778,False
AV7D-5-CAVSASNSAGNKLTF-AJ17_BV3-CASSLSTGNSDYTF-BJ1-2,18,1.1144822200682702,0.7598425599316636,24.72222222222222,False,RTYTYEKL,VSFTYRYL,0.07723557371801107,0.1111111111111111,False
AV9-4-CAVSMDYANKMIF-AJ47_BV3-CASSLGTGYEQYF-BJ2-7,18,0.6993656437869604,0.9608626302807839,60.55555555555556,False,VGPRYTNL,RAYLFNSV,0.039804154765341895,0.3333333333333333,False
AV12-2-CALSGNTNKVVF-AJ34_BV1-CTCSAVRVSAETLYF-BJ2-3,17,1.3633748293562562,0.8183415607076572,90.29411764705883,False,RAYLFNSV,INFDFPKL,0.10354510574240003,0.11764705882352941,False
AV16/DV11-CAMRDTNAYKVIF-AJ30_BV13-2-CASGGQNQAPLF-BJ1-5,17,0.5675583459850132,,187.88235294117646,False,RTYTYEKL,SNYLFTKL,0.0399459506535343,0.29411764705882354,False
AV16/DV11-CAMREDSNYQLIW-AJ33_BV3-CASSLGQISNERLFF-BJ1-4,17,0.8610839216881968,0.9597358543351912,48.35294117647059,False,RAYLFNSV,RTYTYEKL,0.08557950775184603,0.5882352941176471,False
AV16N-CAMREDSNYQLIW-AJ33_BV3-CASSLRQISNERLFF-BJ1-4,17,0.517123773158817,0.9473470105227975,68.88235294117646,False,RAYLFNSV,VIVRFLTV,0.03302510871037229,0.11764705882352941,False
AV4-3-CAAEASTGNYKYVF-AJ40_BV3-CASSLVQVTEVFF-BJ1-1,17,1.521630111999853,0.7765912833232537,17.823529411764707,False,VIVRFLTV,RTYTYEKL,0.26970352780133655,0.17647058823529413,False
AV6-7/DV9-CALSDRGFASALTF-AJ35_BV3-CASSSGQISNERLFF-BJ1-4,17,0.5872105105709747,0.9469160609709516,57.94117647058823,False,RAYLFNSV,RTYTYEKL,0.057807815468938775,0.47058823529411764,False
AV7-2-CAAMSNYNVLYF-AJ21_BV31-CAWKTGGLNYAEQFF-BJ2-1,17,0.8353483036644792,0.9932469450375019,97.58823529411765,False,RTYTYEKL,VGPRYTNL,0.032292636846363895,0.17647058823529413,False
AV7D-3-CAVTGNYKYVF-AJ40_BV13-2-CASGDQGASGNTLYF-BJ1-3,17,0.271364937818061,0.8826642807805031,260.52941176470586,False,RTYTYEKL,RAYLFNSV,0.06104443129916479,0.17647058823529413,False
AV9-4-CAVIDTEGADRLTF-AJ45_BV1-CTCSAVRVQNTLYF-BJ2-4,17,1.0286798307011862,0.6285909315237402,23.235294117647058,False,RAYLFNSV,RTYTYEKL,0.14109016192189014,0.35294117647058826,False
AV9-4-CAVSAAEGADRLTF-AJ45_BV16-CASSWGQDTQYF-BJ2-5,17,0.8153853895209024,0.8307425770851815,29.470588235294116,False,VGPRYTNL,RTYTYEKL,0.18350651103199037,0.23529411764705882,False
AV14-2-CAASLDNYAQGLTF-AJ26_BV13-1-CASSGRTTNTEVFF-BJ1-1,16,0.4889213203364583,0.954008197941027,54.0625,False,RTYTYEKL,RAYLFNSV,0.0513574324033294,0.25,False
AV19-CAAGFGGNNKLTF-AJ56_BV1-CTCSAAGGEQYF-BJ2-7,16,1.3583289420259728,0.8108569821344125,32.4375,False,SNYLFTKL,RTYTYEKL,0.15212768345593355,0.1875,False
AV19-CAAGVDSNYQLIW-AJ33_BV1-CTCSAGTQNTGQLYF-BJ2-2,16,0.6967275872432812,0.9668918526453925,31.75,False,RAYLFNSV,RTYTYEKL,0.04902446174365718,0.3125,False
AV2-CIVTDNSNNRIFF-AJ31_BV20-CGARTGGGSDYTF-BJ1-2,16,0.6578847121744604,0.9757447854418108,64.6875,False,RAYLFNSV,INFDFPKL,0.03465373831195178,0.1875,False
AV3-3-CAVSATTNYGNEKITF-AJ48_BV13-1-CASSDLGGDTQYF-BJ2-5,16,1.2783518341171431,0.7531273056209746,27.9375,False,VSFTYRYL,RTYTYEKL,0.15693130135467315,0.3125,False
AV5-1-CSASSDYNQGKLIF-AJ23_BV3-CASSPSGGADTQYF-BJ2-5,16,0.6197941929278818,0.9934602437191724,95.6875,False,VGPRYTNL,RTYTYEKL,0.03428185210473949,0.3125,False
AV6D-7-CALGDHMGYKLTF-AJ9_BV19-CASRGFAEQFF-BJ2-1,16,0.7785582516230487,0.9899361764710156,80.3125,False,VIVRFLTV,RTYTYEKL,0.039384809847069116,0.3125,False
AV7-5-CAVSMKGGRALIF-AJ15_BV3-CASSPDWTSAETLYF-BJ2-3,16,1.0224988325508202,0.9000438807779856,25.5,False,SVYVYKVL,RAYLFNSV,0.05634481553423823,0.1875,False
AV9-4-CAVRTDYANKMIF-AJ47_BV3-CASSLSSYEQYF-BJ2-7,16,0.5886806133017515,0.915581071565048,116.3125,False,VGPRYTNL,HIYEFPQL,0.049865186402226175,0.0,False
AV12-3-CALSEGGSGGKLTL-AJ44_BV13-1-CASSVGGGYAEQFF-BJ2-1,15,1.252855767731591,0.5691770978442173,22.866666666666667,False,VSFTYRYL,RTYTYEKL,0.2500142785602359,0.13333333333333333,False
AV13-2-CAIDPNTGKLTF-AJ27_BV13-2-CASGDAGGEVFF-BJ1-1,15,1.1477936731481413,0.836016807845354,35.06666666666667,False,SNYLFTKL,RAYLFNSV,0.10034858374004231,0.13333333333333333,False
AV13-2-CAIDTNTGKLTF-AJ27_BV20-CGASPSGNTLYF-BJ1-3,15,1.0367174209343069,0.6983107733300205,37.4,False,SNYLFTKL,RAYLFNSV,0.1288736745982919,0.06666666666666667,False
AV14-1-CAARNTEGADRLTF-AJ45_BV3-CASSFSGGYEQYF-BJ2-7,15,0.6041354973815147,0.9893332522200012,193.86666666666667,False,VGPRYTNL,RTYTYEKL,0.02961093623964404,0.3333333333333333,False
AV14-2-CAARGSALGRLHF-AJ18_BV12-2-CASSQDSSQNTLYF-BJ2-4,15,1.332444089174057,0.7671908853438003,25.333333333333332,False,VGPRYTNL,RTYTYEKL,0.15108789380494853,0.3333333333333333,False
AV16-CAMRATSSGQKLVF-AJ16_BV1-CTCSAVRVGNTLYF-BJ1-3,15,0.683536912795158,0.9647175781669293,27.733333333333334,False,RAYLFNSV,VGPRYTNL,0.06367296483097394,0.2,False
AV16-CAMREGGAGNTGKLIF-AJ37_BV13-2-CASGDNYEQYF-BJ2-7,15,0.8580135800803864,0.8941788372887699,45.46666666666667,False,SNYLFTKL,RAYLFNSV,0.07223063122886791,0.2,False
AV5-4-CAAMSNYNVLYF-AJ21_BV2-CASSQERWPETLYF-BJ2-3,15,1.5218787203175372,0.44787634226944695,18.0,False,SSYTFPKM,VGPRYTNL,0.37534460545350623,0.2,False
AV5D-4-CAASGSNYNVLYF-AJ21_BV31-CAWGDSSGNTLYF-BJ1-3,15,1.348693232785126,0.8531119349797418,33.666666666666664,False,VAFDFTKV,INFDFPKL,0.1321843343779907,0.5333333333333333,False
AV7-1-CAVSSQGGRALIF-AJ15_BV13-1-CASSGTGMYEQYF-BJ2-7,15,1.5608123319934886,0.8123796536443657,15.266666666666667,False,ATLVFHNL,SNYLFTKL,0.23736109898097424,0.2,False
AV7D-3-CAVTGNYKYVF-AJ40_BV13-1-CASSDAGGSNERLFF-BJ1-4,15,1.1254450996217005,0.9090893646920934,39.2,False,VGPRYTNL,RTYTYEKL,0.07270596424593141,0.26666666666666666,False
AV9-2-CVLSDDTNAYKVIF-AJ30_BV31-CAWTDWGDQNTLYF-BJ2-4,15,1.4227097969199913,0.7650359946045363,37.733333333333334,False,INFDFPKL,RTYTYEKL,0.15562429125615432,0.3333333333333333,False
AV9-2-CVLSVAEGADRLTF-AJ45_BV13-2-CASGDWGYAEQFF-BJ2-1,15,0.4481028061184303,0.9915373303238263,72.13333333333334,False,VGPRYTNL,RTYTYEKL,0.02290076285017627,0.3333333333333333,False
AV13N-1-CAMELNSGTYQRF-AJ13_BV17-CASSPGQGFQDTQYF-BJ2-5,14,1.2648224351329804,0.6910414197141539,29.5,False,VSFTYRYL,RTYTYEKL,0.35532189895735977,0.07142857142857142,False
AV16-CAMREGQGGSAKLIF-AJ57_BV1-CTCSADRFYEQYF-BJ2-7,14,1.8905233725656136,0.4521213455323787,21.357142857142858,False,HIYEFPQL,RTYTYEKL,0.5661024281368592,0.07142857142857142,False
AV16/DV11-CAMRDSGGSNAKLTF-AJ42_BV1-CTCSADRVAETLYF-BJ2-3,14,1.399556104165664,0.8301939556840198,20.928571428571427,False,RAYLFNSV,RTYTYEKL,0.16117274440380522,0.2857142857142857,False
AV19-CAAGITGYQNFYF-AJ49_BV17-CASSRLGSSYEQYF-BJ2-7,14,0.8163586570826646,0.8394382199871201,40.07142857142857,False,SNYLFTKL,RTYTYEKL,0.052474697212806516,0.14285714285714285,False
AV19-CAAGNTGYQNFYF-AJ49_BV14-CASSRLGGLQNTLYF-BJ2-4,14,0.7121979497036305,0.9716800379181614,89.28571428571429,False,SNYLFTKL,RTYTYEKL,0.035163401666797135,0.35714285714285715,False
AV4-2-CAVEGTGGYKVVF-AJ12_BV13-1-CASSAGADSPLYF-BJ1-6,14,0.7825719883419133,0.9500735388129162,38.0,False,RAYLFNSV,RTYTYEKL,0.11630416603518515,0.5,False
AV4-4/DV10-CAAEANTGYQNFYF-AJ49_BV16-CASSWDRGNTQYF-BJ2-5,14,1.8029784830611177,0.5412164165725243,16.142857142857142,False,HIYEFPQL,RTYTYEKL,0.47211273992653596,0.14285714285714285,False
AV5-4-CAASSNSGGSNAKLTF-AJ42_BV3-CASSLGQISNERLFF-BJ1-4,14,0.6254385865878396,0.9873844413303994,48.285714285714285,False,RAYLFNSV,RTYTYEKL,0.031630988679722145,0.14285714285714285,False
AV7-3-CAADSGYNKLTF-AJ11_BV13-2-CASGDSGQAPLF-BJ1-5,14,0.6523630804834102,0.9753934158244202,30.357142857142858,False,SNYLFTKL,RTYTYEKL,0.05964963737499263,0.35714285714285715,False
AV7D-5-CAVSMNYNQGKLIF-AJ23_BV13-2-CASGDAGNQAPLF-BJ1-5,14,0.9251702437398768,0.818800406302462,38.0,False,SNYLFTKL,RTYTYEKL,0.09522869178694714,0.35714285714285715,False
AV8D-1-CATDGASSSFSKLVF-AJ50_BV1-CTCSADGVEQYF-BJ2-7,14,1.0603740914386666,0.9422671836905964,20.357142857142858,False,SVYVYKVL,RTYTYEKL,0.08852964990124845,0.14285714285714285,False
AV10D-CAASWDTNAYKVIF-AJ30_BV13-2-CASGEQTEVFF-BJ1-1,13,1.155326601475499,0.6476877572498256,26.846153846153847,False,VIVRFLTV,RTYTYEKL,0.1913431624969513,0.23076923076923078,False
AV12-1-CALTSNYNVLYF-AJ21_BV26-CASSLGTYAEQFF-BJ2-1,13,1.5985720598303816,0.47975491104578705,7.769230769230769,False,SSYTFPKM,RAYLFNSV,0.684379526469708,0.38461538461538464,False
AV12-3-CALSDLDYGNEKITF-AJ48_BV16-CASSGLGGLSYEQYF-BJ2-7,13,0.9885491013269713,0.9431451502760024,41.76923076923077,False,RAYLFNSV,SNYLFTKL,0.09294457769429958,0.3076923076923077,False
AV13-2-CAIDSEGADRLTF-AJ45_BV30-CSSSPGQNEQYF-BJ2-7,13,0.4145585164109189,0.9888795944384233,94.84615384615384,False,RTYTYEKL,SNYLFTKL,0.03246930154017744,0.3076923076923077,False
AV16N-CAMREANTGYQNFYF-AJ49_BV13-2-CASGDGAQNTLYF-BJ2-4,13,0.8342493799513192,0.9854778474553353,61.38461538461539,False,SNYLFTKL,SVYVYKVL,0.06928095576578287,0.6153846153846154,False
AV16N-CAMREDSNYQLIW-AJ33_BV13-2-CASGGTGGAREQYF-BJ2-7,13,0.6254727652890271,0.9920150837729977,70.61538461538461,False,RAYLFNSV,RTYTYEKL,0.03921070025291996,0.46153846153846156,False
AV17-CALGNNAGAKLTF-AJ39_BV17-CASSRQGAREQYF-BJ2-7,13,0.7546719477542129,0.9890695519325856,46.84615384615385,False,VIVRFLTV,RTYTYEKL,0.06189100838355576,0.5384615384615384,False
AV17-CALVPDTGNYKYVF-AJ40_BV1-CTCSARQGRNTEVFF-BJ1-1,13,0.5691264416356995,0.9583781043080074,115.53846153846153,False,VGPRYTNL,RAYLFNSV,0.038534083058325404,0.3076923076923077,False
AV3-1-CAVSARTNKVVF-AJ34_BV13-2-CASGDRGGNTEVFF-BJ1-1,13,0.8264252508395642,0.8844130126134561,56.23076923076923,False,VAFDFTKV,RAYLFNSV,0.07415786946927042,0.15384615384615385,False
AV5-1-CSASMDYNQGKLIF-AJ23_BV3-CASSSGQGHEQYF-BJ2-7,13,1.0516065703043032,0.913889943424077,44.15384615384615,False,VGPRYTNL,RTYTYEKL,0.08345794536068502,0.23076923076923078,False
AV6D-7-CALGLDSNYQLIW-AJ33_BV13-1-CASSGGVYAEQFF-BJ2-1,13,1.120776469892675,0.797295634760381,22.307692307692307,False,RAYLFNSV,VIVRFLTV,0.13940423930600254,0.0,False
AV6N-6-CALRNSNNRIFF-AJ31_BV12-1-CASSRTGDSYEQYF-BJ2-7,13,0.819138322451875,0.9873463857878791,104.07692307692308,False,INFDFPKL,VAFDFTKV,0.04458774446164793,0.46153846153846156,False
AV7-3-CAVMGGRALIF-AJ15_BV13-1-CASSADWGDAEQFF-BJ2-1,13,1.1138335227847123,0.9015222521364549,28.307692307692307,False,ATLVFHNL,RTYTYEKL,0.12747289148495283,0.38461538461538464,False
AV7D-4-CAASEPNNNAPRF-AJ43_BV1-CTCSRDISYEQYF-BJ2-7,13,1.2844806099450525,,9.923076923076923,False,VSFTYRYL,RTYTYEKL,0.40541632982926307,0.15384615384615385,False
AV8D-2-CATMSNYNVLYF-AJ21_BV3-CASSLGQEYEQYF-BJ2-7,13,1.050562458651718,0.9361010945350728,53.84615384615385,False,VGPRYTNL,RTYTYEKL,0.10307956835467463,0.3076923076923077,False
AV9-2-CVLNTGYQNFYF-AJ49_BV13-1-CASSVAGREQYF-BJ2-7,13,0.9665369448808482,0.9483777652077217,39.23076923076923,False,RAYLFNSV,RTYTYEKL,0.08678333118041476,0.38461538461538464,False
AV12-2-CALSLSSGSWQLIF-AJ22_BV13-1-CASSDQGTEVFF-BJ1-1,12,1.4192397957235852,0.5248199799503014,7.916666666666667,False,SSYTFPKM,RTYTYEKL,0.27698375470213077,0.25,False
AV13-2-CAIDTNTGKLTF-AJ27_BV13-3-CASSDANSDYTF-BJ1-2,12,0.8303122201025541,0.7568840568180839,31.583333333333332,False,SNYLFTKL,VGPRYTNL,0.18838010091766272,0.16666666666666666,False
AV14-1-CAARYTEGADRLTF-AJ45_BV3-CASSLAGGYEQYF-BJ2-7,12,1.0135220139521735,0.9488662967310142,41.333333333333336,False,VGPRYTNL,RAYLFNSV,0.05712274789740863,0.4166666666666667,False
AV14-1-CAASADTGNYKYVF-AJ40_BV13-3-CASSGTGTQNTLYF-BJ2-4,12,1.6613273758482332,0.8283533866588334,45.75,False,VGPRYTNL,VIVRFLTV,0.6935597803396952,0.5833333333333334,False
AV14-2-CAASASSGSWQLIF-AJ22_BV31-CAWSLAGSGNTLYF-BJ1-3,12,1.3165690286962397,,13.833333333333334,False,RTYTYEKL,SVYVYKVL,0.21943933431357568,0.08333333333333333,False
AV15D-1/DV6D-1-CALWELARMGYKLTF-AJ9_BV13-1-CASSDGVHYAEQFF-BJ2-1,12,0.6576073381588444,0.8277592138489295,92.91666666666667,False,VIVRFLTV,RTYTYEKL,0.08002871285642876,0.25,False
AV16-CAMREDSNYQLIW-AJ33_BV3-CASSPGQISNERLFF-BJ1-4,12,1.005096320424738,0.8557991275116303,18.166666666666668,False,RAYLFNSV,RTYTYEKL,0.11893350333808758,0.3333333333333333,False
AV16-CAMREDSNYQLIW-AJ33_BV3-CASSQGQISNERLFF-BJ1-4,12,1.154662100252256,0.9601446685556467,37.583333333333336,False,RAYLFNSV,VIVRFLTV,0.042188419552189785,0.0,False
AV16-CAMREDTGYQNFYF-AJ49_BV13-1-CASSDPGDGVFF-BJ1-1,12,1.456060038790782,0.7825046366639498,14.333333333333334,False,SVYVYKVL,RTYTYEKL,0.23403573539637595,0.25,False
AV16/DV11-CAMREDSNYQLIW-AJ33_BV3-CASSPGQISNERLFF-BJ1-4,12,0.632872319959778,0.831646834403706,29.916666666666668,False,RAYLFNSV,VGPRYTNL,0.14701216382519336,0.3333333333333333,False
AV16/DV11-CAMREEGGRALIF-AJ15_BV13-1-CASKDTYEQYF-BJ2-7,12,0.303533728279313,0.49622199672301653,151.16666666666666,False,RTYTYEKL,SNYLFTKL,0.6885219919630299,0.25,False
AV16/DV11-CAMREGPTNAYKVIF-AJ30_BV13-2-CASGDTYEQYF-BJ2-7,12,0.6147154800160598,0.9962733164854836,89.33333333333333,False,RTYTYEKL,SNYLFTKL,0.01957844672758006,0.3333333333333333,False
AV16/DV11-CAMREPYQGGRALIF-AJ15_BV13-2-CASGDQGASGNTLYF-BJ1-3,12,0.6882041555826862,0.6076031270520912,166.75,False,RTYTYEKL,RAYLFNSV,0.3398037635944594,0.3333333333333333,False
AV19-CAAGNQGGSAKLIF-AJ57_BV19-CASSYSGAEQFF-BJ2-1,12,0.7511622115566711,0.8334981106132527,25.25,False,VIVRFLTV,RTYTYEKL,0.1343519989668708,0.08333333333333333,False
AV21/DV12-CILRVAGANTGKLTF-AJ52_BV13-3-CASSARVEQYF-BJ2-7,12,1.0961640505329064,0.8685405877613435,26.583333333333332,False,VIVRFLTV,RTYTYEKL,0.14273987751603626,0.4166666666666667,False
AV3D-3-CAVTSSSGSWQLIF-AJ22_BV5-CASSPDRGDERLFF-BJ1-4,12,2.185284655846408,0.4235768090183905,11.25,False,HIYEFPQL,RTYTYEKL,0.7766178942121682,0.16666666666666666,False
AV6D-7-CALVASSGSWQLIF-AJ22_BV13-2-CASGDAGASQNTLYF-BJ2-4,12,0.9642981846747224,0.9670455836251445,47.583333333333336,False,VAFDFTKV,SNYLFTKL,0.061927495962290996,0.08333333333333333,False
AV7-3-CAVSSYGSSGNKLIF-AJ32_BV13-2-CASGDAGNNQAPLF-BJ1-5,12,0.9689072682536507,0.9853672495036842,48.416666666666664,False,INFDFPKL,VAFDFTKV,0.07570312857125319,0.4166666666666667,False
AV7-5-CAVSTYYGSSGNKLIF-AJ32_BV13-2-CASGLGGDTQYF-BJ2-5,12,1.0139015855737055,0.7999590381410575,15.666666666666666,False,VSFTYRYL,RTYTYEKL,0.1126225872868369,0.16666666666666666,False
AV10-CAAYTEGADRLTF-AJ45_BV13-1-CASSVGFTGQLYF-BJ2-2,11,0.989325089925634,0.9261073294861631,53.0,False,VIVRFLTV,RTYTYEKL,0.0590414030970122,0.45454545454545453,False
AV10N-CAASLDSNYQLIW-AJ33_BV19-CASSSSGTTNQAPLF-BJ1-5,11,1.0103771870988565,0.9327520038409067,61.27272727272727,False,RTYTYEKL,VIVRFLTV,0.06107291706901021,0.18181818181818182,False
AV12D-2-CALSDRDSGTYQRF-AJ13_BV13-3-CASSDRVSNERLFF-BJ1-4,11,0.4091043978443013,0.9487016824657224,207.8181818181818,False,RTYTYEKL,VGPRYTNL,0.04939885187072135,0.09090909090909091,False
AV3-3-CAVSAPEGADRLTF-AJ45_BV13-2-CASGDARDNQAPLF-BJ1-5,11,0.5915699291979754,0.9967666873818672,116.63636363636364,False,RAYLFNSV,SNYLFTKL,0.02493846671075621,0.18181818181818182,False
AV5-4-CAASADYNQGKLIF-AJ23_BV3-CASSLGLGYEQYF-BJ2-7,11,0.706127912354214,0.9944854766444563,58.90909090909091,False,VGPRYTNL,RTYTYEKL,0.03038724741704293,0.36363636363636365,False
AV7-3-CAVSRTGGLSGKLTF-AJ2_BV13-2-CASGDTGGQNTLYF-BJ2-4,11,1.091292384793695,0.9352181886366501,37.27272727272727,False,SNYLFTKL,RTYTYEKL,0.10294696526295798,0.5454545454545454,False
AV7D-3-CAVNNNNAPRF-AJ43_BV13-2-CASGDWGGAYEQYF-BJ2-7,11,0.5996789257577281,0.888146834527722,60.36363636363637,False,SNYLFTKL,VGPRYTNL,0.08690152444122867,0.09090909090909091,False
AV8D-2-CATDATNYNVLYF-AJ21_BV3-CASSLQQEYEQYF-BJ2-7,11,0.8922696253615964,0.9590514477447318,111.81818181818181,False,VGPRYTNL,RTYTYEKL,0.06084147227812904,0.36363636363636365,False
AV12D-2-CALSNYGSSGNKLIF-AJ32_BV13-2-CASGDAQGSNERLFF-BJ1-4,10,0.42681892882158745,0.9473585349968008,135.8,False,VGPRYTNL,SVYVYKVL,0.04518111828841641,0.2,False
AV12D-3-CALSEGDSGTYQRF-AJ13_BV19-CASSIREGQNTLYF-BJ2-4,10,0.6263422498258695,0.9981747592903715,91.0,False,VIVRFLTV,SNYLFTKL,0.030806318390987523,0.3,False
AV16-CAMREANYGNEKITF-AJ48_BV31-CAWSLRDINERLFF-BJ1-4,10,0.6013014586138622,0.9714003495662064,101.0,False,VIVRFLTV,RTYTYEKL,0.068152266999295,0.6,False
AV16-CAMREDTEGADRLTF-AJ45_BV13-1-CASSQANYAEQFF-BJ2-1,10,0.8722681218782411,0.9388013252118228,60.7,False,VIVRFLTV,RTYTYEKL,0.07860024543861538,0.4,False
AV16/DV11-CAMGNSGGSNAKLTF-AJ42_BV1-CTCSADRFYEQYF-BJ2-7,10,1.5353433929211573,,7.0,False,RTYTYEKL,HIYEFPQL,0.9048562933564479,0.2,False
AV16N-CAMREDSNYQLIW-AJ33_BV3-CASSWGQISNERLFF-BJ1-4,10,0.7303030796790633,,40.0,False,RAYLFNSV,SNYLFTKL,0.04799137607441707,0.2,False
AV16N-CAMREGTGSNRLTF-AJ28_BV1-CTCSPNRVDTLYF-BJ2-4,10,0.95634101824397,0.8158112425524455,84.6,False,RAYLFNSV,VIVRFLTV,0.14215987937139143,0.0,False
AV19-CAAGPMATGGNNKLTF-AJ56_BV12-2-CASSWGGYAEQFF-BJ2-1,10,0.5003271607362108,0.9954750144558706,29.4,False,VIVRFLTV,RTYTYEKL,0.027362697644653235,0.2,False
AV5-1-CSASIGSGSWQLIF-AJ22_BV13-1-CASTGGVEQYF-BJ2-7,10,0.8970169315848133,0.9848368539453317,26.8,False,VIVRFLTV,RTYTYEKL,0.045366324638434125,0.2,False
AV5-4-CAASVGGSAKLIF-AJ57_BV13-3-CASSDRDTEVFF-BJ1-1,10,1.285024377278863,0.9050610414468903,27.8,False,SNYLFTKL,RTYTYEKL,0.09846874392155994,0.3,False
AV6-2-CVLGEAGGSNAKLTF-AJ42_BV17-CASSRGQGSERLFF-BJ1-4,10,1.1788071246019565,0.7647168344538006,12.2,False,ATLVFHNL,VGPRYTNL,0.09869973842335313,0.2,False
AV6N-6-CALSDRGSGGSNAKLTF-AJ42_BV13-1-CASSDWGDYEQYF-BJ2-7,10,1.5361306514736452,0.6404679822793147,17.2,False,VSFTYRYL,RTYTYEKL,0.2597705014763084,0.4,False
AV7-2-CAASDNYAQGLTF-AJ26_BV31-CAWSLGNYAEQFF-BJ2-1,10,0.9458078624027568,0.9462858229843666,61.2,False,RTYTYEKL,SNYLFTKL,0.07143576748049184,0.4,False
AV8-1-CATDGASSSFSKLVF-AJ50_BV1-CTCSADGVEQYF-BJ2-7,10,1.090395991189742,0.9400011923990519,26.2,False,SVYVYKVL,RTYTYEKL,0.11518626492576335,0.4,False
AV8D-2-CAPYQGGRALIF-AJ15_BV13-1-CASSPTGLSDYTF-BJ1-2,10,1.119530535878209,0.4723537054239219,10.6,False,HIYEFPQL,VSFTYRYL,0.18896007551973684,0.0,False
AV8N-2-CATDSAGNKLTF-AJ17_BV13-2-CASGDLGFNQDTQYF-BJ2-5,10,1.8476254470799678,0.8626048291340447,25.3,False,SNYLFTKL,SVYVYKVL,0.8514539165877506,0.5,False
AV9-2-CVLSAPYNNAGAKLTF-AJ39_BV13-1-CASSDREDTEVFF-BJ1-1,10,0.9661377420298995,0.7896645670787191,37.5,False,RAYLFNSV,SNYLFTKL,0.1455474176135711,0.1,False
AV9-4-CAVSADYANKMIF-AJ47_BV31-CAWSLAQGYEQYF-BJ2-7,10,1.7935990672575008,0.47314234398976496,13.3,False,SSYTFPKM,RAYLFNSV,0.7783398390794267,0.1,False
AV9-4-CAVSVDYANKMIF-AJ47_BV3-CASSWGGGYEQYF-BJ2-7,10,0.4877307714878654,0.9734588703472615,79.4,False,VGPRYTNL,RTYTYEKL,0.05449994284347259,0.3,False
AV10-CASNYGSSGNKLIF-AJ32_BV13-3-CASSDRDTQYF-BJ2-5,9,0.47228551177043876,0.9922021420856777,64.88888888888889,False,SNYLFTKL,RTYTYEKL,0.03723572670142335,0.5555555555555556,False
AV12-1-CALNNNNAPRF-AJ43_BV13-1-CASSPGLGENTLYF-BJ2-4,9,1.072660000023647,0.8476024413551514,23.444444444444443,False,VIVRFLTV,RAYLFNSV,0.0986670124479984,0.0,False
AV12-2-CALSESEGADRLTF-AJ45_BV16-CASSLGGDTEVFF-BJ1-1,9,0.8176868559952836,0.8006135417614278,46.111111111111114,False,VIVRFLTV,RTYTYEKL,0.12800189860598118,0.2222222222222222,False
AV12D-3-CALINQGKLIF-AJ23_BV13-2-CASGDINYAEQFF-BJ2-1,9,1.1416833762816208,0.7930774856892296,29.88888888888889,False,INFDFPKL,SNYLFTKL,0.16687186181593824,0.1111111111111111,False
AV13-2-CAIDPNTGKLTF-AJ27_BV13-3-CASSDSGSDYTF-BJ1-2,9,1.1057697059502205,0.8873925105393305,24.11111111111111,False,SNYLFTKL,RTYTYEKL,0.09418905620067557,0.1111111111111111,False
AV13-4/DV7-CAMERGGSNAKLTF-AJ42_BV13-2-CASGEGQGKNTLYF-BJ2-4,9,1.208003880371213,0.9319768957352351,36.333333333333336,False,SNYLFTKL,RAYLFNSV,0.17632313835847513,0.5555555555555556,False
AV13D-2-CAIDLDNNRIFF-AJ31_BV5-CASSQDWGNYAEQFF-BJ2-1,9,1.2390268503394826,0.8791889071761317,20.77777777777778,False,VSFTYRYL,VIVRFLTV,0.14099518307691186,0.2222222222222222,False
AV14-2-CAASADTGNYKYVF-AJ40_BV13-3-CASSDMGGQNTLYF-BJ2-4,9,1.8227257055277615,0.7955668669752607,23.555555555555557,False,VGPRYTNL,VIVRFLTV,0.5931645100137849,0.5555555555555556,False
AV14-2-CAATNTGKLTF-AJ27_BV13-2-CASGDVGGSNERLFF-BJ1-4,9,1.560333109357219,0.906585847551347,27.555555555555557,False,SNYLFTKL,RTYTYEKL,0.1041919871430319,0.3333333333333333,False
AV16-CAMREANYGNEKITF-AJ48_BV1-CTCSADRVQNTLYF-BJ2-4,9,1.4797247396608275,0.818631889965274,33.0,False,RAYLFNSV,RTYTYEKL,0.3137977823315053,0.5555555555555556,False
AV16-CAMREGDSNNRIFF-AJ31_BV13-2-CASGGTYEQYF-BJ2-7,9,0.5603233574721694,0.9984426365196897,151.0,False,RTYTYEKL,RAYLFNSV,0.025979991893833015,0.4444444444444444,False
AV16N-CAMRASSGSWQLIF-AJ22_BV1-CTCSASGTGDNSPLYF-BJ1-6,9,1.3908788588988037,0.5373235776942342,10.88888888888889,False,VSFTYRYL,RAYLFNSV,0.29921100528367905,0.3333333333333333,False
AV16N-CAMREDSNYQLIW-AJ33_BV16-CASSLDGLNYAEQFF-BJ2-1,9,1.081527377408266,0.9637381302922129,33.888888888888886,False,RAYLFNSV,SNYLFTKL,0.060723129553685196,0.3333333333333333,False
AV16N-CAMREGDSNYQLIW-AJ33_BV13-2-CASGDRANSDYTF-BJ1-2,9,1.1842334085996165,0.8468244285155765,22.11111111111111,False,RAYLFNSV,RTYTYEKL,0.21893597062550066,0.4444444444444444,False
AV19-CAAANTGYQNFYF-AJ49_BV17-CASSSTGGYNYAEQFF-BJ2-1,9,1.2995578367082916,0.8920733823926987,14.0,False,SNYLFTKL,VGPRYTNL,0.11923173227889178,0.3333333333333333,False
AV3D-3-CAVRTQVVGQLTF-AJ5_BV12-2-CASSLGDNQDTQYF-BJ2-5,9,0.9723696963056092,0.7336809959704734,15.444444444444445,False,RAYLFNSV,SNYLFTKL,0.1880455773072659,0.1111111111111111,False
AV4-4/DV10-CAAEAGYGNEKITF-AJ48_BV14-CASSFGTGGTQYF-BJ2-5,9,1.7632829782610675,0.5459724278177788,12.222222222222221,False,SSYTFPKM,SVYVYKVL,0.2159326963019425,0.2222222222222222,False
AV4-4/DV10-CAAEENTGYQNFYF-AJ49_BV13-3-CASQNTLYF-BJ2-4,9,1.3825017492544098,0.6156834636120588,24.88888888888889,False,SSYTFPKM,VGPRYTNL,0.24815399027044835,0.2222222222222222,False
AV4-4/DV10-CAAEYGNEKITF-AJ48_BV1-CTCSAGWGGSTGQLYF-BJ2-2,9,1.1952061066637447,,9.88888888888889,False,SVYVYKVL,RTYTYEKL,0.29658256500780095,0.1111111111111111,False
AV5-4-CAASNTNTGKLTF-AJ27_BV13-2-CASGRDRAQNTLYF-BJ2-4,9,1.0734411400667256,0.9846279922326124,43.77777777777778,False,VGPRYTNL,RTYTYEKL,0.061115235307902034,0.2222222222222222,False
AV6D-7-CALGDNNNAPRF-AJ43_BV31-CAWSLGNYAEQFF-BJ2-1,9,1.023898171635461,0.9870652166084248,82.22222222222223,False,SNYLFTKL,RTYTYEKL,0.07322983435877169,0.5555555555555556,False
AV6D-7-CALGRPGTGSNRLTF-AJ28_BV5-CASSQVAGDTEVFF-BJ1-1,9,1.2622966158071915,,22.555555555555557,False,VSFTYRYL,RAYLFNSV,0.36163132103494067,0.1111111111111111,False
AV7-5-CAVRPSGSWQLIF-AJ22_BV1-CTCSAVGFAETLYF-BJ2-3,9,0.9274468383810122,0.8896676929247676,38.333333333333336,False,RAYLFNSV,SNYLFTKL,0.12630510863280323,0.3333333333333333,False
AV8D-2-CATDDQGGRALIF-AJ15_BV19-CASSSGVNERLFF-BJ1-4,9,1.270043335360888,0.5724744428782488,17.77777777777778,False,VSFTYRYL,RTYTYEKL,0.22440227229003928,0.1111111111111111,False
AV8D-2-CATDSQGGRALIF-AJ15_BV3-CASSLGTGGEQYF-BJ2-7,9,1.0004150363278719,0.687618478325293,16.77777777777778,False,ATLVFHNL,RTYTYEKL,0.2072033301427515,0.2222222222222222,False
AV8N-2-CATEGGGRALIF-AJ15_BV1-CTCSGTGANTEVFF-BJ1-1,9,1.311195414459429,0.5804711752132582,14.555555555555555,False,HIYEFPQL,RTYTYEKL,0.24823296578977422,0.1111111111111111,False
AV9-2-CVLSLNYGSSGNKLIF-AJ32_BV3-CASSPGYYAEQFF-BJ2-1,9,0.37883155840016164,0.9987905641083693,184.77777777777777,False,VGPRYTNL,RTYTYEKL,0.013878884271283944,0.4444444444444444,False
AV10-CAASLDTNAYKVIF-AJ30_BV13-2-CASGGQTEVFF-BJ1-1,8,0.6819569606318867,0.9927867194128125,39.25,False,VIVRFLTV,VGPRYTNL,0.04715504740883736,0.25,False
AV10-CAASSGSWQLIF-AJ22_BV1-CTCSADGTGEREQYF-BJ2-7,8,0.6999969138953644,0.9563356162706259,123.625,False,VGPRYTNL,SNYLFTKL,0.07503086448189822,0.25,False
AV13-1-CALELMDYANKMIF-AJ47_BV13-2-CASGDYWGGAEQFF-BJ2-1,8,1.627972645963532,0.6576299663960736,13.875,False,VSFTYRYL,RTYTYEKL,0.4994595043968243,0.25,False
AV13-2-CAIDPNTGKLTF-AJ27_BV13-3-CASSDSNQAPLF-BJ1-5,8,0.578131592608885,0.9978820966277737,86.375,False,SNYLFTKL,RTYTYEKL,0.01890881073576824,0.125,False
AV13-2-CAIDTEGADRLTF-AJ45_BV16-CASRQSQNTLYF-BJ2-4,8,0.2322028725728249,,61.375,False,RTYTYEKL,RAYLFNSV,0.0165043376373867,0.125,False
AV13D-1-CAMEPASGSWQLIF-AJ22_BV4-CASSLNTLYF-BJ2-4,8,1.1281522201455865,0.8872354520723593,28.125,False,VIVRFLTV,RTYTYEKL,0.15164420573485884,0.5,False
AV13D-1-CAMERSNNRIFF-AJ31_BV2-CASSQDRRGDTQYF-BJ2-5,8,1.5213712722968764,0.6777975982300195,31.875,False,HIYEFPQL,RTYTYEKL,0.15322584283288643,0.25,False
AV13N-3-CASNNRIFF-AJ31_BV1-CTCSADRVQGTQYF-BJ2-5,8,1.0785071598383968,0.9807981667261175,28.5,False,RAYLFNSV,SNYLFTKL,0.06180483079266609,0.0,False
AV14-2-CAAIDSNNRIFF-AJ31_BV13-3-CASSGGHLNTEVFF-BJ1-1,8,0.4133121851926677,0.9988690486262543,159.875,False,RTYTYEKL,RAYLFNSV,0.016085291530589407,0.375,False
AV14-2-CAASDDTNAYKVIF-AJ30_BV13-1-CASSALGGSYEQYF-BJ2-7,8,0.9604061863165855,0.9669699818091987,27.125,False,VIVRFLTV,RTYTYEKL,0.0779195816981816,0.625,False
AV14D-3/DV8-CAASPNYNVLYF-AJ21_BV31-CAWGQGAGNTLYF-BJ1-3,8,1.7649662949664946,0.6508020968553667,12.75,False,INFDFPKL,VIVRFLTV,0.23519997136458135,0.125,False
AV16-CAMREDSGGSNYKLTF-AJ53_BV13-1-CASSDITEVFF-BJ1-1,8,0.8961380971333237,0.9286695667728777,24.125,False,VIVRFLTV,SNYLFTKL,0.10813276935474753,0.25,False
AV16-CAMREGASSSFSKLVF-AJ50_BV29-CASSLGGLYAEQFF-BJ2-1,8,1.1452441495520387,0.7142014935122817,23.75,False,VSFTYRYL,VGPRYTNL,0.14749288617945222,0.25,False
AV16/DV11-CAMREGDSNYQLIW-AJ33_BV13-2-CASGDRANSDYTF-BJ1-2,8,1.4181661127572829,0.7906343948105408,23.5,False,RAYLFNSV,SVYVYKVL,0.11376767003161371,0.125,False
AV16/DV11-CAMRESNTGYQNFYF-AJ49_BV13-2-CASGEGQGKNTLYF-BJ2-4,8,1.061289524001901,0.9574272157070908,20.5,False,SNYLFTKL,RTYTYEKL,0.07382351394079391,0.375,False
AV16N-CAMREGSSGSWQLIF-AJ22_BV13-2-CASGDRDQAPLF-BJ1-5,8,1.6756614446412292,0.3560050391040065,14.25,False,RTYTYEKL,RAYLFNSV,0.8259627150520638,0.125,False
AV16N-CAMREVSNYNVLYF-AJ21_BV13-2-CASGDQGNSGNTLYF-BJ1-3,8,0.5454748467319736,0.9957966027971629,115.875,False,RTYTYEKL,SNYLFTKL,0.05921370067478835,0.75,False
AV19-CASNTGYQNFYF-AJ49_BV31-CAWSARGDTQYF-BJ2-5,8,0.3697047988269584,0.9981102830041155,104.125,False,RAYLFNSV,RTYTYEKL,0.029354622805990556,0.375,False
AV7-2-CAASKGGRALIF-AJ15_BV12-2-CASSSGQGGISDYTF-BJ1-2,8,1.4616665164649683,0.8381052464773421,29.75,False,ATLVFHNL,RTYTYEKL,0.1332420404581768,0.375,False
AV7-3-CAGTGNYKYVF-AJ40_BV13-1-CASSDAQGSNERLFF-BJ1-4,8,0.30543469947268964,0.9985997569501927,69.625,False,VGPRYTNL,SNYLFTKL,0.016125568171573495,0.25,False
AV7D-3-CAVTGNYKYVF-AJ40_BV17-CASSPGQGYTGQLYF-BJ2-2,8,1.2635945637971688,0.46294972828401754,43.625,False,VIVRFLTV,RAYLFNSV,0.3895320544225885,0.125,False
AV7D-5-CAVSMTNSAGNKLTF-AJ17_BV13-3-CASSDAGQAERLFF-BJ1-4,8,0.7979037322839582,0.9822723927682772,44.75,False,RTYTYEKL,VGPRYTNL,0.06382154955123258,0.5,False
AV8D-2-CATDTGKLTF-AJ27_BV3-CASSLDSNERLFF-BJ1-4,8,0.991378196011752,0.9198653515336636,19.125,False,VGPRYTNL,SNYLFTKL,0.08173183754445845,0.25,False
AV9-2-CVLSSTSGGNYKPTF-AJ6_BV1-CTCSAVRVDTEVFF-BJ1-1,8,0.932374999240415,0.9841800890973105,64.125,False,RAYLFNSV,VGPRYTNL,0.07061899557230696,0.5,False
AV10-CAASMDYANKMIF-AJ47_BV1-CTCSVTPNSDYTF-BJ1-2,7,0.9115732523584545,0.9741289326973462,24.714285714285715,False,RAYLFNSV,RTYTYEKL,0.08745219136154847,0.5714285714285714,False
AV10N-CAASMDYNQGKLIF-AJ23_BV3-CASSLDWGGSYEQYF-BJ2-7,7,1.7085446819285959,0.3627486314079417,14.0,False,RAYLFNSV,VGPRYTNL,0.7227176220779727,0.2857142857142857,False
AV10N-CAASRASGSWQLIF-AJ22_BV16-CASSLTGEGNTLYF-BJ1-3,7,1.6366807997160533,0.47574811329721944,5.571428571428571,False,RTYTYEKL,HIYEFPQL,0.7423469387731242,0.42857142857142855,False
AV12-1-CALSETGNTGKLIF-AJ37_BV13-2-CASGDAGGSYEQYF-BJ2-7,7,0.9119373585482144,0.95566667233124,32.714285714285715,False,SNYLFTKL,RAYLFNSV,0.06570377778994613,0.42857142857142855,False
AV13-2-CAIDYNQGKLIF-AJ23_BV13-3-CASSEPNSPLYF-BJ1-6,7,0.9436405346366149,0.9097033214731818,30.571428571428573,False,SNYLFTKL,VGPRYTNL,0.08301487213176445,0.14285714285714285,False
AV13-2-CAIERDYANKMIF-AJ47_BV14-CASSYRGEQYF-BJ2-7,7,0.9852027659361317,0.9808682230241401,71.42857142857143,False,INFDFPKL,RAYLFNSV,0.05520309648792219,0.42857142857142855,False
AV13-2-CAMDNNAGAKLTF-AJ39_BV14-CASSLRGSQYF-BJ2-7,7,1.3869396785814936,0.6803813725573089,28.714285714285715,False,INFDFPKL,RTYTYEKL,0.2214145395161146,0.14285714285714285,False
AV13-4/DV7-CAMEVDSNYQLIW-AJ33_BV31-CAWSLGGSDYTF-BJ1-2,7,1.0068717135714793,0.9499392974139875,41.714285714285715,False,VIVRFLTV,RAYLFNSV,0.08920814586374504,0.42857142857142855,False
AV13D-1-CAMEDSGTYQRF-AJ13_BV12-2-CASSLGQGAETLYF-BJ2-3,7,1.566348004976091,0.9506639425746832,30.428571428571427,False,ATLVFHNL,RTYTYEKL,0.21127932938896135,0.5714285714285714,False
AV13D-3-CATNSAGNKLTF-AJ17_BV13-1-CASSDQGTEVFF-BJ1-1,7,1.1848212212684808,0.6746509668030106,11.0,False,SSYTFPKM,VGPRYTNL,0.21958968687581953,0.2857142857142857,False
AV13N-4-CAMEHGTGGYKVVF-AJ12_BV5-CASSQAQGEVFF-BJ1-1,7,1.2481489982466516,0.8991625496545407,19.142857142857142,False,ATLVFHNL,RAYLFNSV,0.10578047542156208,0.42857142857142855,False
AV14-2-CAADNNNAPRF-AJ43_BV12-1-CASSRGQANTGQLYF-BJ2-2,7,1.4883782980221167,0.6649888724091526,15.428571428571429,False,RAYLFNSV,RTYTYEKL,0.4339612161255696,0.5714285714285714,False
AV14-2-CAARSAGNKLTF-AJ17_BV1-CTCSAVRANSDYTF-BJ1-2,7,1.0063650282933347,0.5738807127185461,22.714285714285715,False,RAYLFNSV,SVYVYKVL,0.24631242224944205,0.0,False
AV14-3-CAASAGGNNKLTF-AJ56_BV13-2-CASGDAGYEQYF-BJ2-7,7,1.5748290910777865,0.38419905399272547,11.857142857142858,False,RTYTYEKL,RAYLFNSV,0.7272727272703313,0.0,False
AV16/DV11-CAMREEGGRALIF-AJ15_BV17-CASSPGQGYTGQLYF-BJ2-2,7,0.8456365968637389,0.4344398837875082,93.71428571428571,False,RTYTYEKL,VIVRFLTV,0.33095193208255724,0.2857142857142857,False
AV16/DV11-CAMREGPGTNAYKVIF-AJ30_BV13-2-CASGDSYEQYF-BJ2-7,7,0.718659678537196,0.9586795242000666,63.42857142857143,False,RTYTYEKL,RAYLFNSV,0.06717469424964453,0.42857142857142855,False
AV16/DV11-CAMRENTGGLSGKLTF-AJ2_BV13-1-CASSDEQYNNQAPLF-BJ1-5,7,1.173686814635109,0.729722026137687,47.857142857142854,False,VIVRFLTV,VGPRYTNL,0.2833981410422513,0.14285714285714285,False
AV16N-CAMREGDSNYQLIW-AJ33_BV13-1-CASSDVNQAPLF-BJ1-5,7,0.6827248846309014,0.9933740817452865,138.28571428571428,False,RTYTYEKL,SNYLFTKL,0.0232594337581928,0.2857142857142857,False
AV16N-CAMREGLSAGNKLTF-AJ17_BV1-CTCSAGQGAETLYF-BJ2-3,7,0.371015527213992,0.994409891947196,222.0,False,RAYLFNSV,SNYLFTKL,0.03083682480914147,0.14285714285714285,False
AV16N-CAMREGPSGYNKLTF-AJ11_BV13-2-CASGDAGASQNTLYF-BJ2-4,7,1.2459103408851857,0.7064820893498466,51.0,False,VAFDFTKV,VGPRYTNL,0.28490556138794676,0.14285714285714285,False
AV19-CAAGNTGYQNFYF-AJ49_BV17-CASRDRGGERLFF-BJ1-4,7,1.4697676395849313,0.5014733473610139,15.0,False,SSYTFPKM,RAYLFNSV,0.25699098682638866,0.2857142857142857,False
AV3-3-CAVSPNYAQGLTF-AJ26_BV13-2-CASGQGANSDYTF-BJ1-2,7,0.3658992554872009,0.9983890494316116,50.714285714285715,False,RTYTYEKL,VAFDFTKV,0.010680457347009426,0.0,False
AV6-6-CALGNQGGSAKLIF-AJ57_BV12-2-CASSPDWGEDTQYF-BJ2-5,7,1.4754612547293462,0.5537115728834623,15.714285714285714,False,ATLVFHNL,VGPRYTNL,0.3907442456796229,0.14285714285714285,False
AV6-7/DV9-CALSEDTGYQNFYF-AJ49_BV17-CASSRDRGYTLYF-BJ2-4,7,1.3176046033180728,0.8916035382602884,36.57142857142857,False,VGPRYTNL,VIVRFLTV,0.15209316655874827,0.5714285714285714,False
AV6D-7-CALGDDSGYNKLTF-AJ11_BV3-CASSLGTVSYEQYF-BJ2-7,7,0.7339093876346665,,42.0,False,VGPRYTNL,SNYLFTKL,0.13781479165137292,0.0,False
AV6D-7-CALGDRTGYQNFYF-AJ49_BV13-1-CASSPGFSNERLFF-BJ1-4,7,0.4571538287217618,0.9986093091247674,98.28571428571429,False,VIVRFLTV,RTYTYEKL,0.024345894388480213,0.2857142857142857,False
AV6D-7-CALGLSSGSWQLIF-AJ22_BV13-3-CASSLRGPEVFF-BJ1-1,7,0.38442750265567643,0.9997483825184533,214.28571428571428,False,VIVRFLTV,RTYTYEKL,0.015403302824376233,0.7142857142857143,False
AV7-2-CAAASSGSWQLIF-AJ22_BV13-1-CASSDAGYEQYF-BJ2-7,7,0.5660205801605808,0.9917897880633695,107.14285714285714,False,SNYLFTKL,RTYTYEKL,0.042721061301106145,0.5714285714285714,False
AV7-2-CAASNMGYKLTF-AJ9_BV20-CGARLGGDTQYF-BJ2-5,7,1.4257421981638518,0.7990801761683809,20.0,False,RAYLFNSV,RTYTYEKL,0.21434963801247803,0.42857142857142855,False
AV7-3-CAVSGGNYKPTF-AJ6_BV31-CAWSYRGETLYF-BJ2-3,7,0.9627476491096135,0.7105118745303552,103.42857142857143,False,RTYTYEKL,VGPRYTNL,0.12117751731753516,0.0,False
AV7-5-CAVLTNSAGNKLTF-AJ17_BV29-CASSWGQGLDTQYF-BJ2-5,7,1.228210333356715,0.8824498782352285,22.285714285714285,False,VIVRFLTV,VGPRYTNL,0.11897478421172049,0.14285714285714285,False
AV7N-4-CAVSEPGTQVVGQLTF-AJ5_BV1-CTCSAGGSYAEQFF-BJ2-1,7,1.395588311196042,0.7517669894022108,11.428571428571429,False,RAYLFNSV,SNYLFTKL,0.7773104608494311,0.42857142857142855,False
AV8-1-CATLYQGGRALIF-AJ15_BV3-CASSLTGVDTEVFF-BJ1-1,7,0.7934554066038988,0.8122934411352555,32.285714285714285,False,VGPRYTNL,RTYTYEKL,0.20723298100097695,0.2857142857142857,False
AV9-2-CVLRMDYANKMIF-AJ47_BV16-CASSWGAETLYF-BJ2-3,7,0.8362690144557637,0.9649863242081839,45.714285714285715,False,RAYLFNSV,RTYTYEKL,0.07439052696232692,0.2857142857142857,False
AV9-4-CAVSPNQGGSAKLIF-AJ57_BV1-CTCSANWGYEQYF-BJ2-7,7,0.979546381211696,0.9817598856682931,20.714285714285715,False,VSFTYRYL,RTYTYEKL,0.06851636495619177,0.42857142857142855,False
AV10-CAASTDYANKMIF-AJ47_BV3-CASSLAHSYEQYF-BJ2-7,6,0.43287667793577606,0.9922685173608435,66.33333333333333,False,VGPRYTNL,SNYLFTKL,0.03326730152057403,0.3333333333333333,False
AV10N-CAASTDYNQGKLIF-AJ23_BV3-CASSSGLGYEQYF-BJ2-7,6,0.8627265355621404,0.9876666935672849,58.833333333333336,False,VGPRYTNL,RAYLFNSV,0.041159784385037985,0.3333333333333333,False
AV12-1-CALSDRPSGSWQLIF-AJ22_BV19-CASSPGLTQYF-BJ2-5,6,0.976246113016177,0.9735997330095035,49.833333333333336,False,VIVRFLTV,RAYLFNSV,0.06197900159048145,0.16666666666666666,False
AV12-2-CALINYGSSGNKLIF-AJ32_BV13-2-CASGEGGDTQYF-BJ2-5,6,1.4797387969134792,0.7481818009256602,15.333333333333334,False,SVYVYKVL,RTYTYEKL,0.541415429899456,0.3333333333333333,False
AV12-2-CATANYGNEKITF-AJ48_BV23-CSSSQWQGASDYTF-BJ1-2,6,1.8307403111353657,0.47075378946588675,25.166666666666668,False,SVYVYKVL,ATLVFHNL,0.416992929350845,0.0,False
AV13-1-CALERPEGADRLTF-AJ45_BV16-CASRGLGGKYF-BJ2-7,6,1.4820491923536387,0.7913104384862192,24.333333333333332,False,VGPRYTNL,RTYTYEKL,0.21077260311574195,0.16666666666666666,False
AV13-3-CAMERSNNRIFF-AJ31_BV2-CASSQDRRGDTQYF-BJ2-5,6,1.651096220517026,0.5301655878592191,18.166666666666668,False,HIYEFPQL,VIVRFLTV,0.42603550295760256,0.3333333333333333,False
AV14-2-CAASPSGSWQLIF-AJ22_BV13-1-CASSGGSDYTF-BJ1-2,6,0.7619912646131902,0.9920279758808547,61.0,False,VIVRFLTV,RTYTYEKL,0.05026353062243501,0.5,False
AV14-2-CAATEGADRLTF-AJ45_BV1-CTCSAVRVTGQLYF-BJ2-2,6,0.8472326469748119,0.9772573945096819,29.5,False,RAYLFNSV,RTYTYEKL,0.08021299234700383,0.3333333333333333,False
AV14D-1-CAAHLSSGSWQLIF-AJ22_BV1-CTCSASDWEQYF-BJ2-7,6,0.9341945330585332,0.919826713302602,9.833333333333334,False,RAYLFNSV,RTYTYEKL,0.18409219499096782,0.5,False
AV14D-1-CAASADNYAQGLTF-AJ26_BV1-CTCSAVGGGQDTQYF-BJ2-5,6,1.9916748489994658,0.4596337389894359,10.166666666666666,False,VSFTYRYL,RAYLFNSV,0.6131830008651126,0.0,False
AV14D-1-CAASADYNQGKLIF-AJ23_BV3-CASSFNQDTQYF-BJ2-5,6,0.25472464082719953,0.9995309069084863,147.33333333333334,False,VGPRYTNL,RTYTYEKL,0.01154188300321105,0.3333333333333333,False
AV14D-1-CAASEDSAGNKLTF-AJ17_BV20-CGARPDGTEVFF-BJ1-1,6,1.060722025056146,0.6786077723252407,20.0,False,RAYLFNSV,RTYTYEKL,0.24048121046720283,0.5,False
AV14D-3/DV8-CAASEGSALGRLHF-AJ18_BV12-2-CASSLDSNQDTQYF-BJ2-5,6,1.4274896196707,0.8077486495081305,11.333333333333334,False,ATLVFHNL,RTYTYEKL,0.15674975720272893,0.5,False
AV16-CAMREANTGYQNFYF-AJ49_BV13-2-CASGTGGENTLYF-BJ2-4,6,1.4243304959509553,0.6912355073502117,20.833333333333332,False,SVYVYKVL,VGPRYTNL,0.18782209160304617,0.0,False
AV16-CAMRERSNYNVLYF-AJ21_BV13-2-CASGDQGASGNTLYF-BJ1-3,6,0.45740723340680983,0.9905394105637157,54.333333333333336,False,SNYLFTKL,RTYTYEKL,0.04723799714061943,0.6666666666666666,False
AV16-CAMRKEGADRLTF-AJ45_BV13-1-CASSDNYEQYF-BJ2-7,6,0.22124023361468081,0.999046570058194,175.16666666666666,False,RTYTYEKL,SNYLFTKL,0.01691500316707116,0.16666666666666666,False
AV16/DV11-CAMREDNYAQGLTF-AJ26_BV5-CASSQAGGANERLFF-BJ1-4,6,0.6871131150678168,0.8367650069257304,47.666666666666664,False,ATLVFHNL,RAYLFNSV,0.12916715808984805,0.3333333333333333,False
AV16/DV11-CAMREDSNYQLIW-AJ33_BV3-CASSWGQISNERLFF-BJ1-4,6,0.5464692314638825,0.9965201576529827,98.83333333333333,False,RAYLFNSV,RTYTYEKL,0.035324192287249055,0.5,False
AV16/DV11-CAMREGGGYKVVF-AJ12_BV13-2-CASGGNNSPLYF-BJ1-6,6,1.436385571891089,0.8266585319621684,22.166666666666668,False,RAYLFNSV,RTYTYEKL,0.9491924490394668,0.3333333333333333,False
AV16/DV11-CAMREGTNTGKLTF-AJ27_BV1-CTCSGDRFYEQYF-BJ2-7,6,1.4709327657179356,0.3633296310124117,10.166666666666666,False,VIVRFLTV,RTYTYEKL,0.833050127439708,0.16666666666666666,False
AV16/DV11-CAMRGSSGSWQLIF-AJ22_BV1-CTCSADRFYEQYF-BJ2-7,6,1.5755180944814315,0.3203009912894405,6.5,False,RTYTYEKL,HIYEFPQL,0.7013035381724136,0.3333333333333333,False
AV16N-CAMREANTGYQNFYF-AJ49_BV15-CASSLARGGRGDTQYF-BJ2-5,6,0.8406299613059841,0.9731271072261258,69.16666666666667,False,SNYLFTKL,SVYVYKVL,0.07505860809684795,0.5,False
AV16N-CAMREGDSNYQLIW-AJ33_BV13-1-CASSGTYNQDTQYF-BJ2-5,6,0.9257894489514551,0.9748974948536774,31.833333333333332,False,RAYLFNSV,RTYTYEKL,0.062084811709987565,0.16666666666666666,False
AV19-CAADQGGSAKLIF-AJ57_BV13-3-CASSDAGLSYNSPLYF-BJ1-6,6,0.568622378830033,0.9962194777150276,51.0,False,VIVRFLTV,RTYTYEKL,0.03474802099825777,0.3333333333333333,False
AV19-CAAGATGYQNFYF-AJ49_BV17-CASSDRGEQYF-BJ2-7,6,1.0580599793353855,0.9375112848040915,18.5,False,SNYLFTKL,VGPRYTNL,0.0861245938464107,0.3333333333333333,False
AV3-3-CAVRNNAGAKLTF-AJ39_BV19-CASSRLGLYEQYF-BJ2-7,6,2.0433950923721262,0.38760947353052294,24.166666666666668,False,RTYTYEKL,VGPRYTNL,0.9740397009492003,0.3333333333333333,False
AV3-3-CAVSSNNRIFF-AJ31_BV1-CTCSAVRVGNTLYF-BJ1-3,6,1.162022929423464,0.6891768141384361,104.0,False,RAYLFNSV,VGPRYTNL,0.27311764356588836,0.0,False
AV3D-3-CAVESSNTNKVVF-AJ34_BV13-2-CASGRDRAQNTLYF-BJ2-4,6,0.8171758127796731,0.991727956879523,43.0,False,VGPRYTNL,VIVRFLTV,0.05442402616123041,0.3333333333333333,False
AV3D-3-CAVSGGNYKYVF-AJ40_BV13-2-CASGDAGGATEQFF-BJ2-1,6,1.2672388377303838,0.9745395956060998,20.833333333333332,False,SNYLFTKL,VGPRYTNL,0.09330472134264568,0.3333333333333333,False
AV3D-3-CAVSVTNSAGNKLTF-AJ17_BV5-CASSPDRGDERLFF-BJ1-4,6,1.3173623223203146,0.3110968260165272,6.0,False,VGPRYTNL,HIYEFPQL,0.9333563535875866,0.0,False
AV5-4-CAARTSSSFSKLVF-AJ50_BV1-CTCSAVRLAETLYF-BJ2-3,6,1.0511660452441323,0.8599569109164134,12.0,False,RAYLFNSV,RTYTYEKL,0.1631744303983088,0.16666666666666666,False
AV6-3-CAMRSNYNVLYF-AJ21_BV13-2-CASGDAGVNQDTQYF-BJ2-5,6,1.1800399115339484,0.8238230865160869,18.0,False,VSFTYRYL,RTYTYEKL,0.16379283268923012,0.0,False
AV6-7/DV9-CALRDSNYQLIW-AJ33_BV1-CTCSAVRVAEQFF-BJ2-1,6,0.9403983178333163,0.9573885623234253,44.5,False,RAYLFNSV,RTYTYEKL,0.059811576765858826,0.5,False
AV6D-7-CALGDHMGYKLTF-AJ9_BV26-CASSLGGYAEQFF-BJ2-1,6,1.0338346207669142,0.7992834070764298,38.666666666666664,False,VIVRFLTV,RAYLFNSV,0.15095715715431002,0.0,False
AV6N-6-CALDTNAYKVIF-AJ30_BV4-CASSPDLNTLYF-BJ2-4,6,1.242745847876922,0.7916692591053851,41.833333333333336,False,RTYTYEKL,RAYLFNSV,0.3266684737632674,0.3333333333333333,False
AV7-2-CAAITGSGGKLTL-AJ44_BV31-CAWSLGNYAEQFF-BJ2-1,6,1.2679786060394902,0.9514781387277331,29.666666666666668,False,SNYLFTKL,RTYTYEKL,0.1468142009150535,0.3333333333333333,False
AV7-2-CAASITGNTGKLIF-AJ37_BV26-CASSLGLNYAEQFF-BJ2-1,6,0.8321347306593125,0.8418047944687655,39.666666666666664,False,RAYLFNSV,RTYTYEKL,0.13984973544586277,0.3333333333333333,False
AV7-5-CAVPGYQNFYF-AJ49_BV1-CTCSAGQGNTGQLYF-BJ2-2,6,0.7792008251672852,0.9886831756616473,38.0,False,RAYLFNSV,RTYTYEKL,0.054837630396008044,0.5,False
AV7D-5-CAVSNTGNYKYVF-AJ40_BV4-CASSSGQNQAPLF-BJ1-5,6,0.5320705939363718,0.9955131789218717,92.0,False,RTYTYEKL,SVYVYKVL,0.029817260870043962,0.16666666666666666,False
AV8-1-CATDRAEGADRLTF-AJ45_BV3-CASSLDWGASAETLYF-BJ2-3,6,1.104062807648612,0.4668688747542422,23.666666666666668,False,VIVRFLTV,RAYLFNSV,0.30729787410900905,0.16666666666666666,False
AV8-2-CATNTGNYKYVF-AJ40_BV1-CTCSAGGLGSTGQLYF-BJ2-2,6,1.8734433584418866,0.5543461377685956,10.333333333333334,False,VSFTYRYL,HIYEFPQL,0.3531460413271752,0.5,False
AV8D-1-CATDRAEGADRLTF-AJ45_BV3-CASSLDWGASAETLYF-BJ2-3,6,1.3190170428347754,0.764272284971136,18.0,False,VIVRFLTV,SVYVYKVL,0.13005283204304838,0.0,False
AV8D-2-CATDGDYSNNRLTL-AJ7_BV3-CASSLATEYEQYF-BJ2-7,6,0.4100440976825886,0.9983587787875478,55.833333333333336,False,VGPRYTNL,RTYTYEKL,0.02437651203741379,0.5,False
AV8D-2-CATDYSNNRLTL-AJ7_BV3-CASSLRDSSYEQYF-BJ2-7,6,0.5541047233687606,0.9947479905520791,54.5,False,VGPRYTNL,SNYLFTKL,0.052479880090649064,0.3333333333333333,False
AV8N-2-CATEDQGGRALIF-AJ15_BV5-CASSQEAISNERLFF-BJ1-4,6,1.8739114355321138,0.47170840810354864,7.0,False,RAYLFNSV,VSFTYRYL,0.9293078055930165,0.5,False
AV9-2-CVLSANTGYQNFYF-AJ49_BV1-CTCSVDRISYEQYF-BJ2-7,6,1.4742433391129073,0.39868729212351983,10.333333333333334,False,RTYTYEKL,VGPRYTNL,0.6413243408934388,0.16666666666666666,False
AV1-CAVIGTGGYKVVF-AJ12_BV1-CTCSGTGVNTEVFF-BJ1-1,5,0.7933063916437618,0.9945603292579943,65.2,False,RAYLFNSV,RTYTYEKL,0.032586386198916004,0.4,False
AV10-CAASPNSNNRIFF-AJ31_BV13-3-CASSDRYEQYF-BJ2-7,5,0.7806065507796578,0.9847557679825953,26.2,False,SNYLFTKL,RTYTYEKL,0.09577464788721064,0.6,False
AV11-CVVGANNYAQGLTF-AJ26_BV13-2-CASGDVGGNSPLYF-BJ1-6,5,0.4919417990340107,0.9968652912127016,64.4,False,SNYLFTKL,RTYTYEKL,0.021446069472205148,0.4,False
AV12-2-CALRPNYGNEKITF-AJ48_BV4-CASSYGSSYNSPLYF-BJ1-6,5,1.7072854654189,0.256174097827535,10.2,False,ATLVFHNL,INFDFPKL,0.7705551160917374,0.0,False
AV12-2-CALRSNTGANTGKLTF-AJ52_BV1-CTCSVGTISNERLFF-BJ1-4,5,1.7034435877675471,,8.0,False,RTYTYEKL,SNYLFTKL,0.6273148148117653,0.4,False
AV12D-3-CALIASSGSWQLIF-AJ22_BV13-2-CASGDAGNQAPLF-BJ1-5,5,1.0895378355137375,0.9123306654503931,77.8,False,SNYLFTKL,RTYTYEKL,0.07221189023499129,0.4,False
AV12D-3-CALSGENSGTYQRF-AJ13_BV12-2-CASSLAGVYQDTQYF-BJ2-5,5,0.8832365259237129,0.5575756317245745,13.0,False,VSFTYRYL,RTYTYEKL,0.5029234846245357,0.0,False
AV13-2-CAIDPNTGKLTF-AJ27_BV13-3-CASSETGPEVFF-BJ1-1,5,0.8094363978127594,0.981447002673022,26.8,False,SNYLFTKL,RTYTYEKL,0.043194394327440516,0.2,False
AV13-2-CAIDTNTGKLTF-AJ27_BV31-CAWSLGYAEQFF-BJ2-1,5,1.13163810815174,0.9514909515577065,29.0,False,SNYLFTKL,VIVRFLTV,0.11569840562686941,0.2,False
AV13-2-CAIGSALGRLHF-AJ18_BV2-CASSQDRGWEQYF-BJ2-7,5,1.8621323453780687,0.3985431763788128,7.8,False,HIYEFPQL,RAYLFNSV,0.7317073170704939,0.4,False
AV13-4/DV7-CAMEDGSSGNKLIF-AJ32_BV13-2-CASGDARDNQAPLF-BJ1-5,5,0.5167265606809266,0.9963204274833691,124.2,False,RAYLFNSV,INFDFPKL,0.023381832296516886,0.2,False
AV13N-4-CAMEPSSSFSKLVF-AJ50_BV31-CAWSLGGAEQFF-BJ2-1,5,0.9045773666321868,0.606883630345247,39.4,False,VIVRFLTV,SNYLFTKL,0.20293033297037325,0.4,False
AV14-2-CAASAETGGYKVVF-AJ12_BV13-2-CASGELGGHTGQLYF-BJ2-2,5,1.4049509043087784,0.9296458374230678,27.8,False,VGPRYTNL,RTYTYEKL,0.16716389488359074,0.4,False
AV14D-1-CAASEGSNTNKVVF-AJ34_BV1-CTCSVLGGEDTQYF-BJ2-5,5,0.7103135318863336,0.9892831989900301,41.4,False,VIVRFLTV,RAYLFNSV,0.029520754203889207,0.4,False
AV15-1/DV6-1-CALWELNNNAGAKLTF-AJ39_BV3-CASSLGGGYEQYF-BJ2-7,5,1.0926589716963369,0.9700530923826554,92.4,False,VGPRYTNL,RTYTYEKL,0.06507081189957577,0.2,False
AV16-CAMREDSNYQLIW-AJ33_BV3-CASSHGQISNERLFF-BJ1-4,5,1.0433283914428697,0.8723704796601053,17.2,False,RAYLFNSV,VGPRYTNL,0.20347671049669952,0.4,False
AV16-CAMRESGANTGKLTF-AJ52_BV1-CTCSAVREDTQYF-BJ2-5,5,1.7252227388361974,0.5959673840046502,8.8,False,RAYLFNSV,VGPRYTNL,0.550335570468469,0.4,False
AV16/DV11-CAMREDSNYQLIW-AJ33_BV3-CASSTGQISNERLFF-BJ1-4,5,0.741801833447513,0.9937577497933331,53.8,False,RAYLFNSV,SNYLFTKL,0.041489483067500985,0.0,False
AV16/DV11-CAMREGTNAYKVIF-AJ30_BV13-2-CASGDAWGQAGNTLYF-BJ1-3,5,0.29524809637531446,0.9986172963262654,81.0,False,SNYLFTKL,RTYTYEKL,0.02049282909751703,0.2,False
AV16N-CAMRDDTNAYKVIF-AJ30_BV1-CTCSRDRGREQYF-BJ2-7,5,1.4602869337402695,0.9516894740829785,23.8,False,HIYEFPQL,SNYLFTKL,0.07945081633731903,0.2,False
AV16N-CAMRDDTNAYKVIF-AJ30_BV13-2-CASGDQGASGNTLYF-BJ1-3,5,0.3697090341135302,0.6141980906273207,116.0,False,RTYTYEKL,SNYLFTKL,0.22608745773205002,0.2,False
AV16N-CAMRDDTNAYKVIF-AJ30_BV17-CASSPGQGYTGQLYF-BJ2-2,5,0.9794647406125396,0.5048989004141697,39.2,False,SNYLFTKL,VIVRFLTV,0.2874084161099428,0.2,False
AV16N-CAMREADSNYQLIW-AJ33_BV13-2-CASGRVDSPLYF-BJ1-6,5,0.20096682676780891,0.9998812214747407,210.2,False,RAYLFNSV,SNYLFTKL,0.0060694657141713085,0.2,False
AV16N-CAMREDSGYNKLTF-AJ11_BV13-1-CASSDAGAEVFF-BJ1-1,5,0.780893273857746,0.9851486694059094,36.2,False,SNYLFTKL,RTYTYEKL,0.058498875581418384,0.2,False
AV16N-CAMREGDTEGADRLTF-AJ45_BV13-1-CASSVTRVGNTLYF-BJ1-3,5,1.0975789157282219,0.7443943055204193,17.8,False,RAYLFNSV,SNYLFTKL,0.22125158830970598,0.0,False
AV16N-CAMREGSSGSWQLIF-AJ22_BV13-2-CASGVQGSAETLYF-BJ2-3,5,1.4283632793517338,0.9401647844993608,19.6,False,SVYVYKVL,RTYTYEKL,0.12341185436245683,0.2,False
AV19-CAAGAGSYQNFYF-AJ49_BV1-CTCSADGQNTLYF-BJ2-4,5,0.9721321636645897,0.9653173352787343,32.0,False,RAYLFNSV,SNYLFTKL,0.07012432971560355,0.4,False
AV19-CAAGAGYQNFYF-AJ49_BV31-CAWRLGNYAEQFF-BJ2-1,5,0.534613040868223,0.879674575777272,22.8,False,RTYTYEKL,SNYLFTKL,0.1191658391259752,0.2,False
AV19-CAAGNTGYQNFYF-AJ49_BV17-CASRDRGGETLYF-BJ2-3,5,2.155390697709431,0.5544369241933539,11.6,False,SSYTFPKM,SVYVYKVL,0.2585034013598584,0.0,False
AV19-CAAGSNYQLIW-AJ33_BV1-CTCSADWVSNERLFF-BJ1-4,5,1.8522130729796367,0.45721973117663817,13.6,False,VSFTYRYL,RTYTYEKL,0.572580645159628,0.4,False
AV3-3-CAVSANTGYQNFYF-AJ49_BV5-CASSPGGRYAEQFF-BJ2-1,5,1.2177347509243048,0.7932219620374543,16.8,False,RAYLFNSV,RTYTYEKL,0.2388623206641105,0.2,False
AV3-3-CAVSSYGSSGNKLIF-AJ32_BV5-CASSPDRSNERLFF-BJ1-4,5,1.249714601396543,0.6010468249558268,31.8,False,HIYEFPQL,VAFDFTKV,0.1854233257119314,0.0,False
AV3-4-CAVNYGNEKITF-AJ48_BV13-2-CASGDVLGGNTLYF-BJ2-4,5,1.342963807379186,0.809482541726019,31.2,False,INFDFPKL,ATLVFHNL,0.08930671690887163,0.2,False
AV3-4-CAVSAGNNKLTF-AJ56_BV13-2-CASGDAQGQNTLYF-BJ2-4,5,1.6335411911375375,0.7822886776098216,21.0,False,VAFDFTKV,INFDFPKL,0.4218512898322449,0.2,False
AV4-4/DV10-CAADQNTGYQNFYF-AJ49_BV4-CASSWDWGGEQYF-BJ2-7,5,1.5623915661682939,0.45778074044510475,12.4,False,SSYTFPKM,SNYLFTKL,0.43664237245429244,0.0,False
AV4-4/DV10-CAAEENTGYQNFYF-AJ49_BV14-CASSFGTGGEQYF-BJ2-7,5,1.8973450401364194,0.7394625970720186,18.2,False,SSYTFPKM,SNYLFTKL,0.2635187580848485,0.2,False
AV5-1-CSASMDYAQGLTF-AJ26_BV13-1-CASSDRGQYEQYF-BJ2-7,5,1.3566884148842735,0.8476329015973256,18.0,False,RAYLFNSV,RTYTYEKL,0.1387719717273637,0.4,False
AV5-1-CSASTDYANKMIF-AJ47_BV3-CASSLSGGNTQYF-BJ2-5,5,1.082535627593729,0.9688644656328261,63.4,False,RAYLFNSV,VGPRYTNL,0.1051605520191078,0.4,False
AV6-6-CALGEAGGSNAKLTF-AJ42_BV14-CASSPGLSYNSPLYF-BJ1-6,5,2.417361510955381,0.524520147595366,70.2,False,ATLVFHNL,RTYTYEKL,0.5521212108161256,0.4,False
AV6-6-CALGEGGNYKYVF-AJ40_BV16-CASSLGGYEQYF-BJ2-7,5,1.6670212515744887,0.7585728051251246,23.2,False,ATLVFHNL,RAYLFNSV,0.30106596756267523,0.4,False
AV6-6-CALGENTNTGKLTF-AJ27_BV2-CASSQDRRGDTQYF-BJ2-5,5,1.4591400488957267,0.4372090285180346,8.8,False,RTYTYEKL,RAYLFNSV,0.35658914728599245,0.0,False
AV6-7/DV9-CALSDHAGYQNFYF-AJ49_BV13-2-CASGARTGENYAEQFF-BJ2-1,5,1.5856057416104503,0.5212528315080313,17.4,False,VSFTYRYL,RAYLFNSV,0.32140860816026967,0.2,False
AV6D-7-CALGDASGSWQLIF-AJ22_BV13-1-CASSDGANYAEQFF-BJ2-1,5,0.9118589986083012,0.9840921440308052,49.2,False,VIVRFLTV,RAYLFNSV,0.06367664047785596,0.2,False
AV6D-7-CALGHDSGYNKLTF-AJ11_BV3-CASSLGQVSYEQYF-BJ2-7,5,1.2410377580092722,0.5765264867202201,12.2,False,VGPRYTNL,INFDFPKL,0.2059103908480596,0.0,False
AV6D-7-CALNTEGADRLTF-AJ45_BV3-CASSLGTGWYEQYF-BJ2-7,5,0.6715190960776445,0.9910611872166376,63.8,False,VGPRYTNL,VIVRFLTV,0.03274514241713112,0.2,False
AV6N-6-CALRSSGSWQLIF-AJ22_BV31-CAWSLEQGSAETLYF-BJ2-3,5,2.237107206063846,0.5866454189490494,10.8,False,SVYVYKVL,RTYTYEKL,0.9886621315149028,0.0,False
AV7-2-CAAINTNTGKLTF-AJ27_BV13-2-CASGDAGGGNERLFF-BJ1-4,5,1.0930189681480633,0.8435883419525764,20.2,False,SNYLFTKL,ATLVFHNL,0.11284799624927204,0.0,False
AV7-2-CAASRGDYANKMIF-AJ47_BV13-3-CASSARVEQYF-BJ2-7,5,1.6533294510459087,0.6048803505088635,19.0,False,VIVRFLTV,RAYLFNSV,0.2566539923949249,0.2,False
AV7-4-CAASDSSGSWQLIF-AJ22_BV13-1-CASSDAGYEQYF-BJ2-7,5,0.6038375180997445,0.9949898196799275,69.6,False,SNYLFTKL,RTYTYEKL,0.056195827209718385,0.6,False
AV7-5-CAVRQQGTGSKLSF-AJ58_BV31-CAWSLDRNSPLYF-BJ1-6,5,1.8919756634959057,0.3676957738143404,10.2,False,RAYLFNSV,HIYEFPQL,0.9755102040774518,0.0,False
AV7D-4-CAASDMGYKLTF-AJ9_BV2-CASSQDLGQGYAEQFF-BJ2-1,5,1.825803650593517,0.36808911450850845,16.8,False,SNYLFTKL,INFDFPKL,0.382014508462184,0.4,False
AV7D-5-CAVSYYNQGKLIF-AJ23_BV1-CTCSADSNTLYF-BJ2-4,5,1.834427356524913,0.8131306148001298,23.2,False,SVYVYKVL,VGPRYTNL,0.29481302774372053,0.2,False
AV8D-2-CATDQQGGRALIF-AJ15_BV19-CASSIGTNERLFF-BJ1-4,5,1.975774651330219,0.4640108618783513,20.4,False,VSFTYRYL,RAYLFNSV,0.5730712818989867,0.2,False
AV9-1-CAVRDNNAGAKLTF-AJ39_BV1-CTCSAVRIAETLYF-BJ2-3,5,1.1941576830286604,0.8610484735369504,17.0,False,RAYLFNSV,RTYTYEKL,0.14586167881622145,0.0,False
AV9-2-CVLSANNNNAPRF-AJ43_BV5-CASSQVWGAEQYF-BJ2-7,5,0.7913681011637651,0.9779402379740686,47.0,False,SNYLFTKL,VGPRYTNL,0.07666865012347253,0.2,False
AV9-2-CVLSLGNSNNRIFF-AJ31_BV13-2-CASGDAGGQDTQYF-BJ2-5,5,0.7084766194367699,0.9788643151169614,22.6,False,SVYVYKVL,VGPRYTNL,0.06189808431704895,0.2,False
AV9D-3-CALVSNTNKVVF-AJ34_BV13-1-CASSDVNTEVFF-BJ1-1,5,0.7011544070832915,0.9908435491042195,89.8,False,SNYLFTKL,RTYTYEKL,0.0791595513484499,0.8,False
AV9D-4-CALSTDYNQGKLIF-AJ23_BV3-CASSLGVEQYF-BJ2-7,5,0.7084420292941921,0.9969725751362345,158.8,False,VGPRYTNL,RTYTYEKL,0.03439710783739641,0.6,False
