3-mer,kd_reactive_cdr3b,kd_selfTolerant_cdr3b,kd_preImmune_cdr3b
CAS,17281,4858,120790
ASS,13801,3818,98349
SST,796,119,2645
STG,736,116,2443
TGT,563,60,1265
GTS,625,32,894
TSN,608,13,384
SNT,657,44,1068
NTE,1931,319,8462
TEV,2351,513,13705
EVF,2751,593,15831
VFF,2888,606,16170
SSD,5686,398,10140
SDN,945,8,289
DNR,913,1,52
NRG,995,9,395
RGE,1234,38,699
GEQ,1380,215,2468
EQY,7464,1204,27339
QYF,8219,1862,43587
SSL,1753,1124,28374
SLD,193,126,3700
LDR,101,29,997
DRG,1064,197,4816
RGG,405,68,2296
GGE,303,208,2353
CTC,612,328,7158
TCS,608,312,6866
CSD,291,12,141
SDR,1257,77,1824
RGL,299,28,817
GLS,282,19,516
LSN,282,16,412
SNE,449,131,3801
NER,561,248,6958
ERL,625,298,8553
RLF,622,291,8531
LFF,626,294,8545
SSS,1089,324,8761
SDW,412,35,924
DWG,803,286,6262
WGN,428,14,654
GNY,455,84,1968
NYA,580,212,5214
YAE,1243,466,11352
AEQ,2408,662,16540
EQF,2329,668,16551
QFF,2322,667,16582
SDA,314,91,2127
DAR,87,16,520
ARQ,90,8,239
RQN,131,33,542
QNT,610,349,8336
SSQ,507,412,8590
SQD,185,144,3202
QDN,3,7,155
DNN,24,7,417
NNE,12,7,209
CAW,203,94,3117
AWT,94,3,151
WTG,118,20,669
TGI,97,4,235
GIY,95,17,197
IYE,99,20,350
YEQ,3492,741,17643
ASG,1572,668,13223
SGD,1150,370,8761
GDR,626,76,1781
DRA,493,37,1046
RAN,317,27,763
ANT,829,146,3866
SLT,93,73,1812
LTD,2,1,83
TDN,26,4,211
DNY,25,35,895
ASR,969,246,5883
SRV,31,13,247
RVG,39,16,380
VGP,1,0,32
GPY,45,29,464
PYE,92,36,582
SSP,1369,524,15408
SPN,132,11,250
PNW,125,1,47
NWG,153,20,394
WGG,431,178,3565
GGA,635,264,6386
GAT,211,13,460
ATE,131,11,275
TEQ,198,6,168
SPD,57,67,2215
PDW,23,36,955
GGG,462,211,4531
ASQ,413,27,584
SQG,504,101,1938
QGA,582,89,2295
GAE,829,189,4242
SRP,19,37,731
RPL,3,2,26
PLG,18,19,415
LGG,1940,367,7052
GGR,424,109,2999
GRD,90,46,1315
RDA,3,16,252
DAE,56,59,1395
SDL,1397,10,376
DLG,1406,36,922
GGS,1533,165,3919
GSS,917,68,1973
SSY,1191,167,4187
SYE,1831,255,6503
DRD,428,53,1089
RDE,337,12,437
DEQ,446,70,2071
SPG,435,228,6499
PGT,260,83,2583
GTG,1233,369,9234
TGD,76,53,1503
GDS,240,48,1567
DSQ,115,14,394
SQN,264,181,4557
NTL,882,656,15990
TLY,1700,1129,28141
LYF,3304,1532,38197
SGE,185,92,1968
GEL,133,5,85
ELG,191,14,409
LGV,184,41,955
GVY,163,37,838
VYA,163,17,452
GGD,558,90,2796
GDY,455,42,1002
DYE,506,27,713
EVS,3,1,40
VSF,1,3,10
RGA,388,51,1316
GAA,119,19,505
AAE,44,15,432
SSR,373,302,7981
SRS,67,15,557
RSG,53,10,385
SGA,60,48,825
GAR,243,144,3656
SSI,111,96,3048
SIS,11,12,258
ISL,2,0,15
SLG,503,415,8478
GGL,98,44,1333
GLE,26,17,389
LEQ,180,19,719
SSF,588,180,5175
SFR,39,24,811
FRG,13,13,319
GAY,30,56,1212
AYA,14,18,391
SLA,126,73,2130
LAD,47,4,105
ADY,51,5,142
SSG,1351,280,7332
SGT,1041,142,3397
TGL,15,11,337
GLN,15,16,508
LNT,11,16,342
NTG,267,145,3714
TGQ,441,257,6458
GQL,503,254,6510
QLY,502,252,6462
LGN,36,25,629
SSE,516,127,2741
SER,83,36,480
ERR,11,2,24
RRQ,15,12,183
RQY,17,4,134
GDV,8,20,543
DVG,16,30,610
VGA,3,17,281
GAD,94,45,993
ADT,17,34,764
DTE,23,44,1504
SGG,191,178,3569
GGY,166,161,3368
GYA,142,99,1946
SQE,179,66,1375
QEG,38,14,402
EGR,66,10,199
GRG,317,69,1436
GGQ,76,135,2839
GQN,215,139,2854
GDL,18,13,388
LGL,107,32,888
GLD,20,2,262
LDF,2,0,38
GTV,33,14,443
TVN,16,7,244
VNQ,16,20,623
NQA,144,97,3091
QAP,165,120,3620
APL,235,125,3798
PLF,236,121,3775
SYR,80,19,472
YRT,12,1,33
RTG,310,99,2757
TGG,947,339,9115
GSQ,124,71,1778
SPQ,263,17,474
PQG,261,19,491
QGL,244,14,330
GLG,453,166,4508
AET,713,401,9993
ETL,738,440,11070
SLS,68,91,2438
LSR,19,11,412
SRE,62,19,447
REV,16,9,277
SPP,34,16,661
PPS,22,0,41
PSY,39,6,156
SRK,5,5,120
RKG,7,0,70
KGS,9,1,86
GSD,236,39,918
SDY,767,365,9099
DYT,773,371,9283
YTF,777,367,9283
DWA,17,9,195
WAN,6,2,54
ANQ,10,7,211
NQD,102,114,3170
QDT,369,420,10276
DTQ,677,628,15526
TQY,734,653,15993
CSS,20,47,1193
SSK,4,12,400
SKG,8,13,299
KGV,1,2,29
GVQ,8,20,508
VQN,8,5,245
SFL,10,15,270
FLG,3,11,186
LGR,54,13,537
GRA,38,24,799
RAE,184,36,1085
PDR,77,22,895
DRS,19,15,369
RSN,9,6,191
GSN,64,48,1180
SEA,97,6,123
EAT,82,6,39
ATN,92,9,106
TNT,136,43,1136
SRR,398,42,1028
RRG,330,21,462
RGI,169,9,136
GIN,157,4,253
INT,154,4,193
GDG,109,52,1162
DGW,3,6,63
GWG,32,27,598
GGW,22,8,246
GWY,1,2,30
WYF,1,0,11
SSH,49,53,1297
SHT,18,6,80
HTQ,16,0,34
SDG,942,49,1435
DGG,950,53,1289
GGV,800,40,992
GVN,802,29,940
VNS,741,9,242
NSP,1055,144,3266
SPL,1081,172,4160
PLY,1092,159,3652
DGL,8,8,216
GLV,59,5,89
LVG,21,14,649
VGT,12,10,350
GTQ,9,22,310
TGV,741,49,1304
GVE,694,31,607
VEQ,858,24,744
ASE,14,8,203
SEG,136,40,994
EGT,29,21,663
GGI,19,9,376
INQ,15,7,257
SFS,18,10,440
FSY,19,2,157
SES,60,5,113
ESQ,8,2,133
GEV,269,20,609
GVF,53,5,180
PGR,15,23,325
GRN,76,35,932
RNY,1,13,293
SRN,5,11,237
RNP,2,0,6
NPG,1,2,65
PGQ,180,133,2857
QNN,15,11,175
NNQ,57,52,1644
SRG,224,79,3044
GGT,296,83,2171
GYE,206,190,3989
SRD,381,172,4023
RDW,223,104,1910
GNT,489,367,9163
LGA,48,46,1167
AYE,19,35,1051
GGN,150,144,3496
LGW,22,5,243
WGA,90,39,973
ADA,23,9,142
LDS,54,29,349
DSY,267,35,910
GTK,18,4,164
TKN,1,6,105
KNT,18,25,764
SIN,14,2,112
INW,6,0,13
ERG,78,20,388
RGS,44,39,1194
AST,431,74,1582
GAG,211,95,2249
AGN,91,47,1127
SRL,45,30,767
RLG,96,60,1766
SIR,18,17,565
IRV,4,0,15
RVN,48,13,267
VNY,20,9,345
SSW,60,71,1731
SWG,56,32,891
GRE,309,44,1232
REQ,387,52,1448
CSV,5,5,150
SVT,7,5,138
VTS,7,0,36
SNY,6,13,265
SIW,10,3,129
IWG,6,4,115
WGR,86,17,247
GRQ,26,26,441
RQD,44,15,389
DRT,158,16,433
TGR,103,25,711
RDT,163,55,1397
YRG,78,14,401
RGR,154,57,1371
LAG,61,31,969
AGG,135,99,2432
GGH,41,13,417
GHY,27,9,172
HYA,30,5,134
SET,64,26,570
ETG,57,41,887
SSA,340,88,2726
SAG,325,96,2255
GNS,105,83,1907
NSD,428,253,6322
SPR,96,77,2068
PRG,23,9,524
GAN,503,108,2610
DRH,20,0,35
RHP,17,0,18
HPN,19,4,43
PNS,32,24,376
DAP,7,17,199
APG,12,22,409
PGG,89,73,1589
GWE,8,26,243
WET,5,1,18
SGR,41,14,631
QNY,27,15,342
RTA,15,12,218
TAS,4,12,219
SLE,126,84,2256
LEG,54,36,870
EGA,67,26,613
AAN,65,11,276
STQ,18,3,157
TQG,83,3,147
AGS,165,18,504
RDR,226,139,2996
RGP,59,14,538
GPH,5,0,17
PHT,5,0,11
HTE,12,6,226
GDQ,36,29,920
DQD,37,40,1029
STD,40,6,304
TDW,5,2,115
WGQ,16,17,527
GQD,79,117,2510
GDA,191,136,3331
DAW,58,9,178
AWG,73,18,414
GNQ,17,38,1333
RGN,58,46,1444
GNE,35,37,776
NEQ,48,17,431
RHY,1,1,11
HYE,6,4,117
ETT,8,0,48
TTG,201,16,347
DAG,213,91,2077
GLF,6,1,66
STP,187,17,375
TPG,29,13,289
ARE,112,32,884
SQV,20,11,267
QVW,1,0,19
VWG,6,7,188
ADE,3,6,200
SLV,211,44,1594
LVL,166,3,101
VLG,8,7,235
GRY,74,14,360
RYE,44,13,418
CSA,236,257,5367
SAD,77,85,2163
ADR,11,25,771
DRE,30,33,656
QEQ,84,2,190
RGQ,85,52,1346
DNS,28,33,764
NSY,54,20,506
SSN,111,34,754
SNR,99,15,310
NRV,50,2,67
RVE,113,1,187
ADG,64,4,249
DGE,10,3,119
ARA,12,24,470
RAG,71,24,767
AGQ,96,43,907
WGS,40,37,1027
GSA,174,60,1569
SAE,359,242,6351
ERA,8,1,78
GQG,210,214,4644
QGW,39,22,164
GWS,3,1,42
WSP,12,16,456
PGL,38,49,1442
GLR,1,4,68
LRE,2,7,107
SDS,62,20,590
QDP,14,14,211
DPG,29,44,824
GSY,442,66,1579
SRT,51,82,1735
GDW,41,40,879
GAQ,32,28,715
AQD,29,23,570
PRD,32,41,556
RDS,89,43,1096
SYN,60,47,1019
YNS,112,84,1922
SYA,42,11,481
SWT,6,17,406
LGQ,104,66,1550
QGI,5,3,136
GIT,5,1,66
ITG,3,4,161
SLF,114,8,214
LFR,57,1,56
FRD,64,9,277
SFY,13,5,132
FYR,9,1,23
RGD,152,40,1056
GDN,37,35,958
GIS,10,18,405
ISN,85,40,1140
YRI,18,0,9
RIS,21,5,189
DGT,33,31,779
GTT,28,20,748
TTN,19,33,628
TNS,51,25,908
SYP,1,7,85
YPR,1,0,6
PRA,4,4,77
ANS,384,100,2360
SYS,22,7,101
YST,3,0,7
STL,46,3,185
TLN,5,6,115
LNQ,6,9,296
CAR,5,8,152
ARP,1,1,89
RPN,3,1,55
PNT,19,22,539
RGW,26,3,97
GWD,23,4,129
WDR,28,15,343
GIA,20,2,92
IAE,21,2,128
SFD,29,14,357
FDR,26,4,126
AQN,4,12,298
QGD,13,23,747
GDF,18,5,100
DFA,1,2,16
FAE,300,13,279
RQG,114,67,1481
QGR,65,24,574
RNT,72,44,1003
EGG,44,56,1018
GQA,23,35,626
SAL,15,5,174
ALD,4,4,80
SIG,42,30,1002
IGQ,17,2,136
GQT,224,18,412
QTN,11,8,298
QED,26,11,150
EDW,28,8,247
WGD,56,32,921
DFE,14,0,21
FEQ,32,4,340
AGV,60,15,286
GVT,186,9,206
VTL,40,0,31
ASW,1,5,125
SWA,3,1,46
WAS,5,3,104
ASA,11,44,1219
SGN,106,180,4155
LGT,88,56,1791
TGA,389,56,1272
AGA,44,18,738
AGT,195,73,1693
GTA,222,32,988
TAN,221,52,1106
SQT,24,24,486
QTG,11,18,435
TGF,8,7,227
GFQ,8,4,143
FQD,7,7,210
GTR,4,2,89
TRG,3,8,138
RNS,40,15,641
WGT,12,9,314
GTY,56,18,456
TYE,226,28,681
QER,13,5,196
ERD,11,12,190
WGY,48,34,535
GTN,52,35,1109
RSR,6,0,63
RSS,11,13,407
SFG,121,55,1388
FGT,17,15,401
TSA,25,30,696
SAA,34,24,477
AAG,32,21,426
LSD,2,2,97
SGV,160,25,448
VTG,150,10,375
SIK,2,2,107
IKG,2,1,57
GDT,121,116,3153
DTL,19,23,603
TLG,1,3,132
LGS,52,30,848
SPS,102,19,664
PSG,20,10,424
TAA,6,1,32
AAA,11,0,46
AAP,36,1,31
RGV,29,5,317
GAL,186,22,579
ALG,30,22,515
LGF,8,6,125
GFS,18,13,332
CVS,1,0,19
VSS,18,12,149
SID,11,1,177
IDV,5,0,1
VGS,40,6,181
SNS,51,22,673
RDI,4,15,294
DIS,5,10,222
ISG,9,6,299
ISR,3,0,32
SRF,9,1,43
RFN,1,1,24
FNE,4,4,89
AGD,4,18,573
AYN,7,9,127
EST,2,0,42
FLY,2,0,10
LYE,185,20,458
QDW,49,29,479
QGY,53,30,692
LSG,28,29,986
LSQ,12,15,238
LDW,17,33,850
WGK,4,5,98
GKD,29,13,375
KDT,40,21,588
ASN,23,26,580
RGY,92,27,547
TYA,55,10,157
CVR,1,0,2
VRL,2,0,27
AYS,1,2,31
YSY,1,4,116
SYY,10,0,33
YYT,3,0,6
DRR,19,5,195
RRN,12,2,115
SLR,204,89,2591
LRQ,109,14,282
QGE,81,20,453
PNR,6,2,39
GRS,41,20,599
RSD,10,4,136
DGQ,76,6,362
TGS,42,56,1072
SPY,11,12,200
PYA,9,8,189
YAG,3,1,20
QGN,57,52,1201
RET,25,3,167
LEA,5,6,124
EAP,4,2,67
APA,15,3,46
PAN,15,21,154
TGK,25,7,207
GKN,3,12,292
SLL,25,30,1063
LLV,1,1,22
LVT,1,1,86
SAQ,5,3,159
AQI,4,1,9
QIS,13,8,234
TDS,8,6,284
LAR,11,10,233
ART,15,19,357
TGM,10,1,39
GMS,13,1,13
MSS,13,0,7
AWR,16,10,380
WRG,4,2,133
QGT,26,34,779
TGN,113,61,1422
STY,1,1,56
GGP,89,45,1097
GPA,6,7,143
PAE,9,4,160
DNA,3,9,246
NAE,7,18,529
SDP,299,24,486
DPA,1,3,61
PAG,5,3,204
SLW,23,28,693
LWG,25,16,481
DSD,45,41,949
GYN,37,9,431
FGG,68,12,446
CGA,196,137,3536
LVD,5,6,122
VDI,1,0,10
DIR,2,0,16
IRD,1,7,143
DAA,21,7,217
SDT,8,15,525
DTG,34,45,1391
SFN,8,7,141
FNW,4,0,16
NSG,19,44,966
QEH,10,0,20
EHW,10,0,5
HWG,23,14,255
RYA,40,9,260
STN,5,7,114
GAS,31,71,1743
ASY,19,12,367
RGT,68,40,1196
AWD,2,3,116
WDK,1,0,34
DKY,2,4,165
KYE,10,8,177
ASI,6,9,281
IDA,1,0,12
AGW,54,2,90
GWH,2,0,9
WHA,1,0,1
HAV,1,0,0
AVF,54,1,20
VFS,1,1,20
DAQ,40,7,274
AQS,1,1,39
QSP,1,0,13
LGE,36,28,805
SDD,52,25,393
DDR,13,11,226
VNT,80,12,444
NTV,1,0,5
TVQ,3,1,66
VQL,2,0,5
SYG,8,11,322
YGS,6,1,23
SLK,7,14,412
LKE,49,0,11
KEV,56,4,145
CAA,14,1,84
AAS,17,0,74
RSQ,12,8,246
VYE,44,33,750
ARY,4,3,72
RYF,4,2,42
GEA,7,8,336
EAE,8,7,276
AER,3,3,147
RTV,3,5,103
TVS,3,12,254
VSY,17,17,408
QFL,2,2,20
SFA,295,1,249
FAM,1,0,0
AMG,1,2,33
MGA,5,5,64
LVE,58,3,46
SAT,22,11,340
WEV,3,2,24
ASK,34,20,498
SKL,5,1,33
KLP,4,0,2
LPG,14,22,555
PGE,7,4,189
LDL,4,4,205
DLA,20,2,58
LAN,8,6,188
ARD,36,57,1409
DRF,1,0,53
RFS,1,0,52
FSG,10,9,277
STS,17,20,255
TSG,18,13,224
ALE,162,3,192
RVA,13,3,157
VAN,7,5,196
PRL,5,11,326
EGY,18,3,191
SYD,9,4,76
YDK,2,0,1
DKN,3,13,300
PGA,8,18,333
GAP,27,22,486
APE,3,5,111
PEV,15,9,271
SAR,22,30,426
ARL,14,8,164
DRV,98,30,769
SLN,34,21,567
LNG,2,0,22
NGQ,4,1,34
GQK,5,8,144
QKY,4,2,42
KYA,4,1,109
DAL,17,16,301
LTG,91,54,1429
GFY,35,3,261
FYA,44,2,208
GAV,25,6,148
AVA,19,1,39
VAE,37,17,504
QTA,10,2,35
TAF,10,0,10
AFY,10,2,30
GDE,143,62,1882
CAC,1,2,61
ACG,1,0,6
CGN,1,1,1
GNA,59,5,260
NAN,55,10,327
AWS,23,72,2328
WSL,8,35,1239
DRQ,8,12,400
GVP,3,3,86
VPE,2,0,16
PRQ,20,11,288
RQA,21,7,129
QAE,9,3,100
AEV,14,15,416
SSV,54,30,826
SVE,2,1,32
VEG,2,1,36
SQA,39,11,341
QAW,2,0,16
DDW,45,6,186
DWK,1,0,15
WKD,1,0,11
ANE,30,15,574
QDY,3,4,82
YTD,2,0,4
EGH,5,3,55
GHK,5,0,11
HKD,6,0,5
PST,72,3,64
STE,57,14,376
GEE,13,14,421
EEA,1,0,32
EAG,6,12,282
DGR,13,6,142
EQN,2,1,96
QNF,1,1,4
SQS,8,17,343
QSS,7,11,305
LDG,12,14,425
DGA,32,11,198
SPT,201,60,1677
PTG,350,59,1577
SLY,18,12,394
LYN,1,2,53
YNN,8,13,231
LNR,28,0,157
GTE,270,81,2112
TET,10,12,285
VQD,4,21,543
GNN,7,25,493
NNS,8,17,205
TGP,18,13,313
GPN,39,32,647
PNE,31,12,380
LSL,3,6,76
RSA,11,12,222
SGQ,63,60,1316
SLQ,7,18,620
LQP,1,2,4
QPS,1,1,47
ETA,1,9,64
SGL,87,24,963
PNA,1,0,15
NAY,1,0,4
AYY,1,0,21
DAN,12,6,265
QAT,7,1,23
GPT,12,5,129
PTE,11,7,137
GEP,4,6,135
EPL,1,0,11
PLA,3,2,26
LAL,1,2,144
ALY,28,13,123
QSW,2,5,17
WGE,53,34,726
SRQ,58,41,942
QGG,34,65,1395
QNS,17,19,511
GDD,7,17,387
ARG,46,36,812
RNQ,65,4,196
GVR,11,8,131
VRE,1,5,61
DSS,19,30,702
SQW,3,1,35
QWA,3,0,9
WAE,10,8,183
YRE,1,2,72
RED,7,22,390
EDS,1,6,181
SDE,70,22,414
DER,57,11,556
ERT,49,11,148
GER,23,29,701
SDM,216,1,53
DMG,215,5,114
MGQ,210,9,119
QTY,210,7,83
GSE,14,20,460
SEQ,71,21,517
LDT,6,13,381
REP,62,1,40
EPG,67,12,226
LRG,17,24,954
SQR,6,9,242
QRG,4,5,91
GVV,6,2,27
VVE,4,1,6
VEV,8,7,84
LAP,3,4,84
APK,1,2,4
PKD,3,0,8
APN,10,6,76
TRE,1,2,39
REN,12,12,263
ENT,28,57,1213
TEY,3,4,74
EYS,3,1,22
YSG,4,12,211
LGY,34,13,495
STT,162,15,230
DWV,5,9,170
WVS,1,3,74
VSA,26,6,250
ATG,38,28,814
ASL,9,12,269
AGE,19,13,593
RRA,54,3,116
EQD,3,3,115
WGF,5,1,123
ASV,16,3,118
SVG,22,8,317
VGG,30,27,790
DQN,26,14,328
GVG,14,29,597
QDR,36,18,677
RVS,2,10,272
VST,1,0,18
CAI,46,4,119
AIG,2,1,37
IGT,12,10,276
AGL,9,20,350
SLP,28,35,883
LPR,17,6,47
PRY,9,1,13
RYN,11,2,93
YNY,15,6,251
CAT,42,8,331
ATT,34,2,80
GPQ,3,10,188
PQY,2,2,32
RNN,13,4,174
QYE,72,14,514
ESN,49,1,75
SAN,42,13,498
ANW,6,2,28
TGY,17,27,605
LFW,57,1,10
FWG,69,10,206
FGE,4,2,36
GEG,41,58,1113
EGD,21,18,328
GTP,10,7,266
TPE,4,0,31
LKA,3,1,15
KAH,1,0,2
AHS,11,1,33
HSY,2,6,113
SQL,16,7,112
QLD,5,0,10
GVI,40,1,21
VIS,43,0,35
DRL,22,6,331
LRD,50,31,648
DWL,5,1,23
WLG,6,2,38
PQD,18,7,220
SDV,11,20,509
DVL,1,0,70
VLE,1,0,14
LEV,14,1,95
SGP,68,38,466
GPK,1,0,17
GEH,1,0,26
EHT,1,1,14
HTL,2,1,38
CTS,5,4,61
TSQ,21,9,321
SSM,12,37,859
SMD,4,4,71
MDR,7,5,38
VGL,4,3,98
AGR,79,11,278
GED,18,52,1326
EDL,1,0,13
GYY,8,4,168
YYA,77,6,218
GQY,131,23,784
QYY,62,0,27
WGV,65,26,571
GVD,4,7,276
VDA,1,1,34
VEF,2,0,3
EFF,13,0,11
CTN,1,0,4
NSR,1,1,9
GST,3,7,287
SPW,20,15,311
PWT,3,2,95
LGD,15,37,1133
NNY,1,5,234
GTL,3,20,324
LNY,3,3,196
AEA,1,4,72
DYR,5,3,47
RTS,5,5,130
TSY,4,5,132
DGF,4,0,34
GFP,5,1,8
FPN,5,0,24
STH,5,1,39
THW,2,0,5
RNE,7,6,154
LFL,1,0,21
TAE,8,5,171
NYV,1,0,1
YVE,2,0,3
WTI,1,1,14
TIA,1,0,18
IAN,2,5,167
DYA,9,34,854
IGG,6,9,411
SLH,6,12,227
LHS,3,2,38
HSA,3,0,56
LSW,2,1,86
LDQ,3,2,160
DQS,2,1,16
QSN,7,12,278
EDT,16,66,1620
QDH,4,1,31
DHT,1,5,18
HTG,3,7,153
GSH,4,1,23
SEK,11,2,48
EKA,1,0,9
KAE,3,5,52
PPD,1,3,46
PDT,17,9,243
DTN,4,12,206
TNE,10,30,518
LKG,2,8,173
GSG,37,44,909
DNQ,32,32,672
EDF,1,1,13
DFY,4,1,59
FYE,97,11,326
SFF,3,3,59
FFG,2,1,19
GTD,11,20,538
TDQ,4,3,70
GPP,1,2,60
PSQ,10,8,237
GNR,4,2,35
NRE,6,4,85
SFT,10,9,412
FTR,1,0,15
TRK,8,0,6
RKD,17,3,43
FRA,1,0,50
RAQ,3,1,104
DQG,34,13,378
TLC,2,3,16
LCF,2,3,25
FGQ,1,21,197
DVR,2,3,89
VRA,4,2,55
GDH,1,3,67
DHS,1,1,41
HSN,11,4,79
SNN,3,3,150
SAV,6,8,238
AVS,5,2,92
VSG,9,13,269
SWE,2,5,34
WEY,1,2,32
EYE,3,17,323
EQS,71,1,45
QSA,71,3,92
LET,3,14,195
DFD,1,0,11
FDT,2,1,30
DTV,1,2,25
PLD,2,0,42
DGY,2,7,130
GAH,6,4,194
AHE,5,1,72
HEQ,17,6,269
RRT,17,6,211
GGF,45,14,508
GFA,9,6,183
SDQ,2,5,186
DQA,3,6,142
QAY,2,1,38
TDT,3,5,182
DTY,1,5,176
ADW,31,17,288
DWS,1,4,79
WSS,2,4,114
QDI,1,2,42
DIG,2,5,63
GQF,2,6,107
QFS,2,7,71
FSN,6,15,411
RYT,3,4,35
YTE,42,29,347
TAG,7,7,114
TSI,1,2,4
IDL,1,0,4
YDQ,1,0,1
DQY,1,0,25
FAG,4,0,155
RVT,4,3,78
VTA,1,2,18
STW,13,0,64
TWG,9,2,82
WGL,3,7,221
AVE,1,0,37
VER,4,3,42
SRI,1,2,76
RIW,1,1,2
CAM,1,0,6
AMQ,1,0,2
MQG,1,0,12
SFP,14,18,371
FPG,10,13,236
SIL,3,6,130
ILF,1,0,6
LFQ,1,0,14
DNE,2,2,163
YYN,1,0,7
PSL,1,0,33
LHW,2,5,37
WGM,2,0,8
GMD,2,2,50
MDA,2,0,4
LDA,17,4,92
SIT,3,4,205
DVD,1,1,29
VDS,19,6,127
PDS,2,15,319
LED,32,5,244
EDR,36,13,331
RGF,11,8,127
GFG,5,1,67
FGN,35,2,120
PSV,2,0,12
SVA,3,1,46
GLA,8,8,322
LAE,15,14,443
CGV,2,1,56
EEG,3,9,121
ETP,32,3,16
TPY,32,7,44
REE,4,8,139
EEN,2,4,48
QVG,8,5,103
GVS,55,44,958
FGP,1,0,14
GPS,85,12,485
GVL,1,3,91
VLF,1,0,13
LLG,17,19,804
SEN,4,3,116
ENY,20,8,213
NYE,14,24,629
GRP,2,2,64
RPS,2,1,53
DRI,47,4,125
RIQ,1,1,31
IQN,2,4,91
RIA,1,1,25
GGK,17,15,271
GKV,9,3,35
KVF,25,4,67
ARV,14,5,246
VAG,9,2,82
RSY,15,4,226
SPA,6,8,309
PAA,1,0,18
SVR,9,11,165
VRG,10,13,221
PAR,1,1,24
CSG,9,18,641
QGQ,49,33,532
LRA,18,4,151
RAS,5,9,217
WSR,2,7,202
REG,17,31,749
SII,1,0,25
IIL,1,0,2
ILA,1,0,5
IWT,4,0,14
QGS,68,28,832
SRA,11,24,554
RAR,15,3,103
NTQ,32,9,174
CSE,53,8,164
EGN,53,16,339
SYV,3,0,8
YVP,3,0,0
VPS,3,0,37
IDR,2,2,64
VGN,4,19,355
WDY,1,4,49
QYL,5,5,27
YER,1,2,55
ERY,1,2,25
EEQ,11,19,349
AGH,3,3,68
GHG,2,1,32
HGD,1,1,8
LRT,5,7,292
TGE,7,30,914
QSG,2,5,140
GHE,10,4,193
PTI,2,1,32
TIS,5,1,223
GQS,7,28,631
QYT,2,4,50
GRR,17,11,235
GKG,3,11,136
KGE,3,0,55
RSP,2,3,29
ASH,1,0,45
SHG,5,12,216
HGA,1,0,14
LYR,17,1,122
TDY,11,9,224
SWD,11,28,523
WDG,1,1,27
DGS,3,3,161
RAL,1,2,50
ALW,2,1,13
LWT,15,1,67
LSV,1,4,39
SVN,1,0,53
WRA,54,0,25
RAA,4,2,99
DPP,285,3,29
PPE,284,0,30
PEQ,291,11,201
ASD,18,9,236
VSN,10,16,619
LDN,4,8,221
RVD,4,6,154
VDW,3,7,56
WVN,1,1,70
QTR,2,0,18
TRL,2,2,47
CTR,2,0,7
TRS,1,1,27
CSN,3,1,10
SNW,8,2,91
AVQ,3,0,47
PQN,3,1,93
RRD,12,22,445
FQN,4,5,78
SGS,3,7,411
ASP,6,6,188
ARS,5,5,137
RSE,2,4,63
SEV,8,13,210
PSS,56,3,153
DYG,1,0,35
YGQ,3,3,60
PGP,2,8,154
DAI,3,2,33
AIR,2,3,37
IRN,2,1,23
TWT,5,0,12
WTS,5,2,38
VDR,9,2,131
PWA,1,0,13
WAG,4,3,72
FTG,9,7,300
CSP,3,4,185
SKQ,1,3,64
KQG,1,4,86
GEN,43,32,883
ENS,4,9,302
SPK,3,1,52
PKE,2,1,6
KEQ,7,3,82
NRD,4,8,171
AIS,9,4,120
RQV,1,0,35
GFF,1,1,21
DWR,2,0,28
WRE,2,0,13
GHQ,9,1,166
HQD,12,2,192
PNQ,2,4,80
SFQ,4,6,206
FQV,1,0,0
QVL,1,1,16
VLA,1,0,10
SPV,2,3,90
PVN,1,0,26
RTT,5,6,108
TTE,10,3,235
RPG,10,29,531
QYA,5,4,174
ISY,7,6,190
ATR,1,5,72
TRD,5,4,157
GQP,2,5,128
QPY,2,3,38
PYF,2,2,31
SPH,8,3,160
PHR,2,0,66
HRG,10,10,323
DGM,2,0,9
GMG,4,6,53
MGN,3,1,29
GET,12,22,607
ETS,1,5,59
RAP,34,1,94
NEG,2,1,6
EGL,28,20,307
SVD,26,10,143
VGQ,8,14,310
AQP,1,0,10
QPG,1,5,91
SHW,6,6,113
CTG,2,2,23
LVR,2,5,111
VRY,1,0,12
ETV,1,3,36
TVY,22,9,135
EDA,4,2,48
SKT,4,6,165
KTG,4,10,228
WEQ,13,26,316
RHQ,1,0,19
PEH,1,0,3
EHF,1,0,6
HFF,1,0,6
SFW,15,12,258
FWA,5,0,7
VNP,1,0,1
NPP,2,0,2
PPL,4,1,44
DLW,3,0,38
FPQ,1,1,18
PQL,1,1,17
AWI,67,2,27
WIR,67,1,6
IRG,79,9,233
RLS,2,4,73
SEP,2,6,129
VYN,2,3,66
RVR,1,3,91
VLY,158,2,32
SPE,4,4,178
PED,1,1,23
PSA,14,9,338
FGV,1,3,39
EQG,51,20,343
RPF,1,0,6
PFE,1,0,17
QGM,1,4,33
LGH,5,7,117
HGP,2,0,1
GEF,1,2,27
EFT,1,0,4
FTE,5,3,94
LNW,3,7,82
WGI,1,5,91
ITE,6,3,97
TVM,2,0,0
VMF,2,0,0
MFF,2,0,0
SED,7,13,308
ASF,2,3,85
FLR,3,2,18
RTE,38,16,302
DVS,17,2,34
DEG,59,25,497
GRW,21,1,48
RWY,18,0,1
WYA,18,1,22
PDE,3,0,21
EGE,6,9,256
VSD,2,6,95
GKE,6,5,99
ERE,2,3,71
QAN,7,21,484
GWR,51,0,8
RAV,52,0,29
GFE,26,3,195
QVT,5,0,33
VTT,2,0,11
TPT,156,5,54
GRT,56,10,350
RTY,1,5,84
SDI,3,8,93
DIF,1,1,11
IFS,1,0,16
AQA,2,2,58
WTA,3,1,44
ANY,11,21,296
PGH,4,5,245
GHR,2,3,40
HRY,1,0,7
DSA,41,19,510
GLQ,7,7,226
LQN,3,6,158
MDS,1,2,15
AAD,1,0,49
ARI,2,0,31
ARN,32,4,137
GPG,22,33,628
GLL,1,2,51
LLY,1,2,29
LYA,3,10,277
AWV,1,2,24
WVG,1,1,17
LQG,6,16,520
SEL,57,5,119
KDS,21,1,45
DST,2,4,109
STF,1,0,28
LQD,7,10,271
GLP,3,2,29
LPS,3,2,50
PPY,1,0,22
RQQ,1,2,40
QQG,12,9,122
QGF,4,1,144
GFN,9,12,237
FNS,2,2,43
LAY,1,0,31
SHR,13,20,519
LSY,7,13,256
RDK,3,13,325
DKS,1,1,73
KSY,1,2,23
RLL,1,1,19
LAA,1,2,98
ESG,1,1,123
DRN,52,25,711
FQY,1,1,6
SMA,1,1,50
MAG,1,2,50
GDP,14,19,407
GLT,3,2,99
LTE,6,1,131
TGH,4,5,130
GHN,10,4,182
HNQ,11,0,59
SAK,1,2,65
AKR,1,2,8
KRL,2,0,22
VDT,4,15,309
PGN,16,9,430
QDS,33,7,250
DSE,1,1,59
HRD,2,14,210
ATL,2,0,64
STR,31,15,335
TRT,6,2,95
GVA,19,17,392
VET,2,7,44
VRR,1,1,4
RTL,2,1,59
AQW,37,0,9
QWG,37,1,22
RWK,1,0,0
WKT,1,0,7
KTL,11,1,73
RDQ,17,11,247
NNR,1,0,8
SAP,50,12,223
GQH,3,1,76
QHY,3,0,16
DAH,11,8,34
VFI,1,0,3
YTQ,2,1,41
GHT,6,7,217
SAH,1,0,59
AHW,1,0,11
PRV,9,3,44
GIW,1,0,2
IWF,1,0,0
WFF,1,0,2
HER,2,3,101
SNI,1,0,7
NIE,1,0,3
IEV,1,2,40
LRN,3,2,87
NPN,1,0,25
EGS,11,22,323
ADL,12,14,195
VSQ,14,8,190
RNR,2,3,70
DSN,3,13,450
AEN,1,5,97
VFL,2,0,22
ENQ,3,4,61
YGT,4,5,103
LSA,1,6,227
SAY,1,2,54
CAV,3,1,42
AVR,5,1,53
VRD,4,8,177
RTQ,2,3,33
ILG,1,3,114
LVA,1,1,81
AAK,1,0,17
AKN,4,0,35
SRH,8,2,118
RHK,1,0,1
VVK,1,0,1
VKN,1,0,20
CTY,1,0,3
TYS,1,2,51
YSD,28,4,164
GLK,48,0,19
RVI,7,0,9
VIQ,7,0,2
IQD,10,10,243
ATQ,64,2,62
GYF,1,1,37
TYT,2,2,27
LTN,20,2,79
DSG,15,35,900
DPE,2,6,43
QDE,9,3,147
QKN,1,4,92
TLT,31,1,33
PGD,7,13,272
GYG,11,0,35
YGY,10,0,7
GYT,34,17,242
DWE,9,10,154
WEN,2,5,66
LKS,2,0,17
KSA,2,2,32
ALN,1,3,83
RIR,43,0,12
IRE,43,0,24
SKY,1,1,17
KYQ,1,0,3
YQN,1,0,38
GIK,5,0,1
IKN,5,0,6
AWQ,1,0,16
WQG,2,5,61
AVT,15,1,54
VTE,17,6,192
YDW,5,3,32
VFY,4,0,16
WRQ,10,3,35
DAV,16,3,65
AGF,12,4,59
EGF,2,4,56
APQ,16,1,37
LVV,4,1,23
VVS,5,0,21
DTR,7,2,52
RKT,8,1,47
DPR,6,0,119
PRW,6,2,22
RWG,11,10,224
WGP,9,13,188
QYC,1,0,1
QAA,5,0,29
AAV,5,1,15
DMD,5,0,14
RGH,15,10,241
GLY,14,15,402
GRV,22,8,181
RVF,4,3,55
QAG,12,6,152
RAF,4,0,12
AFS,4,0,50
EDN,2,4,109
FSI,7,0,7
QDD,2,7,84
DDN,3,4,60
REH,1,1,6
EHQ,1,1,4
DWY,38,3,30
WYE,38,5,29
ADQ,37,9,181
RVY,21,4,136
QDG,9,10,301
DPL,5,3,56
PLT,4,3,83
LTL,1,0,34
IRQ,1,2,61
LST,6,8,206
SVS,6,1,59
AAT,3,3,53
RGK,5,4,108
GKY,2,1,75
THY,3,1,18
FWE,2,1,6
ETY,3,0,36
ADN,1,5,132
PYR,3,2,92
YRV,3,1,59
NYT,3,0,6
ERV,3,2,61
LAT,2,2,92
ATY,2,1,49
REF,11,1,9
IGN,3,5,68
CAN,6,6,69
PWG,17,10,216
ADH,1,2,36
DHR,1,3,79
HRT,1,3,32
RTN,10,13,257
AWK,1,0,37
WKG,1,0,18
KGQ,6,7,144
LLS,1,0,41
SIE,3,8,96
IET,2,0,14
LEW,29,3,68
EWG,31,8,209
ATF,2,0,11
TFS,2,2,83
FSQ,3,3,79
EQC,1,1,5
QCF,1,1,10
RHF,4,0,4
HFW,4,0,0
CAG,3,7,116
GSL,2,3,64
QYG,1,0,0
FQR,1,0,8
LAW,14,3,82
GQQ,4,6,224
QQY,2,3,32
SKD,13,2,130
KDR,9,4,64
GQE,13,4,249
GWA,52,3,125
PPG,8,10,486
TPD,3,4,47
AGI,1,5,56
GIQ,1,7,134
QET,3,12,191
RDP,7,4,202
SYW,2,7,161
YWG,3,10,260
GMV,1,0,3
MVQ,1,0,1
FNQ,7,9,290
RRV,3,0,53
EDY,1,3,41
DPD,5,7,103
FFA,1,0,6
GYS,8,4,252
GRK,15,0,45
LDK,1,2,106
KNE,1,0,38
RAD,13,12,165
DRY,5,7,269
DKK,1,0,14
KKY,1,0,2
TPN,5,6,193
QDQ,1,4,106
DQL,1,1,25
QLE,1,0,13
RFD,1,0,11
FDS,1,1,17
DSF,1,1,42
TER,1,3,70
DSP,3,10,205
TNY,10,10,178
IRT,2,1,59
GPV,2,0,24
PVF,2,0,6
VRT,9,0,45
RTD,9,7,144
STK,6,4,36
TKY,5,0,29
WSY,1,0,26
PHW,3,2,37
HWD,1,0,4
WDS,1,9,217
TLS,7,2,76
RDY,1,6,179
TLD,3,0,15
LDY,2,2,94
APT,1,1,89
PTP,2,4,32
PTN,3,3,73
RQS,5,6,129
SHD,3,3,113
HDW,2,1,59
RDV,16,3,40
NYN,9,5,101
ETN,1,2,65
DRW,2,4,45
RWE,1,1,21
SWN,8,1,19
WNR,2,0,9
DTA,4,6,85
TAI,2,1,11
AIQ,47,0,36
LTV,6,2,56
VNE,12,8,147
AVI,3,0,1
VIN,3,1,12
INE,4,2,143
GTI,7,3,227
TIY,2,3,43
IYA,5,17,224
TIN,3,3,110
INS,6,6,121
LNE,4,4,113
GDK,1,3,171
DKT,1,1,67
VGF,4,0,14
AQG,1,6,378
PTS,5,1,67
DPQ,2,2,81
QEA,2,4,82
PQC,1,0,0
QCS,1,0,0
WAQ,8,2,29
QEV,1,4,53
EVA,1,0,17
QDM,2,1,26
MGG,4,9,243
SFE,5,1,93
FED,3,0,12
IDK,1,0,10
IGR,6,2,82
GTF,88,6,129
TFT,3,0,4
PPQ,2,0,33
PQK,1,0,7
QKQ,1,2,5
KQY,2,6,48
TCR,2,9,194
CRR,1,0,26
AED,2,4,108
PSR,1,1,57
DHG,1,1,29
HGG,1,2,48
GPD,14,4,241
RDG,26,28,475
WDT,5,6,182
AAY,1,1,48
NSA,2,7,192
DHP,2,0,6
GQI,7,15,252
SRW,4,4,166
RWD,1,2,54
EGP,2,2,77
GPE,12,13,390
ALA,7,2,128
LGI,3,11,137
APY,20,3,66
RRS,4,6,65
LVP,7,2,78
VPG,8,5,131
HNY,8,2,103
TEA,1,0,21
EAF,1,0,10
AFF,1,1,10
VTY,1,2,12
PRT,5,13,387
WVY,3,3,48
DSW,14,0,30
WNT,7,1,49
SMG,6,20,451
MGS,1,4,45
PGM,1,0,10
LHG,1,1,16
FNT,2,1,26
LRL,7,3,173
LGP,15,7,287
GPL,29,5,81
PGW,2,2,55
ATS,1,1,96
TST,1,8,38
DEW,1,0,13
SVY,1,1,36
VYS,1,1,10
TQD,2,10,159
QDF,2,2,41
RTR,2,2,43
CGP,4,1,2
VDG,1,1,13
GEY,9,14,248
EYA,6,3,105
EDI,4,0,30
DIY,6,8,161
GQR,5,5,96
QRN,6,0,33
TYK,1,0,0
YKQ,1,0,5
PGS,4,14,287
QLR,2,0,4
GSR,1,2,69
YRN,1,1,39
GRH,2,2,60
RHE,2,1,18
PGF,12,1,66
EAN,1,4,126
WGW,4,1,27
SAF,1,1,14
AFE,2,0,43
FER,11,1,24
VFV,2,1,2
TPA,1,0,24
PTW,1,0,8
NSQ,20,8,153
ASM,2,0,64
SMT,1,4,105
MTG,3,7,118
TQS,1,0,7
QST,1,1,43
LEP,1,1,55
EPA,1,1,13
PSN,4,5,117
LWA,1,0,34
PGV,5,7,178
RGC,1,1,2
GCT,1,2,0
RPD,2,7,118
WGH,2,6,45
MGT,2,2,86
LDD,2,2,68
WAY,4,1,29
ANK,1,1,5
NKR,1,0,8
QQD,1,9,212
KGG,1,6,173
SKN,1,3,73
KNW,1,0,6
VDQ,1,0,26
EQL,1,2,17
QLF,1,0,9
TRN,3,1,64
GYQ,3,7,153
YQD,3,13,250
HNT,1,0,60
TNN,6,7,163
DRK,1,2,57
GMN,2,1,30
MNS,2,0,15
MGV,1,2,31
LDI,1,4,87
QTE,4,7,165
DES,1,1,33
ESW,1,0,8
GAW,2,5,114
AWA,1,2,48
DNL,2,0,15
NLN,1,0,5
ATD,1,1,52
DDI,1,1,16
FLD,1,0,10
LFN,1,0,12
FNY,2,6,88
DVE,2,0,25
YNR,1,0,3
NRI,1,0,8
RIN,2,1,55
VGY,4,8,102
DAD,1,6,195
EAQ,13,1,16
AQY,16,1,78
PRN,7,2,37
HGT,3,7,110
RVQ,2,1,107
VQG,6,4,179
LYS,2,1,42
RST,6,1,84
SYM,1,0,7
YMG,1,0,3
MGR,2,4,53
GQV,3,6,132
QVF,10,1,46
DGV,3,4,117
QYN,5,9,159
GGM,6,2,67
LDP,3,4,156
DPH,1,0,6
PHG,3,1,14
HGW,1,1,1
GNG,5,2,44
NGN,2,0,50
DVW,1,3,51
RRL,2,7,111
RLV,2,0,44
LVN,1,2,98
ERN,1,2,70
SNG,1,4,92
NGG,2,4,71
TGW,3,3,112
WSD,1,0,39
DRP,1,6,103
RDN,4,34,925
DWN,2,0,46
WNQ,1,0,22
SKP,3,2,24
KPG,3,2,35
VDN,1,1,39
ERQ,1,4,117
PTL,2,0,33
QVP,1,1,16
CRA,1,0,19
TSM,1,0,0
RRR,1,0,60
RRE,2,5,122
SYL,17,4,69
YLG,17,6,50
RER,30,8,144
DFW,1,1,9
FWS,1,0,2
QGK,1,12,153
KDW,3,3,70
STV,1,3,86
TVL,1,2,8
VLI,1,0,4
LIS,1,1,35
NLP,1,0,4
PSD,1,2,63
DYI,1,0,3
YIF,1,0,1
GFD,1,2,30
FDY,1,0,13
INY,2,7,84
QLG,2,9,147
DGD,9,12,291
SYQ,1,2,65
YQG,1,2,54
GHS,3,18,274
HSS,2,3,49
FYG,1,0,20
TCG,1,1,13
CGE,1,0,5
DTD,1,0,43
TDI,1,0,23
ISP,1,0,11
PDN,2,6,175
DET,2,3,93
QDL,4,14,248
DLE,3,0,34
IGP,1,0,14
GFT,1,3,78
LEL,2,6,135
LLW,14,1,16
IQG,45,1,112
GSP,2,5,131
PPT,1,4,62
EEV,1,4,140
QEN,2,7,95
HSG,1,11,146
ETI,1,0,13
GES,1,7,298
ESA,1,3,113
SAS,2,15,288
LAH,1,0,14
AHQ,1,0,11
ALS,1,4,67
TDR,3,5,133
PSE,1,1,35
TSD,1,4,79
FEG,2,2,43
ADS,1,11,307
NNN,5,5,254
LLL,2,0,28
LLR,1,4,49
AVP,1,0,14
PYP,2,0,2
YPP,2,0,2
FRN,1,1,25
REY,1,3,72
EYF,2,3,73
FGS,1,2,41
PPN,1,1,42
DLT,2,6,63
LRW,1,2,26
YTL,1,2,42
SEW,1,2,72
EWL,1,0,2
WDW,3,9,178
KGL,1,1,50
GIH,2,0,9
IHE,2,0,4
DIN,2,10,171
ARK,5,0,50
KGY,1,2,45
LVH,2,0,8
VHA,1,0,3
HAE,3,10,198
FPY,1,0,6
PYN,1,4,61
TTS,4,7,190
TFY,86,0,38
RDL,1,9,164
DLS,1,4,93
LSS,1,13,217
AWN,1,2,31
GVW,2,3,25
VWA,1,5,15
HDT,1,1,12
GWQ,3,0,29
WQN,3,0,29
AHT,1,0,69
PGY,5,3,124
SRY,6,5,114
SDC,1,0,6
DCA,1,0,0
RLQ,1,0,41
NEL,1,0,0
PYG,2,1,15
RIT,1,1,11
YDR,1,0,35
APS,1,2,60
RQT,3,2,128
DAK,14,3,59
AKG,13,3,60
KGA,13,6,144
SFM,1,3,13
FMG,1,3,10
IST,1,1,18
NRA,1,5,84
APD,44,5,84
ILR,1,1,7
FAN,2,2,76
EKG,10,1,61
KGT,10,9,135
TTY,10,2,60
FRT,17,5,78
AYT,4,1,61
GYV,1,0,0
SIP,6,10,155
IPG,6,1,97
QGV,7,18,305
SFI,7,0,17
FIS,2,0,10
VAY,3,0,8
QRA,1,0,27
RAT,2,10,122
FIG,5,0,6
IGS,5,3,29
DGN,21,21,367
SQQ,11,11,124
QQQ,11,0,3
QAD,20,2,24
QSL,4,1,14
QWR,1,0,3
PDG,3,1,60
ATA,3,2,68
WAP,32,0,20
ENE,10,2,82
AEG,1,10,271
GPR,1,13,78
PDI,1,3,65
QEW,3,4,86
EWT,1,0,36
FPE,1,0,10
PER,1,1,81
RFT,7,0,8
FTS,7,1,12
VGR,1,3,81
LTR,12,0,42
TRA,12,1,38
SDF,2,3,44
DFG,2,2,63
VQQ,1,0,6
QQN,2,0,77
DSR,6,3,69
GTH,2,3,65
THS,2,0,29
HSQ,1,3,51
QLL,7,0,2
ENN,1,3,57
CSL,1,0,33
KLE,1,0,3
LEN,1,3,83
PQW,1,0,1
WAA,1,0,16
SVQ,1,0,55
VNN,1,2,62
GAI,8,2,101
ISD,7,4,60
SGH,2,5,130
GHA,6,4,152
TRV,21,3,22
FST,1,1,28
HRN,1,0,39
QVS,1,3,65
TGC,1,0,1
GCY,1,0,1
CYE,1,0,1
TAR,4,0,12
SNQ,3,13,278
NQG,2,1,37
HRQ,6,1,33
RQI,7,1,63
ISA,6,2,94
ANP,1,1,9
PLE,1,1,28
GEW,1,1,51
QLT,4,0,4
SIH,1,2,17
IHN,1,1,7
HNE,1,2,35
SHN,9,1,46
QGP,6,16,273
NSN,3,3,175
QEI,1,0,22
EIR,1,0,5
PTD,1,0,78
TDG,1,1,17
YNQ,1,2,104
TKV,16,2,8
SAW,2,2,75
LVI,3,1,16
NSF,1,0,8
LYG,1,4,42
LRR,1,4,76
DWT,7,3,82
WTV,1,0,24
EWD,2,1,28
GKT,2,1,42
WAL,14,1,11
VGD,5,4,168
QVQ,4,2,31
GHL,1,4,53
HLN,1,0,28
DNT,2,3,174
DDP,1,1,20
DPN,1,2,88
QES,5,1,55
ESD,5,0,32
QEK,2,0,27
EKD,4,2,34
KDF,2,0,1
LRV,1,1,89
VGI,1,0,20
RYR,1,1,39
AWE,1,1,50
ERS,1,3,47
GAF,3,4,155
AFN,2,0,22
DKI,1,0,31
KIY,1,1,6
RHR,3,1,44
IRR,1,2,20
INR,1,0,19
CSR,6,1,54
RKE,4,0,22
SEE,1,5,83
SQY,1,3,80
WSA,1,1,38
RVV,1,2,16
ETE,1,5,103
VPA,1,1,10
QTS,1,4,85
VQV,1,0,3
SMR,3,5,127
MRE,1,0,7
AEM,1,0,4
EML,1,0,2
MLY,1,0,5
VGE,8,3,169
GEK,2,2,59
AHI,1,0,1
HIS,1,0,30
QEM,2,1,12
EMG,2,2,43
MGF,2,0,10
ANN,1,1,65
TCT,1,2,33
RGM,1,1,13
EDQ,2,5,43
EQI,1,0,20
QIF,1,1,5
TSS,3,11,223
WHT,1,0,5
ELT,1,2,15
VVN,1,2,14
RLK,2,0,3
RAY,3,3,111
QIN,5,3,65
LVW,3,3,75
WSH,1,3,59
HGE,1,2,13
TYN,2,5,157
NQN,3,7,152
MRK,2,0,0
DWD,1,12,261
WDH,1,0,2
DHY,1,0,9
LYV,1,0,8
KTA,1,0,17
TDP,5,1,12
DPT,5,3,78
CSY,1,0,9
DLL,1,3,41
SGF,2,2,67
IGY,1,0,12
SWW,1,0,5
WWG,1,0,14
FGL,2,2,94
PLQ,1,0,36
AVG,2,5,118
ADM,1,2,10
IDG,1,0,18
FLS,1,1,11
LAK,1,1,17
AKS,1,0,15
KSS,1,2,48
EGV,2,5,160
RPT,1,5,97
PTA,1,3,92
KGD,1,5,77
WDE,1,0,37
RWS,2,0,8
WSE,2,2,22
DPW,1,1,25
AQV,7,1,12
HGL,2,1,20
LWQ,1,0,25
GSW,6,3,9
PAS,1,0,43
ENG,1,0,8
PLL,1,3,36
HAN,4,1,98
VFA,1,1,15
NTA,1,1,5
WTF,1,0,5
EGQ,1,25,632
FDW,2,6,126
WTT,5,0,33
TNQ,4,13,143
QVR,2,1,37
GYR,1,1,17
YRQ,1,0,26
FPA,1,0,7
RQF,1,2,29
QRQ,1,0,31
QDA,2,1,102
GLW,1,0,11
SRM,2,0,42
RMT,2,0,9
NSL,1,1,23
GWN,1,2,77
WNS,1,4,53
DAS,2,7,198
GMA,1,1,22
MAE,1,0,24
IWD,1,0,18
RHT,1,2,45
RAK,3,0,9
AKD,2,3,54
SLI,1,9,135
LIA,1,0,11
EGW,1,1,91
LER,1,10,203
LKN,1,3,90
PVD,1,0,10
VDY,2,1,16
SIQ,1,1,110
RTH,1,0,11
ALV,1,0,10
SEI,1,0,23
EIF,1,0,1
IFF,1,0,3
DLR,1,1,95
RQW,1,0,4
QWE,1,0,3
THN,1,0,24
SKS,2,1,34
KSG,2,3,37
PLS,1,1,39
PYW,1,1,26
EVV,1,0,1
VVF,1,1,21
VFQ,1,0,3
PRR,2,2,97
QAL,2,3,22
GSI,1,1,12
DSL,1,5,94
LWD,1,8,96
WDN,1,5,153
VPR,1,0,4
TAP,1,0,21
AAI,1,0,10
FDN,1,2,28
CPS,1,0,6
NTY,1,2,9
AIN,1,0,33
SPF,1,1,80
PFD,1,0,3
TLE,2,0,8
NGL,1,0,8
SGY,1,4,173
QNQ,1,7,177
HTA,1,0,6
TSP,1,0,12
LQY,1,2,37
DWI,1,1,9
WIN,1,1,6
RLR,1,0,54
PET,3,4,173
AES,2,1,35
ESL,2,0,13
QTV,2,0,13
TVG,2,2,43
FGK,1,0,21
IEG,1,5,58
VSP,1,1,16
IGL,1,0,38
EVD,1,1,13
WTL,1,0,16
QAQ,1,0,32
LGK,1,7,112
MDW,1,0,28
KDN,1,2,26
RPQ,1,0,47
LPT,1,3,57
GWT,1,4,39
WTP,1,3,13
TPL,1,0,26
WNY,1,0,30
GAK,1,6,137
TKD,1,2,44
TKE,1,0,18
DLD,1,6,86
FQT,1,1,10
QTT,1,2,27
TTL,1,0,21
LPD,1,2,66
TNK,1,0,3
NKE,1,0,6
YRY,2,0,12
DTS,1,11,156
RSW,1,1,6
FYN,1,2,37
GNF,1,0,8
GDM,1,2,53
LEI,1,1,22
EIG,1,0,30
GRF,1,2,91
RFQ,1,4,20
VHY,1,0,0
DWF,1,0,5
WFG,1,0,1
SHQ,1,2,41
HQG,1,3,25
GDI,1,5,151
ELQ,1,2,9
REA,1,7,131
RAI,1,1,22
GRL,1,6,132
TPS,1,3,120
GRI,1,4,76
PHP,1,0,1
HPD,1,0,9
APF,1,0,16
PFF,1,1,5
SDK,1,3,209
DKL,1,1,38
KLQ,1,0,3
VRI,1,1,4
RIE,1,1,12
IEQ,1,4,139
LHR,0,2,62
HRE,0,2,82
TEN,0,11,245
EED,0,2,64
LWL,0,1,5
DTK,0,2,9
TKT,0,1,16
KTS,0,2,22
QNW,0,3,32
ESR,0,3,31
HTT,0,1,7
LTT,0,13,79
WSG,0,3,68
VDE,0,1,54
TEI,0,4,27
EIN,0,1,14
QVN,0,3,44
SGK,0,7,76
GKS,0,4,43
LVS,0,4,118
YGG,0,3,117
YRL,0,1,17
SND,0,6,48
NDR,0,3,32
RLN,0,3,56
DAM,0,2,23
AMD,0,1,10
MDT,0,2,36
IPA,0,7,9
AFT,0,2,9
GYD,0,2,8
YDN,0,2,8
FFR,0,1,8
ARH,0,2,20
SIA,0,7,185
IAG,0,3,81
AGP,0,4,107
ILE,0,3,9
DTT,0,2,66
TTA,0,1,13
SWI,0,1,6
RLD,0,6,54
SVW,0,3,29
DLY,0,1,43
TEF,0,1,10
EFS,0,2,29
TSR,0,1,23
AKA,0,3,10
DAF,0,2,27
AFG,0,1,17
HTY,0,3,7
RVP,0,2,34
PAL,0,1,7
GVK,0,3,12
VKT,0,1,7
AVW,0,1,20
VWT,0,1,9
WTN,0,2,19
TFA,0,3,19
FAY,0,2,5
PVG,0,4,38
DLK,0,1,4
KNS,0,16,273
SGC,0,1,2
GCA,0,2,5
CAE,0,2,15
TES,0,2,50
TCK,0,2,13
CKT,0,2,4
TQA,0,1,33
ERF,0,2,13
RFF,0,1,16
SFH,0,5,44
FHE,0,1,4
NTP,0,1,7
ANM,0,3,0
NMW,0,1,0
MWG,0,1,12
LTS,0,2,60
VGV,0,5,84
LPP,0,1,36
PPM,0,1,0
PMG,0,1,12
ERI,0,2,18
SKR,0,1,68
KRT,0,1,17
ILM,0,1,0
LMY,0,1,0
MYE,0,2,10
ESS,0,14,181
LIR,0,1,11
TSE,0,3,37
TCI,0,1,4
CIR,0,1,2
IGF,0,2,7
LNF,0,1,15
HWE,0,2,11
WEG,0,6,36
ANA,0,4,43
WVQ,0,2,39
DAT,0,6,270
YPG,0,7,60
SYT,0,1,93
YTG,0,7,188
IGA,0,4,62
SIM,0,4,22
IMG,0,3,14
MGH,0,1,11
SGW,0,9,100
WSN,0,2,17
TDE,0,1,46
AGY,0,12,218
QSQ,0,2,109
LSF,0,1,20
QGH,0,2,109
LTK,0,4,22
TKF,0,2,8
KFY,0,2,4
CRQ,0,3,11
LPA,0,3,34
RRP,0,1,15
GNV,0,2,2
NVE,0,2,1
CGS,0,4,17
QIL,0,2,3
ILS,0,2,12
PAY,0,1,19
TVD,0,1,17
FQA,0,1,11
VED,0,1,24
LRF,0,1,6
DVC,0,2,1
VCT,0,2,0
CTE,0,2,2
AEY,0,2,43
YSN,0,1,22
TVT,0,1,28
HRL,0,2,26
STM,0,2,5
TMT,0,1,3
TCN,0,1,16
CNS,0,1,6
GHP,0,5,56
DLN,0,1,69
LNN,0,2,82
QEP,0,4,41
LSH,0,2,17
HGS,0,2,13
DIP,0,3,17
IPS,0,4,11
FPR,0,2,23
PRE,0,6,67
RES,0,7,112
QSD,0,3,22
PDK,0,2,69
FRL,0,1,36
QSE,0,3,43
KAI,0,1,4
LKQ,0,2,14
KQT,0,2,6
ETD,0,3,46
NTM,0,1,0
TMY,0,1,2
MYF,0,2,5
DIQ,0,4,92
LYT,0,3,24
PYT,0,4,12
LEY,0,2,32
EYR,0,1,17
IHG,0,1,2
GEI,0,1,41
EIT,0,1,14
PQA,0,1,37
HDR,0,2,39
TNA,0,1,43
ISV,0,1,2
ENR,0,2,41
LSP,0,3,94
DIA,0,1,82
EAL,0,2,20
EIY,0,1,24
GKQ,0,3,38
LTA,0,8,118
SIV,0,1,82
IVG,0,1,38
YYE,0,1,107
DYL,0,2,5
NSE,0,1,9
PWR,0,2,5
DDL,0,4,31
ARR,0,8,153
KSQ,0,1,40
EPD,0,1,22
VQA,0,1,24
WIF,0,1,0
IFQ,0,1,6
FPL,0,1,13
DLP,0,2,22
NTD,0,2,5
LVY,0,3,40
VTN,0,3,30
ADK,0,5,92
DKG,0,4,189
QNE,0,3,127
EVQ,0,1,16
EDE,0,9,151
SGM,0,5,20
GMR,0,1,10
MRG,0,3,71
AHA,0,2,29
FPS,0,2,19
ANR,0,1,77
KET,0,2,11
DKD,0,1,60
IGD,0,2,82
RLP,0,3,13
AFQ,0,1,22
EAR,0,1,32
QYS,0,4,59
KED,0,2,23
SQP,0,6,107
QPT,0,1,11
TFQ,0,1,18
LEK,0,2,30
EKT,0,2,12
SQI,0,2,36
IFA,0,2,3
SPM,0,3,24
PMY,0,1,0
WED,0,5,53
STA,0,6,162
QHN,0,2,16
WRD,0,3,79
AKE,0,1,34
KEG,0,2,24
ARF,0,4,20
LEE,0,2,54
EEE,0,1,23
EPH,0,1,0
PHQ,0,1,5
IGW,0,3,18
QAS,0,3,69
DFS,0,3,64
FGH,0,1,11
HPS,0,1,15
MDN,0,1,8
NGR,0,2,11
HLS,0,4,38
RFL,0,2,4
GKR,0,2,18
KRQ,0,2,8
DLQ,0,4,54
LLQ,0,1,48
MRW,0,1,1
RYQ,0,1,16
YQV,0,1,1
GSF,0,1,22
WLA,0,1,2
WDQ,0,5,53
DKQ,0,3,44
HSD,0,3,118
PWQ,0,1,4
KTI,0,1,6
EIS,0,3,91
ESY,0,4,60
GLH,0,2,22
LHT,0,1,19
VEA,0,2,10
APR,0,6,44
LGC,0,2,0
LPE,0,1,16
FGR,0,2,67
QNA,0,2,41
FSP,0,1,19
LAQ,0,5,131
KGN,0,4,91
MST,0,1,0
QSY,0,7,119
AIM,0,1,0
IMY,0,1,0
SNH,0,1,6
NHS,0,1,3
QPQ,0,1,9
NEN,0,1,4
KVT,0,1,6
FSD,0,3,69
DIT,0,1,32
TLH,0,2,12
LHF,0,4,19
TAD,0,1,16
LRY,0,2,13
SKE,0,4,27
RQP,0,1,28
CGG,0,2,29
ADI,0,1,51
WRR,0,2,46
WES,0,1,51
THG,0,1,5
QRD,0,3,59
VII,0,1,0
IIS,0,1,18
KGF,0,1,11
RFR,0,1,17
TVA,0,2,48
FQG,0,2,142
RLT,0,1,29
QAR,0,2,30
GIE,0,4,135
LEH,0,3,17
EHS,0,2,13
EDK,0,1,18
FHA,0,1,3
HAS,0,1,0
RFG,0,1,19
TAT,0,2,43
AYR,0,2,42
YRD,0,11,142
SWP,0,2,10
WPR,0,2,1
ALQ,0,4,58
FSA,0,3,88
LQS,0,1,23
GHF,0,1,15
HFV,0,1,1
FVQ,0,1,7
LAS,0,11,110
VAP,0,1,7
QQE,0,1,6
FRS,0,1,17
TEE,0,2,33
SDH,0,6,108
DHA,0,3,20
TTV,0,2,10
DDT,0,5,152
DEA,0,3,64
DGI,0,2,42
TNR,0,4,18
SHL,0,1,47
HLR,0,1,10
ITL,0,1,15
WGC,0,1,1
ELN,0,2,24
FTV,0,1,11
PGI,0,4,64
IYN,0,3,57
RPE,0,3,42
EQT,0,1,29
ACR,0,1,14
QIY,0,6,63
APP,0,2,24
PMD,0,1,1
RTP,0,4,49
LVQ,0,2,143
KRN,0,2,8
LFA,0,1,14
FDG,0,1,16
MGY,0,2,26
SHS,0,5,95
RDF,0,2,87
DFR,0,3,21
SMK,0,1,21
MKD,0,1,3
QRT,0,2,40
LDE,0,2,102
PAD,0,2,10
QDK,0,2,73
KSN,0,1,55
DWQ,0,4,50
MAL,0,1,2
PDF,0,2,11
DFL,0,2,6
FLQ,0,3,9
SAM,0,2,13
AMA,0,1,3
AEE,0,5,68
RID,0,1,15
IDT,0,3,52
SLM,0,6,119
LMK,0,3,0
MKN,0,3,2
EWN,0,1,5
DDG,0,14,138
PAP,0,2,19
CAP,0,1,17
PKS,0,1,5
KSP,0,1,2
AAL,0,2,40
RSF,0,1,3
LMT,0,2,11
MTV,0,2,6
INN,0,1,59
AVL,0,2,17
DQI,0,1,13
ITQ,0,1,5
QTL,0,2,31
DEL,0,2,46
ELA,0,1,4
AKQ,0,1,14
ADP,0,9,151
SGI,0,3,96
DPK,0,1,9
PKN,0,1,14
KNN,0,1,68
MTE,0,2,9
AVD,0,3,28
DTW,0,3,9
TWD,0,2,28
INI,0,1,2
NIQ,0,1,5
ARM,0,1,12
RMG,0,1,37
AYQ,0,3,13
RHL,0,1,16
CAL,0,1,47
NRN,0,2,40
DKR,0,1,17
LTQ,0,3,36
TQH,0,1,6
HNS,0,6,98
GNW,0,1,12
TPQ,0,1,27
RDD,0,5,73
DDE,0,1,58
RAW,0,2,20
YGL,0,2,42
TKS,0,2,26
TYY,0,1,16
DPS,0,2,61
TAY,0,3,132
NQV,0,1,2
VPF,0,1,2
AAQ,0,2,63
TQN,0,5,93
KQR,0,1,1
QRR,0,3,9
EVT,0,1,23
TDA,0,3,90
PDY,0,3,166
QEE,0,4,69
EEW,0,1,3
ILD,0,1,12
AQQ,0,2,27
PYQ,0,1,8
YQY,0,1,0
DMT,0,1,11
DED,0,1,81
RLA,0,3,47
TEG,0,1,58
FFY,0,1,10
LLD,0,3,81
PTT,0,3,58
HTS,0,3,16
VEE,0,1,13
WSQ,0,4,117
HGH,0,1,1
DIL,0,1,21
YGD,0,2,14
SEF,0,1,12
EFG,0,3,10
SYI,0,1,4
YIR,0,1,0
GKA,0,6,60
DDF,0,1,2
GIR,0,1,14
IRA,0,1,35
MGE,0,2,37
QVE,0,3,23
VIA,0,1,4
GCV,0,1,0
CVE,0,1,0
LRS,0,1,86
PEN,0,3,31
AHR,0,7,37
FWT,0,2,28
AHF,0,1,7
HFY,0,1,4
HST,0,1,6
KGR,0,1,72
TLQ,0,1,21
GMT,0,1,13
KRV,0,1,11
PNY,0,3,121
PEG,0,2,70
YTI,0,1,3
LFG,0,4,53
WEE,0,1,14
PPA,0,2,25
PTV,0,3,63
VLS,0,2,31
RKS,0,1,17
ALP,0,2,9
LSK,0,3,43
FGW,0,3,21
DTH,0,1,9
IAP,0,1,2
ISF,0,1,1
RTW,0,1,5
DDQ,0,2,31
WDI,0,6,45
PWD,0,2,55
TVI,0,1,11
TPR,0,1,28
PRH,0,2,10
RHS,0,1,42
EET,0,4,105
QEL,0,4,68
PLR,0,1,65
SQK,0,3,72
QKG,0,1,20
LPN,0,3,45
NYS,0,2,4
YSE,0,3,4
IAD,0,1,14
YNA,0,1,10
GME,0,1,26
MEQ,0,1,20
LLF,0,3,13
API,0,1,7
PIN,0,1,24
EYT,0,1,25
WNW,0,1,7
HLY,0,1,11
IPQ,0,1,9
HRA,0,3,71
LLP,0,2,27
SNP,0,2,78
QPN,0,2,70
PDA,0,3,32
DKA,0,1,68
KAN,0,2,76
TED,0,1,80
EAV,0,1,17
AVN,0,4,67
FHW,0,1,6
THT,0,2,20
GSK,0,2,12
EYN,0,1,44
DDY,0,1,21
DYS,0,3,24
IES,0,3,2
IPD,0,1,16
LLA,0,1,36
FWY,0,1,0
GHW,0,1,11
REL,0,1,30
EGK,0,1,32
QSI,0,1,8
QKD,0,3,38
PLH,0,1,4
LIQ,0,3,16
IQE,0,2,5
GIG,0,1,79
CRT,0,1,26
FDQ,0,1,6
NPD,0,1,18
PQI,0,1,8
QIP,0,1,3
YRF,0,1,4
RFA,0,1,29
PPI,0,2,6
PIG,0,3,8
DGP,0,5,55
SHP,0,1,97
HPG,0,1,68
QRY,0,1,12
DAY,0,1,37
NDW,0,3,13
LQQ,0,2,16
YSR,0,2,6
EER,0,2,16
HSE,0,1,6
QFG,0,1,14
EVG,0,5,79
FWD,0,1,23
WDD,0,1,6
DDA,0,1,30
ELF,0,1,8
NRQ,0,1,20
RQR,0,2,30
QRE,0,1,27
QRH,0,1,8
WDP,0,2,7
VAT,0,2,13
FGA,0,2,66
FRQ,0,1,46
FLA,0,1,7
YNE,0,2,48
MRR,0,1,1
EQE,0,2,8
LPW,0,1,16
THA,0,1,9
DDS,0,6,91
LKD,0,1,32
MGL,0,3,44
ALT,0,2,64
LNI,0,2,12
NIA,0,2,5
ELS,0,1,15
QNR,0,3,35
KGM,0,1,3
MRT,0,1,12
DGH,0,1,20
VYR,0,1,11
NSS,0,1,9
PSK,0,1,4
EWA,0,1,19
WAD,0,2,19
IME,0,1,1
MET,0,1,3
WST,0,2,42
VPY,0,1,40
FTK,0,1,3
LYQ,0,1,21
ISW,0,1,5
KDE,0,1,18
ISQ,0,2,77
GID,0,2,40
ING,0,1,4
NGY,0,1,9
AYG,0,1,12
PNG,0,2,9
EFR,0,2,9
RQE,0,2,56
PFS,0,2,39
PAT,0,1,27
ATV,0,1,25
QRL,0,1,40
LLT,0,1,38
SWS,0,1,16
ISS,0,1,48
GNK,0,1,6
NKY,0,1,6
GNI,0,1,1
NIG,0,1,2
IGV,0,2,22
DVA,0,2,37
KNY,0,3,62
EAD,0,1,26
VKD,0,2,6
QVK,0,1,5
VKS,0,1,2
RNW,0,2,36
LNS,0,8,227
YTS,0,1,5
CRD,0,2,27
IKY,0,1,6
KYT,0,1,31
SVK,0,1,12
VKE,0,1,3
SFV,0,1,79
FVT,0,1,5
VLT,0,1,13
APV,0,1,13
PVE,0,1,5
LSE,0,2,53
RYW,0,2,13
VVQ,0,1,5
LYY,0,2,20
RNA,0,3,48
AIP,0,1,7
IRL,0,2,19
RLE,0,3,48
ISI,0,2,1
SIY,0,2,49
EPN,0,2,34
HYN,0,2,21
ELE,0,3,9
QKP,0,1,1
REM,0,1,0
EMD,0,1,1
MDG,0,1,6
CST,0,2,52
YGV,0,1,13
FRE,0,1,51
WYS,0,1,3
YSS,0,2,32
IAR,0,1,31
RPR,0,2,55
AQK,0,1,15
TFN,0,2,63
LID,0,2,6
NGA,0,2,17
RVK,0,1,6
VKG,0,1,10
LIG,0,2,38
PPV,0,1,4
YTA,0,1,2
TRQ,0,1,62
TMG,0,1,2
LNA,0,2,37
KQF,0,2,25
FNR,0,1,19
AEH,0,1,10
AKT,0,1,62
KTV,0,1,9
TAQ,0,1,49
DKE,0,1,44
NTN,0,1,25
TPP,0,1,12
RSK,0,1,6
LTP,0,1,43
LMD,0,1,8
KPL,0,1,2
PNL,0,1,4
NLG,0,2,35
PVP,0,1,10
TVF,0,1,14
FFN,0,1,4
KTE,0,1,29
ENH,0,1,0
NHV,0,1,0
HVS,0,1,4
VSE,0,1,25
VAA,0,1,8
AEL,0,2,49
CGR,0,1,3
LWE,0,2,41
VLD,0,2,10
PHH,0,1,0
HHT,0,1,5
QLS,0,2,46
KER,0,1,5
NTF,0,1,9
EDG,0,2,50
WIG,0,1,9
KLG,0,5,94
TDV,0,1,3
DVF,0,1,22
RIY,0,1,34
QLN,0,2,42
CTP,0,2,6
NKQ,0,1,4
SWQ,0,1,24
CRN,0,2,3
NRR,0,2,5
FGD,0,2,91
PMA,0,1,0
MAR,0,1,5
SPI,0,1,53
WTD,0,1,42
WTE,0,1,57
SME,0,1,19
MEG,0,1,13
LYP,0,1,12
YPQ,0,1,3
PQT,0,1,30
FSW,0,1,19
CAK,0,1,11
DQF,0,1,9
VTV,0,1,10
PDQ,0,1,16
IPN,0,1,15
RSL,0,1,40
GSV,0,1,19
WQD,0,1,43
VRQ,0,2,34
RHN,0,1,29
TEL,0,1,9
ARW,0,1,30
GKL,0,1,8
LYK,0,1,13
YKS,0,1,5
EGI,0,2,34
ETK,0,1,6
SKA,0,2,35
KAR,0,1,3
ADD,0,1,49
HFS,0,1,6
MGD,0,1,58
RTI,0,2,38
RWQ,0,1,8
WQQ,0,1,4
RPY,0,2,26
LRK,0,1,18
RKY,0,1,13
KYN,0,1,36
TVE,0,1,35
HTF,0,2,7
QPI,0,2,2
PIS,0,2,55
EAA,0,1,37
YDA,0,1,2
RHA,0,1,18
RVW,0,1,20
PTR,0,1,35
TTW,0,1,0
TWS,0,1,1
PQP,0,1,4
DYN,0,4,112
ERP,0,2,5
LQK,0,1,12
KAG,0,2,52
SHA,0,1,32
HAG,0,1,15
SHE,0,1,20
LYL,0,2,43
WTQ,0,1,6
TQT,0,1,17
NMT,0,2,1
RYS,0,3,48
GLM,0,1,2
LMN,0,1,1
MNT,0,3,26
EPR,0,1,20
TIQ,0,1,27
AIT,0,1,14
TTT,0,1,24
MNA,0,1,8
VDF,0,1,5
DFN,0,1,42
ASC,0,1,49
SCL,0,1,7
CLA,0,1,0
WTR,0,1,10
TPV,0,1,5
PVI,0,1,1
VIY,0,1,13
PRP,0,2,27
ITN,0,1,19
EKL,0,1,6
ADV,0,2,20
DVV,0,1,21
VVA,0,1,4
HGN,0,1,26
RRY,0,1,32
EAW,0,1,9
DPY,0,1,50
VPL,0,1,7
FHL,0,2,1
HLD,0,2,3
RDH,0,2,44
HRV,0,1,63
NNT,0,1,6
TRY,0,1,19
DNW,0,4,34
NWV,0,2,6
WVL,0,2,0
QSR,0,2,50
DNG,0,1,32
VYQ,0,2,12
GHI,0,1,29
HIT,0,1,3
SVF,0,1,9
VFE,0,1,18
DME,0,2,2
MED,0,1,3
GFL,0,1,9
RLY,0,1,42
DEE,0,2,37
GIL,0,1,11
FSS,0,1,67
QQT,0,1,7
AWM,0,2,13
WMG,0,1,10
GTM,0,2,9
TMN,0,2,4
WMD,0,1,3
HTN,0,2,43
RVL,0,1,25
VNA,0,1,12
IAL,0,1,8
AGK,0,3,55
CRE,0,1,5
YSA,0,1,52
VWE,0,1,15
WEP,0,1,4
DEM,0,1,4
EHL,0,1,7
TLF,0,1,11
TRP,0,1,3
EAK,0,1,2
RLI,0,1,9
LIN,0,1,16
LYI,0,2,10
YIN,0,1,4
LHD,0,1,7
WRI,0,1,7
RIL,0,1,9
FSR,0,1,24
ATK,0,2,12
TKG,0,3,14
LSI,0,1,35
YIS,0,1,5
VAS,0,1,21
DYY,0,1,21
LTY,0,1,29
TPH,0,1,2
IDS,0,1,24
LFE,0,1,19
SVP,0,1,53
VPD,0,1,21
DTP,0,1,18
DNI,0,1,10
NIS,0,1,11
DIE,0,1,36
RKV,0,1,8
KVD,0,1,4
PTQ,0,2,28
RTF,0,1,24
NRS,0,1,4
WRT,0,1,36
FNN,0,2,29
LWP,0,1,1
WPA,0,1,1
KAP,0,1,16
LAV,0,1,43
QFN,0,1,25
NQY,0,1,8
QYW,0,1,1
YWE,0,1,7
VGK,0,1,12
KAL,0,1,5
AAW,0,1,26
DQV,0,1,16
IQS,0,1,6
RKL,0,1,12
TRR,0,1,23
CRK,0,1,1
KDQ,0,1,8
FFW,0,1,2
NAG,0,1,12
ALR,0,1,52
EVE,0,1,22
DEN,0,1,27
ENW,0,1,31
NWY,0,1,2
WSW,0,1,16
QEF,0,2,12
PQE,0,2,14
EDP,0,1,8
LNL,0,1,4
TSW,0,1,4
DFF,0,1,7
EHN,0,1,9
PEE,0,1,11
SMS,0,1,33
MSR,0,1,7
HLL,0,1,0
QTF,0,1,7
EPT,0,1,18
GGC,0,1,12
GCG,0,1,0
PKI,0,1,5
SEH,0,1,15
FGI,0,1,10
TLA,0,1,21
EEF,0,1,4
LPQ,0,1,33
LWS,0,1,4
RDM,0,2,9
DVT,0,1,74
EFE,0,1,7
DHW,0,1,44
WVA,0,1,9
ACS,0,1,16
LPY,0,1,25
RKQ,0,1,8
KQD,0,1,43
SNF,0,1,2
NFG,0,1,2
PTY,0,1,27
PRS,0,1,66
DVH,0,1,2
VHS,0,1,11
FTT,0,1,21
RWR,0,1,10
WRN,0,1,20
TAL,0,1,20
DPV,0,1,30
FLN,0,1,7
QDV,0,1,45
VFC,0,1,1
SWL,0,1,15
MEE,0,1,2
DLV,0,1,29
LHE,0,1,6
LFY,0,1,35
NWA,0,1,14
QKE,0,1,23
GPF,0,1,30
QQK,0,1,2
RQL,0,0,34
LHK,0,0,9
HKQ,0,0,5
KQN,0,0,34
NTS,0,0,9
SYF,0,0,14
GCE,0,0,9
CEQ,0,0,20
FDI,0,0,21
KEN,0,0,14
GYH,0,0,7
YHE,0,0,7
SQH,0,0,34
QHI,0,0,1
PLN,0,0,28
LQE,0,0,17
HQN,0,0,37
RYY,0,0,18
AWP,0,0,11
NPL,0,0,4
SVL,0,0,54
GKP,0,0,6
MDE,0,0,14
LFT,0,0,10
FQQ,0,0,6
PSP,0,0,25
RWA,0,0,19
WAT,0,0,9
PSW,0,0,14
WAI,0,0,5
AIY,0,0,22
TYQ,0,0,31
WRK,0,0,2
KSD,0,0,8
QRK,0,0,4
RKN,0,0,67
HNW,0,0,7
ITS,0,0,17
KRE,0,0,10
CSC,0,0,3
SCS,0,0,3
PYY,0,0,5
YAN,0,0,29
VQY,0,0,46
EWV,0,0,7
KYF,0,0,34
HRS,0,0,17
SFK,0,0,49
FKA,0,0,4
GYW,0,0,5
RFE,0,0,27
HPR,0,0,6
LQW,0,0,1
CDS,0,0,5
LMG,0,0,74
AHY,0,0,17
ENL,0,0,4
LPL,0,0,25
ATP,0,0,37
KTD,0,0,21
NWT,0,0,1
QVY,0,0,31
PWV,0,0,6
KRD,0,0,20
IDW,0,0,43
EVY,0,0,14
HRR,0,0,13
TVV,0,0,7
IYY,0,0,3
QTH,0,0,3
LHN,0,0,26
SEY,0,0,35
FVE,0,0,3
REW,0,0,24
EWE,0,0,15
NWD,0,0,13
FTA,0,0,20
YRR,0,0,13
DVY,0,0,11
HEG,0,0,12
TVR,0,0,7
LWV,0,0,21
QIW,0,0,2
EQA,0,0,35
CAF,0,0,13
AFR,0,0,11
QHS,0,0,25
IIG,0,0,5
DQR,0,0,15
EHA,0,0,5
KGH,0,0,11
QSF,0,0,20
KTN,0,0,45
HPV,0,0,1
IRP,0,0,9
PLP,0,0,26
FAR,0,0,23
LDH,0,0,33
FRK,0,0,6
KTY,0,0,21
TIF,0,0,1
FLT,0,0,28
LDV,0,0,24
FVD,0,0,3
FQK,0,0,3
PFN,0,0,14
SYK,0,0,19
SWR,0,0,57
WRP,0,0,39
FFQ,0,0,3
LGM,0,0,14
RFY,0,0,29
DHQ,0,0,14
HQF,0,0,1
QFA,0,0,10
RRK,0,0,12
NLD,0,0,7
DYW,0,0,17
NDN,0,0,9
PQH,0,0,1
LTF,0,0,12
REI,0,0,39
ISE,0,0,10
AFA,0,0,33
CSF,0,0,4
FTW,0,0,4
CSW,0,0,20
AVK,0,0,7
GSC,0,0,1
SCP,0,0,12
CPD,0,0,2
GIV,0,0,7
IVF,0,0,5
TNI,0,0,5
NII,0,0,1
HGQ,0,0,62
PVS,0,0,40
WDA,0,0,38
PVL,0,0,8
GII,0,0,7
IIA,0,0,2
SMY,0,0,2
MYW,0,0,1
GPW,0,0,14
QWQ,0,0,2
YDT,0,0,9
LQA,0,0,33
LHI,0,0,4
DVN,0,0,30
TFR,0,0,7
YDS,0,0,9
VQT,0,0,9
WSK,0,0,8
AFW,0,0,3
ITR,0,0,12
DSH,0,0,27
SHY,0,0,27
QTQ,0,0,14
EEY,0,0,31
YLP,0,0,5
LRI,0,0,18
GEM,0,0,23
HWV,0,0,6
MSG,0,0,14
MRQ,0,0,19
EPF,0,0,5
QIQ,0,0,24
IQA,0,0,18
WVE,0,0,19
NWE,0,0,22
TKA,0,0,14
IDN,0,0,14
MAN,0,0,9
FRP,0,0,9
CAY,0,0,12
YNT,0,0,11
HWA,0,0,7
PYS,0,0,24
YSP,0,0,33
CAD,0,0,3
QIG,0,0,2
FYS,0,0,15
VQE,0,0,6
EYQ,0,0,8
DVQ,0,0,65
IVQ,0,0,6
QYV,0,0,5
PFR,0,0,25
WAF,0,0,2
EMQ,0,0,1
MQD,0,0,3
EVN,0,0,29
STI,0,0,31
IQV,0,0,1
SWV,0,0,29
KGI,0,0,11
EVW,0,0,9
KLY,0,0,10
QEY,0,0,36
EAS,0,0,39
KGP,0,0,25
IHW,0,0,2
RIG,0,0,34
IGE,0,0,41
AYL,0,0,3
YLR,0,0,9
FKN,0,0,17
SMW,0,0,17
SHK,0,0,18
HKS,0,0,4
DFV,0,0,1
FVN,0,0,4
RRW,0,0,10
HAD,0,0,2
GTW,0,0,16
WTY,0,0,10
TTQ,0,0,21
SSC,0,0,10
SCE,0,0,7
FSL,0,0,14
THR,0,0,22
LES,0,0,76
VVY,0,0,5
LIP,0,0,11
IPT,0,0,9
PVA,0,0,18
WER,0,0,16
SHH,0,0,16
ELD,0,0,14
TSF,0,0,13
NSV,0,0,2
NTH,0,0,3
HYY,0,0,1
RNG,0,0,12
HPP,0,0,5
AWW,0,0,6
WWT,0,0,4
CGL,0,0,9
YQA,0,0,24
LND,0,0,3
NDY,0,0,2
YGN,0,0,41
DVP,0,0,22
PTK,0,0,14
QKT,0,0,31
LAF,0,0,8
EHP,0,0,6
LKT,0,0,25
CRS,0,0,10
PVY,0,0,12
PEW,0,0,3
SKI,0,0,11
KIG,0,0,5
EQR,0,0,8
DFQ,0,0,34
IVE,0,0,5
VEN,0,0,33
HYS,0,0,2
KKR,0,0,2
KRS,0,0,10
HDS,0,0,16
SNL,0,0,38
NLE,0,0,3
EKN,0,0,44
RNH,0,0,4
RFW,0,0,4
TCW,0,0,3
CWT,0,0,1
APM,0,0,2
SML,0,0,14
MLG,0,0,8
HWR,0,0,3
NRL,0,0,12
LHQ,0,0,9
CKD,0,0,2
AQT,0,0,48
DKP,0,0,13
KPN,0,0,5
VPP,0,0,4
ATH,0,0,4
LYW,0,0,30
WSM,0,0,10
NAR,0,0,2
SYH,0,0,10
YHS,0,0,3
CTL,0,0,3
WYQ,0,0,4
YAT,0,0,3
AIK,0,0,1
IKD,0,0,10
KDY,0,0,10
MDI,0,0,7
TTF,0,0,2
ESH,0,0,3
VFD,0,0,3
TCA,0,0,5
KES,0,0,9
WLN,0,0,3
GND,0,0,13
NDE,0,0,5
PGK,0,0,54
WNN,0,0,17
VSR,0,0,10
LLN,0,0,38
GCN,0,0,1
CNE,0,0,1
LKL,0,0,25
KLV,0,0,2
QIA,0,0,13
NGI,0,0,2
QAI,0,0,8
APW,0,0,19
PWH,0,0,1
WHY,0,0,5
PHL,0,0,6
LQI,0,0,13
WYT,0,0,4
QKW,0,0,1
KWG,0,0,14
CGI,0,0,2
ILH,0,0,1
HQH,0,0,1
HYD,0,0,1
YDY,0,0,1
AAR,0,0,65
PDC,0,0,2
DCN,0,0,2
CNQ,0,0,4
DQP,0,0,5
WRL,0,0,23
RPA,0,0,27
IER,0,0,33
HQA,0,0,29
HDI,0,0,4
FLL,0,0,12
ALF,0,0,11
KEY,0,0,6
SMQ,0,0,11
THL,0,0,2
HLA,0,0,11
QYK,0,0,2
VRN,0,0,31
VSC,0,0,1
GQW,0,0,9
MSQ,0,0,8
QSM,0,0,4
GLI,0,0,16
SCR,0,0,12
MLT,0,0,3
HHW,0,0,2
RPH,0,0,7
SMV,0,0,11
MVG,0,0,13
LAM,0,0,6
DKF,0,0,16
KFA,0,0,4
VRK,0,0,5
IHR,0,0,10
SVH,0,0,2
DQE,0,0,7
FTN,0,0,11
NGT,0,0,17
EKR,0,0,4
KRG,0,0,39
KYW,0,0,2
DRC,0,0,1
RCS,0,0,1
SCG,0,0,5
IQR,0,0,2
NLY,0,0,8
EQH,0,0,13
QHF,0,0,13
VWY,0,0,3
IWV,0,0,1
TDD,0,0,5
DTF,0,0,19
RRF,0,0,6
IVN,0,0,3
YKG,0,0,6
LHY,0,0,6
VPN,0,0,34
AVY,0,0,24
CRG,0,0,61
YPD,0,0,14
EFY,0,0,9
QHW,0,0,8
LQF,0,0,8
TWV,0,0,6
EKE,0,0,15
FPP,0,0,5
DTI,0,0,17
DFT,0,0,9
FTF,0,0,2
VLR,0,0,7
REK,0,0,22
KTT,0,0,21
DQQ,0,0,20
QKK,0,0,3
KKV,0,0,3
TKK,0,0,3
KKE,0,0,6
VTR,0,0,3
GWP,0,0,4
WPL,0,0,2
KFS,0,0,28
DEY,0,0,10
YPL,0,0,5
DYK,0,0,5
DCT,0,0,6
CTF,0,0,9
NRT,0,0,10
FQS,0,0,9
PIY,0,0,18
EPE,0,0,15
RHG,0,0,6
IGK,0,0,19
PMT,0,0,10
LSM,0,0,19
IVI,0,0,1
VIL,0,0,3
GKK,0,0,11
KKG,0,0,7
EVR,0,0,18
AQE,0,0,47
GPI,0,0,22
WSF,0,0,12
FES,0,0,4
ESI,0,0,3
HID,0,0,2
IDE,0,0,12
DEK,0,0,8
QQI,0,0,5
HRI,0,0,8
PHI,0,0,4
PQS,0,0,18
LQV,0,0,12
LFS,0,0,36
PDP,0,0,14
PLW,0,0,9
GCS,0,0,3
YSQ,0,0,39
PHA,0,0,11
VLP,0,0,1
VNW,0,0,5
EHI,0,0,6
HIL,0,0,1
ILQ,0,0,14
FWN,0,0,4
HGF,0,0,6
TTK,0,0,2
LAI,0,0,25
NFA,0,0,5
PPW,0,0,10
ESE,0,0,32
YLT,0,0,5
LTI,0,0,33
RAH,0,0,8
LHA,0,0,18
MVE,0,0,1
LDM,0,0,19
DMN,0,0,8
MNE,0,0,8
ELL,0,0,13
LIT,0,0,9
VYF,0,0,15
YGA,0,0,28
DLI,0,0,11
SIF,0,0,23
IFR,0,0,3
PEP,0,0,6
VYY,0,0,5
FFS,0,0,10
FEN,0,0,7
FTY,0,0,11
TVP,0,0,7
TNP,0,0,12
NPY,0,0,10
FHR,0,0,13
PIA,0,0,4
YEG,0,0,8
NPT,0,0,12
LKI,0,0,4
KIN,0,0,10
TLL,0,0,10
LLE,0,0,25
LIW,0,0,4
IAW,0,0,8
TII,0,0,4
AHG,0,0,16
RNL,0,0,8
NLK,0,0,2
LKV,0,0,14
FRV,0,0,32
WDV,0,0,3
VTQ,0,0,22
SNK,0,0,11
NKD,0,0,7
VEY,0,0,9
HEV,0,0,2
WRS,0,0,27
QTP,0,0,16
IPE,0,0,8
ELR,0,0,8
DWP,0,0,21
WPS,0,0,9
SQF,0,0,42
QFY,0,0,31
EDD,0,0,3
QHR,0,0,9
HRH,0,0,3
ACK,0,0,2
CKL,0,0,1
NYG,0,0,3
YGE,0,0,11
GFM,0,0,2
FMY,0,0,2
ETW,0,0,4
TWF,0,0,1
WFS,0,0,3
DHE,0,0,27
IPR,0,0,16
VFG,0,0,9
FWR,0,0,4
HGR,0,0,10
GNP,0,0,14
NPE,0,0,9
LLK,0,0,10
KAS,0,0,10
YGR,0,0,20
KLF,0,0,4
SHI,0,0,9
HIP,0,0,1
IPW,0,0,1
SHV,0,0,5
HVG,0,0,4
EAY,0,0,32
EEL,0,0,10
LYC,0,0,7
IDI,0,0,6
TSH,0,0,2
HRW,0,0,1
HLG,0,0,22
GAM,0,0,22
ACC,0,0,1
CCG,0,0,2
CGQ,0,0,7
WVT,0,0,7
EFN,0,0,11
QTD,0,0,32
EVL,0,0,17
RKP,0,0,3
KPS,0,0,11
IIY,0,0,3
QYQ,0,0,21
DPI,0,0,20
NNW,0,0,4
PFA,0,0,5
QYI,0,0,6
HKN,0,0,15
EKS,0,0,7
LWR,0,0,15
CGD,0,0,8
PAQ,0,0,16
TQV,0,0,7
HNN,0,0,50
FAS,0,0,12
YWT,0,0,12
TRI,0,0,14
DDK,0,0,15
EWS,0,0,5
AFD,0,0,6
HPY,0,0,22
FTL,0,0,16
CSK,0,0,4
FSH,0,0,3
FDF,0,0,2
PIL,0,0,6
ILN,0,0,13
ELV,0,0,8
VLN,0,0,23
YRA,0,0,72
PWE,0,0,12
VVD,0,0,7
DNP,0,0,17
TYR,0,0,12
HYR,0,0,6
RLH,0,0,3
EAI,0,0,4
CSQ,0,0,16
AYW,0,0,11
GRC,0,0,2
RCA,0,0,2
FET,0,0,12
VLL,0,0,9
MTL,0,0,3
FYT,0,0,4
GKI,0,0,7
KIQ,0,0,6
CLG,0,0,7
TLV,0,0,1
MTI,0,0,2
LQT,0,0,20
SNA,0,0,31
VPK,0,0,2
GHD,0,0,20
HDN,0,0,6
HYT,0,0,12
AEP,0,0,15
EIA,0,0,7
YKV,0,0,1
KVG,0,0,14
LIL,0,0,10
LPK,0,0,7
PKT,0,0,16
LQL,0,0,19
PEY,0,0,8
DHN,0,0,37
IAS,0,0,2
IYF,0,0,2
SWK,0,0,9
WKV,0,0,2
CVW,0,0,1
VWS,0,0,2
FRW,0,0,7
LRP,0,0,25
NED,0,0,3
TQR,0,0,6
YIA,0,0,4
CWG,0,0,5
QKI,0,0,5
KIS,0,0,54
LFV,0,0,3
FVS,0,0,7
IQY,0,0,8
EVP,0,0,7
PES,0,0,12
QTI,0,0,10
IFN,0,0,4
ITT,0,0,10
QIR,0,0,2
DYP,0,0,7
ADF,0,0,42
VYT,0,0,20
IED,0,0,19
NGE,0,0,16
FKG,0,0,28
GCQ,0,0,1
CQN,0,0,4
FNA,0,0,8
IPY,0,0,12
TTD,0,0,11
HWI,0,0,1
WIE,0,0,4
DKW,0,0,9
AHL,0,0,5
HLE,0,0,8
QQP,0,0,1
QHT,0,0,26
FSE,0,0,9
WIQ,0,0,1
EPQ,0,0,20
HIQ,0,0,7
VGW,0,0,12
NIP,0,0,3
TLR,0,0,18
PIQ,0,0,10
LMR,0,0,4
MRI,0,0,1
EMY,0,0,1
MYA,0,0,9
ACT,0,0,8
FVA,0,0,7
QSK,0,0,15
YRS,0,0,20
QWN,0,0,4
DSV,0,0,20
EKY,0,0,15
KYP,0,0,1
YPN,0,0,17
PMS,0,0,2
MSN,0,0,9
AKV,0,0,13
YPW,0,0,2
MEV,0,0,10
AEF,0,0,5
AEW,0,0,14
RSV,0,0,3
IVD,0,0,8
ALL,0,0,23
LVF,0,0,8
QPE,0,0,6
YTN,0,0,8
PEI,0,0,4
LHP,0,0,3
QSV,0,0,5
PYK,0,0,6
YKI,0,0,1
LNK,0,0,19
NKN,0,0,34
LPV,0,0,10
PVH,0,0,2
AHN,0,0,24
HNA,0,0,11
WVR,0,0,7
SCT,0,0,4
PPR,0,0,40
VDV,0,0,5
QTW,0,0,3
QLQ,0,0,9
AFP,0,0,7
SHF,0,0,2
HFR,0,0,1
WNA,0,0,10
NDT,0,0,3
FHG,0,0,7
INK,0,0,3
NKI,0,0,3
FDA,0,0,11
FAV,0,0,4
NNA,0,0,20
YGP,0,0,2
QRF,0,0,4
DEV,0,0,49
DSK,0,0,17
WLL,0,0,2
ALK,0,0,6
LIV,0,0,3
PHK,0,0,5
HKP,0,0,2
MRA,0,0,11
YGH,0,0,6
HRK,0,0,1
PWN,0,0,7
PFG,0,0,20
FRR,0,0,16
FAA,0,0,9
KRA,0,0,5
FDE,0,0,21
PDV,0,0,7
VGH,0,0,15
DKV,0,0,12
YPS,0,0,9
IAY,0,0,8
NGS,0,0,3
GVH,0,0,14
RWT,0,0,38
RVH,0,0,11
VHW,0,0,1
RPW,0,0,11
FQE,0,0,2
LVK,0,0,20
FYW,0,0,15
IFG,0,0,5
CRL,0,0,8
DID,0,0,13
AKY,0,0,13
WKN,0,0,13
WEK,0,0,10
ITY,0,0,7
VRF,0,0,2
PDM,0,0,2
DMY,0,0,5
TFG,0,0,6
IAT,0,0,11
FFF,0,0,16
DND,0,0,4
NDQ,0,0,6
KND,0,0,1
NDS,0,0,8
QPH,0,0,1
PHE,0,0,13
LEF,0,0,21
PKR,0,0,3
EPP,0,0,10
PPF,0,0,7
PAI,0,0,5
LIY,0,0,14
EES,0,0,21
FMT,0,0,1
TAV,0,0,8
QPP,0,0,6
QQS,0,0,5
IYR,0,0,5
DYQ,0,0,15
PNI,0,0,3
NIY,0,0,12
VQP,0,0,5
FVG,0,0,30
TKI,0,0,6
FPD,0,0,33
TIT,0,0,13
NTK,0,0,1
DQT,0,0,38
YTT,0,0,2
GHV,0,0,7
HVQ,0,0,1
FTQ,0,0,9
PNN,0,0,44
EMK,0,0,1
ANG,0,0,21
EYK,0,0,2
YKN,0,0,26
MSF,0,0,1
NGP,0,0,8
ELI,0,0,4
DEF,0,0,4
IRS,0,0,21
PMP,0,0,1
MPS,0,0,1
QQA,0,0,26
FYF,0,0,9
DHI,0,0,4
DEI,0,0,7
EFA,0,0,8
CIS,0,0,2
FQF,0,0,2
MRD,0,0,16
QHA,0,0,9
PVV,0,0,3
KVS,0,0,11
ETR,0,0,14
CRP,0,0,15
FEL,0,0,4
TVW,0,0,2
NKA,0,0,3
KNA,0,0,20
KNQ,0,0,24
QYR,0,0,16
VVG,0,0,19
FTI,0,0,11
TKQ,0,0,12
KQE,0,0,5
IEL,0,0,2
AYM,0,0,1
YMT,0,0,1
VQH,0,0,3
QKS,0,0,9
YNG,0,0,1
THE,0,0,11
SEM,0,0,15
EMA,0,0,6
PPP,0,0,44
YET,0,0,3
VRS,0,0,27
YKE,0,0,3
FAQ,0,0,7
KVR,0,0,3
EHR,0,0,16
PFP,0,0,8
ELY,0,0,18
DPF,0,0,10
QKL,0,0,8
QVI,0,0,3
IKE,0,0,5
HKF,0,0,1
NHG,0,0,1
SCV,0,0,1
CVN,0,0,1
VHD,0,0,1
EIP,0,0,2
RWL,0,0,1
INA,0,0,10
WDF,0,0,11
DIH,0,0,4
GIP,0,0,12
EPY,0,0,20
VVV,0,0,1
GFR,0,0,8
EWH,0,0,1
PHY,0,0,9
QRS,0,0,15
WLD,0,0,7
LME,0,0,6
MEN,0,0,7
SKH,0,0,5
KHA,0,0,3
KRR,0,0,3
YLA,0,0,1
YLN,0,0,8
EYG,0,0,10
FLV,0,0,4
KNR,0,0,5
DSI,0,0,24
MNY,0,0,8
IPL,0,0,7
EMR,0,0,2
DGK,0,0,18
VKP,0,0,4
KPA,0,0,2
ITV,0,0,5
IAK,0,0,3
AKF,0,0,3
KFG,0,0,6
MGP,0,0,9
HPL,0,0,4
ITD,0,0,17
QVV,0,0,6
RKF,0,0,5
FAT,0,0,8
AEI,0,0,12
RTK,0,0,31
VDP,0,0,5
WRV,0,0,14
EPS,0,0,28
PLV,0,0,3
RPP,0,0,32
QAK,0,0,4
CSM,0,0,5
PEA,0,0,10
RRI,0,0,19
QFP,0,0,3
SAI,0,0,18
IDP,0,0,7
TQQ,0,0,5
IFY,0,0,3
IPP,0,0,5
RPI,0,0,10
HSP,0,0,14
YTC,0,0,4
PVT,0,0,12
QLH,0,0,4
FVW,0,0,2
ESF,0,0,6
FWQ,0,0,5
IDQ,0,0,5
PEL,0,0,9
RKA,0,0,12
ERW,0,0,11
ANI,0,0,8
NID,0,0,1
HLW,0,0,2
FYK,0,0,1
TKP,0,0,3
KPE,0,0,4
MTR,0,0,2
RYL,0,0,5
YLL,0,0,2
KDG,0,0,10
VAR,0,0,7
TQF,0,0,6
TQE,0,0,5
RQK,0,0,19
CKK,0,0,1
KKD,0,0,8
TNG,0,0,4
TCD,0,0,2
CDW,0,0,2
NNG,0,0,3
FQL,0,0,3
GWV,0,0,26
YLY,0,0,2
IQK,0,0,1
GIF,0,0,4
AIA,0,0,17
LRM,0,0,2
RMA,0,0,5
QIH,0,0,2
IHS,0,0,7
VAD,0,0,9
FRH,0,0,4
TCM,0,0,3
CMP,0,0,1
MPG,0,0,6
VRW,0,0,3
NYR,0,0,3
TML,0,0,1
MLS,0,0,2
VPT,0,0,16
GMY,0,0,11
AYD,0,0,5
SVV,0,0,8
VVT,0,0,9
RNV,0,0,1
NVF,0,0,2
WRW,0,0,7
VIG,0,0,3
LMV,0,0,5
MVS,0,0,3
QNI,0,0,6
LIF,0,0,3
DDD,0,0,9
WKQ,0,0,4
KQP,0,0,1
AEC,0,0,1
ECE,0,0,1
WVD,0,0,7
IYG,0,0,4
MSE,0,0,2
IEN,0,0,8
IAV,0,0,3
WRY,0,0,8
QAH,0,0,6
PWL,0,0,2
HAT,0,0,2
WNE,0,0,9
CPG,0,0,12
ILT,0,0,4
MTA,0,0,11
ESV,0,0,8
DEP,0,0,16
FFV,0,0,2
EKW,0,0,2
KWL,0,0,1
IVL,0,0,4
YAS,0,0,4
QPD,0,0,6
DLF,0,0,6
WKR,0,0,3
CDA,0,0,1
GLC,0,0,1
LCE,0,0,2
ITA,0,0,8
FDH,0,0,3
EPK,0,0,3
PKV,0,0,2
QII,0,0,5
TKL,0,0,7
KLN,0,0,5
MKG,0,0,16
PSH,0,0,5
IRF,0,0,2
GKF,0,0,8
VPQ,0,0,5
RMD,0,0,8
PDD,0,0,8
WEA,0,0,12
FWL,0,0,7
GQM,0,0,6
QMD,0,0,4
FHY,0,0,2
HYQ,0,0,4
KAT,0,0,10
QIE,0,0,6
QPL,0,0,7
KVY,0,0,6
SMN,0,0,16
RYD,0,0,2
QRI,0,0,5
TSL,0,0,14
DHK,0,0,3
VRV,0,0,18
KAK,0,0,2
AML,0,0,1
MLA,0,0,1
HFQ,0,0,5
PRF,0,0,5
IVT,0,0,10
PNK,0,0,4
LPH,0,0,7
FEI,0,0,2
RWN,0,0,5
YAK,0,0,2
CED,0,0,1
FNI,0,0,2
NIN,0,0,10
KQS,0,0,2
PNV,0,0,1
NVP,0,0,2
TIG,0,0,8
QMY,0,0,2
HYF,0,0,11
VSH,0,0,2
VLH,0,0,2
KYY,0,0,10
QAF,0,0,8
SKK,0,0,9
NGD,0,0,16
NRF,0,0,2
HPT,0,0,19
TLW,0,0,8
WEI,0,0,2
EYY,0,0,5
PQR,0,0,5
AII,0,0,2
IIN,0,0,4
AEK,0,0,19
FDK,0,0,8
RWV,0,0,4
RPM,0,0,1
FAD,0,0,9
EID,0,0,4
TAW,0,0,5
TKH,0,0,1
KHY,0,0,3
QHQ,0,0,13
LRH,0,0,16
AKH,0,0,3
KHF,0,0,1
IVR,0,0,4
IGH,0,0,8
EQK,0,0,3
TDF,0,0,7
HGV,0,0,7
VWD,0,0,19
FNG,0,0,3
EWQ,0,0,4
WQS,0,0,4
HFN,0,0,4
FHT,0,0,3
IKL,0,0,3
YEH,0,0,4
EHY,0,0,8
YLE,0,0,2
AAF,0,0,8
MTD,0,0,8
TTH,0,0,3
WTK,0,0,6
MDF,0,0,3
FYD,0,0,2
ENA,0,0,16
VQF,0,0,7
DWW,0,0,5
PYD,0,0,3
EPW,0,0,5
ITK,0,0,5
VTI,0,0,4
VGM,0,0,3
MTQ,0,0,1
AMT,0,0,6
MAS,0,0,5
VES,0,0,12
YVG,0,0,4
QFI,0,0,5
EKQ,0,0,17
WID,0,0,1
GMK,0,0,2
MKE,0,0,1
NPS,0,0,16
NGV,0,0,2
HFL,0,0,1
PIT,0,0,6
WNH,0,0,1
NHT,0,0,1
TFC,0,0,2
FCS,0,0,1
FYQ,0,0,4
HLQ,0,0,11
QLC,0,0,5
LCS,0,0,1
GMW,0,0,2
MWQ,0,0,1
RNK,0,0,5
NKH,0,0,1
KHS,0,0,5
TQC,0,0,5
ALI,0,0,3
NQE,0,0,3
HQR,0,0,2
SMP,0,0,11
FYP,0,0,6
FQI,0,0,6
HHG,0,0,1
DNH,0,0,4
NHN,0,0,3
DMI,0,0,3
MIS,0,0,5
KFF,0,0,6
CHN,0,0,1
PMK,0,0,1
MKI,0,0,2
KEA,0,0,4
LMS,0,0,4
VNG,0,0,2
NGF,0,0,2
WSV,0,0,7
QFE,0,0,7
FVY,0,0,3
DHL,0,0,4
KKQ,0,0,4
ESP,0,0,18
NHQ,0,0,2
VTD,0,0,16
ERH,0,0,5
AQF,0,0,11
PSF,0,0,4
NWN,0,0,4
YQS,0,0,3
HLT,0,0,8
MSW,0,0,2
HIY,0,0,6
QLA,0,0,8
PTF,0,0,9
SCW,0,0,3
SNM,0,0,2
NMG,0,0,1
LNP,0,0,13
AVH,0,0,3
VHL,0,0,2
PKG,0,0,20
AIL,0,0,8
RSI,0,0,9
IYT,0,0,8
GYP,0,0,5
FGY,0,0,17
TPI,0,0,6
ATI,0,0,12
AGM,0,0,16
QPK,0,0,2
PKQ,0,0,11
QAV,0,0,10
VIV,0,0,1
LLH,0,0,4
IYS,0,0,14
IND,0,0,1
VAF,0,0,3
QKV,0,0,3
FPT,0,0,27
DQK,0,0,2
VAV,0,0,6
HIW,0,0,1
IWE,0,0,12
PPH,0,0,2
PHS,0,0,20
IVW,0,0,3
QFV,0,0,2
VVR,0,0,2
NIL,0,0,4
VQS,0,0,14
VNR,0,0,11
ITF,0,0,1
MVR,0,0,4
TWR,0,0,1
TNL,0,0,5
NLS,0,0,20
KIP,0,0,2
LLI,0,0,2
RSH,0,0,3
CVG,0,0,2
QFC,0,0,3
CTA,0,0,6
HIN,0,0,12
VPI,0,0,3
PII,0,0,3
IIT,0,0,5
VSI,0,0,1
NSH,0,0,3
WDL,0,0,9
NDI,0,0,1
ALH,0,0,3
YGK,0,0,3
FWP,0,0,1
WPG,0,0,10
SNV,0,0,7
NVK,0,0,1
DFK,0,0,3
NKF,0,0,3
EFD,0,0,1
EKH,0,0,4
KHN,0,0,2
EYW,0,0,8
QFD,0,0,3
MTN,0,0,7
KGW,0,0,17
KLI,0,0,2
AKI,0,0,2
KIL,0,0,2
YWD,0,0,9
GRM,0,0,13
RMN,0,0,7
TDK,0,0,9
NLR,0,0,8
KLS,0,0,11
LEM,0,0,6
ETQ,0,0,9
FRI,0,0,7
YLS,0,0,3
VKY,0,0,7
PVQ,0,0,6
AIE,0,0,15
KRW,0,0,4
NEV,0,0,6
DYD,0,0,2
YDE,0,0,1
ILL,0,0,6
CNH,0,0,1
NHR,0,0,5
RNF,0,0,3
GNH,0,0,3
FTD,0,0,8
AYI,0,0,5
KKN,0,0,18
ETF,0,0,10
MAQ,0,0,1
LHM,0,0,1
HMS,0,0,1
KLD,0,0,5
CGT,0,0,12
FTH,0,0,3
IKT,0,0,3
EQV,0,0,17
DNK,0,0,7
WVK,0,0,5
MSA,0,0,9
WKE,0,0,4
DVK,0,0,4
EGM,0,0,9
PQQ,0,0,11
WQL,0,0,5
FLW,0,0,4
CRV,0,0,6
WKS,0,0,4
VDK,0,0,7
DLH,0,0,5
LHV,0,0,1
HVF,0,0,2
ESK,0,0,4
KAA,0,0,8
RQM,0,0,2
QMN,0,0,2
GHH,0,0,12
HHS,0,0,3
ACN,0,0,3
CNR,0,0,4
HQQ,0,0,1
QMG,0,0,8
LIE,0,0,1
RPK,0,0,4
VAQ,0,0,8
SKV,0,0,10
FWF,0,0,2
FMR,0,0,2
QNP,0,0,7
KGK,0,0,9
ATW,0,0,20
TFP,0,0,4
DIW,0,0,7
GMI,0,0,4
MIA,0,0,2
PWW,0,0,1
WQF,0,0,5
HNR,0,0,4
TFL,0,0,1
IMD,0,0,3
LPI,0,0,8
GWF,0,0,2
WFE,0,0,3
CNL,0,0,1
NLL,0,0,1
HTD,0,0,4
TPM,0,0,1
LFP,0,0,12
NAD,0,0,5
HHR,0,0,8
LKY,0,0,12
TTI,0,0,6
HLP,0,0,1
DMR,0,0,5
YIL,0,0,1
QVH,0,0,2
VHT,0,0,9
YVT,0,0,1
QQL,0,0,2
GYI,0,0,3
NFS,0,0,9
TNW,0,0,5
SQM,0,0,7
AME,0,0,9
INP,0,0,2
LKR,0,0,17
ISH,0,0,3
TVH,0,0,5
VHQ,0,0,3
AQL,0,0,11
LPF,0,0,6
MGW,0,0,7
YGI,0,0,7
PMV,0,0,2
YFG,0,0,1
FIH,0,0,1
NVQ,0,0,1
FRF,0,0,4
QLV,0,0,4
TEK,0,0,10
IPK,0,0,3
PKP,0,0,2
KTP,0,0,5
CCA,0,0,3
TTP,0,0,3
CVD,0,0,1
WQA,0,0,8
TMD,0,0,1
RQH,0,0,6
QHE,0,0,2
AMP,0,0,2
MPE,0,0,2
PQV,0,0,7
QID,0,0,3
KVN,0,0,6
IQT,0,0,10
ACL,0,0,1
CLR,0,0,1
MDQ,0,0,5
AMN,0,0,2
YTH,0,0,3
NPW,0,0,3
GMH,0,0,2
MHA,0,0,2
AFL,0,0,5
RND,0,0,4
ETH,0,0,3
ANF,0,0,1
NFR,0,0,1
HRF,0,0,7
MGK,0,0,3
QRW,0,0,4
DDV,0,0,2
KTQ,0,0,6
WLS,0,0,3
TIH,0,0,3
DMS,0,0,3
KKA,0,0,3
QVA,0,0,17
FIN,0,0,1
PAW,0,0,13
GAC,0,0,7
NVD,0,0,3
DMW,0,0,1
MWI,0,0,1
WIS,0,0,5
QKF,0,0,2
KFT,0,0,3
IRW,0,0,7
MWD,0,0,3
IRI,0,0,3
FGF,0,0,10
IHA,0,0,5
RHW,0,0,13
QIK,0,0,1
QVD,0,0,18
KDA,0,0,14
WTH,0,0,3
AHD,0,0,2
WVF,0,0,6
HYG,0,0,1
IWA,0,0,4
DVI,0,0,5
FLK,0,0,2
LKK,0,0,5
MTT,0,0,5
ILY,0,0,9
HQY,0,0,4
FVP,0,0,3
FSV,0,0,6
CGH,0,0,2
WPY,0,0,8
EWI,0,0,1
YRW,0,0,2
AVV,0,0,2
IEA,0,0,4
VQK,0,0,2
IVY,0,0,2
AYF,0,0,7
AQM,0,0,3
EQP,0,0,8
GYK,0,0,2
YKA,0,0,2
VNL,0,0,3
ACA,0,0,3
VHR,0,0,5
YSW,0,0,3
KAV,0,0,4
IPF,0,0,2
ACQ,0,0,1
IAH,0,0,1
TAH,0,0,6
TLP,0,0,6
AID,0,0,9
IHT,0,0,3
MYS,0,0,1
LQR,0,0,4
TDH,0,0,3
MWT,0,0,2
WVP,0,0,4
APH,0,0,8
GIM,0,0,1
IMN,0,0,1
YMA,0,0,3
QFQ,0,0,8
QRP,0,0,12
YQT,0,0,10
KYS,0,0,15
WQT,0,0,6
RIP,0,0,6
IGM,0,0,1
GMP,0,0,4
MPP,0,0,2
WMA,0,0,2
ANL,0,0,1
SCM,0,0,1
CMG,0,0,3
WIY,0,0,7
AWY,0,0,5
LTW,0,0,12
LKF,0,0,4
VPV,0,0,7
FFE,0,0,2
HHE,0,0,1
FHP,0,0,3
HFP,0,0,1
FEA,0,0,4
KFN,0,0,6
GWK,0,0,8
ACP,0,0,7
CPR,0,0,2
PRI,0,0,13
TYL,0,0,2
TFD,0,0,3
IKR,0,0,2
NLF,0,0,2
PSI,0,0,2
HPA,0,0,6
VHE,0,0,5
MSY,0,0,2
RLM,0,0,1
PRK,0,0,7
WNG,0,0,5
IPV,0,0,2
VRM,0,0,1
HDG,0,0,6
ELK,0,0,2
KIF,0,0,2
PTH,0,0,2
FAP,0,0,3
TWN,0,0,4
AIW,0,0,11
CNA,0,0,2
AKP,0,0,6
EEI,0,0,6
TKR,0,0,4
YEY,0,0,1
EFW,0,0,2
RRH,0,0,9
HVL,0,0,1
RFK,0,0,2
FKT,0,0,3
YLD,0,0,6
RHI,0,0,8
VAL,0,0,4
LWW,0,0,2
FLP,0,0,5
MKA,0,0,2
YDL,0,0,1
PFK,0,0,2
YPV,0,0,1
PVR,0,0,3
CEG,0,0,2
IAQ,0,0,11
IEK,0,0,1
MPL,0,0,2
AYH,0,0,2
AWF,0,0,1
CVA,0,0,2
TDL,0,0,23
LKH,0,0,4
FKD,0,0,5
HGY,0,0,7
KPY,0,0,4
TWE,0,0,8
WPP,0,0,4
VRH,0,0,5
WQK,0,0,4
PHN,0,0,7
EQQ,0,0,12
VWN,0,0,1
KNK,0,0,1
YWA,0,0,6
VLV,0,0,7
FWV,0,0,4
QKA,0,0,3
PLM,0,0,1
YEN,0,0,6
IRH,0,0,1
PEK,0,0,2
SKF,0,0,2
VKQ,0,0,9
TQP,0,0,2
VLQ,0,0,4
TWA,0,0,10
PKY,0,0,8
WTW,0,0,4
QFR,0,0,9
FID,0,0,1
QPR,0,0,3
EFQ,0,0,1
WAV,0,0,6
PDL,0,0,7
RIF,0,0,4
HWT,0,0,7
PAH,0,0,2
DDH,0,0,5
YYR,0,0,2
RKH,0,0,2
KHR,0,0,1
NQT,0,0,8
LHL,0,0,5
NNF,0,0,2
NFN,0,0,9
GNM,0,0,3
NML,0,0,2
MLC,0,0,1
MER,0,0,3
DNF,0,0,17
NFY,0,0,12
IFW,0,0,3
PAK,0,0,2
GFI,0,0,4
MDK,0,0,8
QQF,0,0,5
QGC,0,0,3
YTY,0,0,7
FQP,0,0,2
YTV,0,0,2
PFQ,0,0,8
VEP,0,0,3
CSI,0,0,5
ITP,0,0,13
KAD,0,0,6
AYP,0,0,5
QNL,0,0,7
NLI,0,0,1
KEI,0,0,2
PNP,0,0,5
ILV,0,0,5
TPF,0,0,5
WPD,0,0,5
IMT,0,0,2
KQV,0,0,2
RME,0,0,4
NEI,0,0,1
GWL,0,0,3
VQI,0,0,9
CTQ,0,0,4
RYG,0,0,3
RMV,0,0,1
MVW,0,0,1
QQH,0,0,1
MNQ,0,0,1
QIT,0,0,9
ACW,0,0,1
CWE,0,0,1
FFT,0,0,2
YEV,0,0,3
HKV,0,0,1
HFT,0,0,3
PND,0,0,4
ISK,0,0,1
TCE,0,0,1
CER,0,0,2
WPN,0,0,5
KHT,0,0,2
FRY,0,0,8
HFE,0,0,2
INL,0,0,1
YPA,0,0,3
EYD,0,0,2
NRK,0,0,2
HKG,0,0,3
CAH,0,0,4
VTK,0,0,2
NRY,0,0,11
FDP,0,0,3
DMA,0,0,9
MAT,0,0,2
RHD,0,0,10
HKE,0,0,4
RWF,0,0,1
WFA,0,0,1
SIC,0,0,1
ICW,0,0,1
CWV,0,0,1
WVI,0,0,1
KHP,0,0,4
DMK,0,0,1
IVV,0,0,1
VAK,0,0,2
PYI,0,0,2
FAW,0,0,1
AHV,0,0,1
LFK,0,0,8
FKI,0,0,2
CKA,0,0,3
NFQ,0,0,2
AQR,0,0,6
DNV,0,0,2
NVN,0,0,1
LWH,0,0,1
WHN,0,0,3
CNT,0,0,2
SWH,0,0,6
WHR,0,0,1
LWN,0,0,12
AHP,0,0,8
VFN,0,0,2
IKI,0,0,2
KIR,0,0,2
MIE,0,0,1
PKK,0,0,2
AND,0,0,4
GFH,0,0,7
MNV,0,0,1
NVG,0,0,2
QRV,0,0,6
FYV,0,0,1
YVS,0,0,2
HET,0,0,5
KST,0,0,9
LYM,0,0,1
YMN,0,0,2
FHN,0,0,2
YNK,0,0,1
EIQ,0,0,5
GSM,0,0,1
LMF,0,0,2
MFS,0,0,3
LHH,0,0,1
HHN,0,0,5
ILP,0,0,3
MVN,0,0,1
TYF,0,0,3
CTT,0,0,2
TTR,0,0,5
PFY,0,0,13
TEP,0,0,8
KNL,0,0,1
FKS,0,0,4
SKW,0,0,9
KWT,0,0,1
QPA,0,0,9
HPE,0,0,5
FAK,0,0,2
DRM,0,0,2
RMS,0,0,2
NTR,0,0,2
QHL,0,0,4
TRH,0,0,2
HRP,0,0,4
YPF,0,0,2
IKA,0,0,11
HDD,0,0,1
RSM,0,0,2
KSR,0,0,5
MAD,0,0,3
KTR,0,0,4
MPN,0,0,4
LTH,0,0,2
FAI,0,0,2
QFT,0,0,5
EKV,0,0,8
MRN,0,0,8
PNF,0,0,2
MRV,0,0,3
HDY,0,0,1
KDI,0,0,8
DIK,0,0,3
IKQ,0,0,5
HVY,0,0,1
NWS,0,0,3
RPV,0,0,8
PFT,0,0,7
AWL,0,0,7
WLR,0,0,2
KWD,0,0,7
WHL,0,0,1
KRI,0,0,2
YQQ,0,0,3
FTP,0,0,6
EEP,0,0,3
WRH,0,0,4
TIK,0,0,2
WAR,0,0,10
PEM,0,0,3
EMS,0,0,3
IEW,0,0,3
HSL,0,0,2
FEE,0,0,1
FAL,0,0,4
DII,0,0,4
KVA,0,0,2
IEY,0,0,1
IKS,0,0,2
AKM,0,0,2
KMG,0,0,3
WYY,0,0,3
HQT,0,0,4
VIF,0,0,3
FPI,0,0,1
VHN,0,0,5
VSV,0,0,1
HTI,0,0,3
ERM,0,0,3
RMR,0,0,3
PFW,0,0,2
KLA,0,0,5
PIR,0,0,6
FHS,0,0,7
CNW,0,0,1
TYP,0,0,2
FNV,0,0,1
NVY,0,0,2
TIL,0,0,2
MEA,0,0,2
FPV,0,0,3
HNG,0,0,1
AHH,0,0,1
TYG,0,0,1
DWM,0,0,3
YAF,0,0,2
KDP,0,0,2
NSI,0,0,1
YGW,0,0,8
RII,0,0,2
EDV,0,0,1
WIA,0,0,5
YKY,0,0,3
EEK,0,0,4
YPT,0,0,3
VHP,0,0,4
YHW,0,0,1
SCQ,0,0,2
CQD,0,0,2
VFP,0,0,1
GDC,0,0,1
DCG,0,0,1
CGF,0,0,2
EMV,0,0,1
MVY,0,0,1
FSK,0,0,1
YRP,0,0,2
NLW,0,0,1
YIE,0,0,1
YPE,0,0,2
WDM,0,0,2
YHQ,0,0,1
IGI,0,0,9
YHL,0,0,1
VIE,0,0,1
WIL,0,0,2
QWT,0,0,8
HHP,0,0,1
MDY,0,0,5
GFC,0,0,1
FCE,0,0,1
VWK,0,0,2
LMA,0,0,4
MAA,0,0,3
SKM,0,0,2
KMQ,0,0,2
NDA,0,0,3
AMY,0,0,1
FLE,0,0,5
CNP,0,0,1
WPQ,0,0,2
WLQ,0,0,2
CPT,0,0,2
THQ,0,0,8
FVR,0,0,5
SMI,0,0,2
MIG,0,0,2
CAQ,0,0,5
FVL,0,0,4
EMT,0,0,3
DML,0,0,1
VSW,0,0,2
HGK,0,0,1
PLC,0,0,2
SWY,0,0,2
RKR,0,0,8
IWS,0,0,1
RLW,0,0,3
DSM,0,0,2
YTR,0,0,1
MNR,0,0,2
NHA,0,0,1
TIV,0,0,2
IWL,0,0,1
KAQ,0,0,6
CGM,0,0,1
IIE,0,0,4
NST,0,0,1
PAV,0,0,6
NHY,0,0,5
RAC,0,0,2
CKQ,0,0,4
SVI,0,0,5
DQW,0,0,3
WSI,0,0,5
MKY,0,0,1
FNH,0,0,1
NHE,0,0,1
VVI,0,0,1
KTW,0,0,1
VIT,0,0,4
FNK,0,0,3
TQL,0,0,5
EHE,0,0,7
PMW,0,0,1
MWS,0,0,1
ACD,0,0,3
CDE,0,0,1
WHE,0,0,3
PAM,0,0,1
KDK,0,0,3
NKG,0,0,1
NAL,0,0,6
ENP,0,0,1
CGK,0,0,1
KSE,0,0,5
HKT,0,0,3
EAH,0,0,1
PKF,0,0,1
YFY,0,0,1
EHG,0,0,5
PLI,0,0,1
KQQ,0,0,1
KDH,0,0,1
YLQ,0,0,2
QNK,0,0,1
ELW,0,0,5
NFF,0,0,1
KPD,0,0,2
IQQ,0,0,4
QNG,0,0,4
FEP,0,0,3
YAD,0,0,6
MRL,0,0,2
PLK,0,0,4
FPK,0,0,3
TFF,0,0,1
EKP,0,0,2
KRY,0,0,3
NYW,0,0,2
MAK,0,0,2
GVC,0,0,1
VCE,0,0,1
HSI,0,0,2
NMK,0,0,1
WAK,0,0,2
LNV,0,0,2
MKS,0,0,1
GVM,0,0,4
VMA,0,0,2
IIW,0,0,3
TAK,0,0,4
KQA,0,0,10
NEY,0,0,2
KYG,0,0,1
IHQ,0,0,1
WYL,0,0,1
EVI,0,0,6
PIH,0,0,2
NSK,0,0,2
IEE,0,0,6
WMY,0,0,1
WYN,0,0,1
HKI,0,0,1
ALC,0,0,3
RWP,0,0,2
HWP,0,0,1
VMQ,0,0,1
MQF,0,0,2
NYY,0,0,3
TWP,0,0,2
VSL,0,0,8
GFK,0,0,2
HAP,0,0,1
YWV,0,0,4
VND,0,0,1
LVM,0,0,1
VMD,0,0,2
RIV,0,0,2
LTM,0,0,1
MGI,0,0,2
WYR,0,0,1
CPP,0,0,1
YHT,0,0,1
DSC,0,0,3
HDF,0,0,1
AAH,0,0,11
GYL,0,0,3
HVR,0,0,1
VID,0,0,1
GPM,0,0,3
IWQ,0,0,1
AKW,0,0,3
IQL,0,0,2
VKA,0,0,4
YQL,0,0,1
FPW,0,0,3
DYF,0,0,2
YFN,0,0,2
WFN,0,0,2
NDK,0,0,1
HVV,0,0,1
IIP,0,0,1
KSF,0,0,1
TCL,0,0,4
CLD,0,0,2
YHR,0,0,2
HPF,0,0,1
IRY,0,0,6
VKV,0,0,1
RAM,0,0,1
SCF,0,0,1
CFS,0,0,1
QFW,0,0,5
HKY,0,0,5
MEY,0,0,6
ERK,0,0,5
MLE,0,0,1
HAY,0,0,2
ARC,0,0,2
RCP,0,0,1
CPQ,0,0,1
WAW,0,0,1
EIE,0,0,7
AHK,0,0,2
SVM,0,0,4
VMG,0,0,5
VDL,0,0,5
FIL,0,0,3
CNK,0,0,1
CKR,0,0,1
WEL,0,0,2
NNL,0,0,1
HQL,0,0,4
RKK,0,0,1
PML,0,0,1
MLD,0,0,1
RMP,0,0,1
VMT,0,0,1
LWF,0,0,1
YQP,0,0,1
IRM,0,0,1
RMY,0,0,1
HQS,0,0,3
FIR,0,0,2
IYL,0,0,1
DEH,0,0,8
MTY,0,0,2
CTD,0,0,2
DFI,0,0,3
FIQ,0,0,1
KVE,0,0,3
RIH,0,0,2
IWW,0,0,2
VSM,0,0,1
FDD,0,0,1
LFD,0,0,3
YRM,0,0,1
ENF,0,0,1
FEV,0,0,5
PWP,0,0,3
QWD,0,0,9
EIK,0,0,1
IAI,0,0,2
HHQ,0,0,3
NRP,0,0,1
TFE,0,0,6
QKR,0,0,1
HLF,0,0,1
MNN,0,0,2
DVM,0,0,1
YYG,0,0,2
FIY,0,0,1
HGI,0,0,3
HSR,0,0,5
NFD,0,0,1
WKL,0,0,2
YPY,0,0,2
HVN,0,0,2
DMV,0,0,2
MVF,0,0,1
WLY,0,0,7
EWK,0,0,1
DFP,0,0,8
FNC,0,0,1
NCA,0,0,1
EKF,0,0,4
KFV,0,0,1
IFE,0,0,1
CDG,0,0,1
SCD,0,0,3
CDR,0,0,2
WVW,0,0,1
NQS,0,0,1
NTT,0,0,1
DQH,0,0,1
CVI,0,0,1
VIR,0,0,2
AFI,0,0,1
KFQ,0,0,2
NAQ,0,0,2
YIG,0,0,1
QLP,0,0,3
CPE,0,0,1
VFK,0,0,1
NNP,0,0,2
KTF,0,0,3
HDE,0,0,3
WPE,0,0,4
PDH,0,0,1
QME,0,0,1
YDG,0,0,2
RHV,0,0,2
WPH,0,0,1
PHD,0,0,3
QTK,0,0,3
SMF,0,0,4
MFR,0,0,2
WPW,0,0,1
PWY,0,0,1
EPV,0,0,3
IQH,0,0,1
NEA,0,0,1
ENI,0,0,2
RYP,0,0,2
WKY,0,0,2
QHP,0,0,3
IAA,0,0,2
YRH,0,0,3
ITW,0,0,1
HPQ,0,0,5
EIL,0,0,3
IVP,0,0,2
KYR,0,0,1
VVL,0,0,1
QLW,0,0,1
QLI,0,0,1
FSF,0,0,1
PVK,0,0,2
TFW,0,0,1
EKI,0,0,2
MAY,0,0,1
VKI,0,0,2
LMP,0,0,2
MPR,0,0,3
VFR,0,0,2
VTH,0,0,1
VKF,0,0,1
KIA,0,0,2
VTP,0,0,6
MTF,0,0,1
MPA,0,0,2
NGH,0,0,1
HAQ,0,0,2
AKL,0,0,5
CGW,0,0,2
GWW,0,0,2
VLK,0,0,2
MIT,0,0,1
AWH,0,0,1
WHF,0,0,1
NGW,0,0,1
EME,0,0,2
KDL,0,0,4
DKH,0,0,1
KHQ,0,0,1
YLV,0,0,2
KRP,0,0,2
WNL,0,0,1
PIE,0,0,2
NQK,0,0,1
WWI,0,0,1
NPR,0,0,3
RVM,0,0,1
VMR,0,0,1
FNF,0,0,2
PGC,0,0,1
GFV,0,0,1
RKW,0,0,2
KAY,0,0,5
KDD,0,0,3
VKH,0,0,2
MGM,0,0,1
TIE,0,0,3
QPF,0,0,2
FWM,0,0,1
FKV,0,0,2
YYV,0,0,1
YVD,0,0,1
WWQ,0,0,1
NFE,0,0,1
FHQ,0,0,3
TRW,0,0,2
MNW,0,0,2
LMQ,0,0,1
MQN,0,0,2
TNF,0,0,3
IIR,0,0,3
ACE,0,0,1
VFT,0,0,1
EWY,0,0,3
IDD,0,0,2
LYH,0,0,1
VWR,0,0,3
WIW,0,0,1
KEE,0,0,5
YAQ,0,0,1
WWD,0,0,1
WKP,0,0,1
KPT,0,0,3
HKA,0,0,2
GCW,0,0,1
QSH,0,0,2
KPQ,0,0,2
RKI,0,0,5
KVQ,0,0,2
CEN,0,0,1
EIW,0,0,6
WMP,0,0,1
GWI,0,0,1
YFQ,0,0,2
IQI,0,0,2
FVF,0,0,1
NES,0,0,1
ITI,0,0,1
KHW,0,0,2
SMM,0,0,2
MMG,0,0,2
FWK,0,0,1
KWQ,0,0,2
VYW,0,0,2
HEA,0,0,1
QWL,0,0,1
FNL,0,0,1
WNF,0,0,1
NFP,0,0,1
YQF,0,0,1
NYQ,0,0,6
IKV,0,0,2
WQY,0,0,3
HSH,0,0,1
PWK,0,0,1
SRC,0,0,1
RCG,0,0,1
IFP,0,0,2
AMR,0,0,1
YAP,0,0,3
PRM,0,0,1
WQE,0,0,1
IDF,0,0,1
ELP,0,0,3
YIY,0,0,2
MYR,0,0,1
VQR,0,0,1
FYH,0,0,1
YHI,0,0,1
HTP,0,0,2
HED,0,0,2
EFL,0,0,1
EYL,0,0,1
VLC,0,0,1
LCP,0,0,1
CPN,0,0,1
NPQ,0,0,2
MPY,0,0,1
YYW,0,0,1
YWS,0,0,1
NPA,0,0,2
EDH,0,0,3
IVS,0,0,2
NLQ,0,0,1
VDD,0,0,2
WFQ,0,0,2
MES,0,0,2
GFW,0,0,2
HIG,0,0,1
DIC,0,0,1
ICE,0,0,1
GMQ,0,0,1
IRK,0,0,2
CKF,0,0,1
HWY,0,0,2
QWS,0,0,1
WYG,0,0,1
TYW,0,0,4
YVF,0,0,2
IYI,0,0,1
NAA,0,0,1
TMP,0,0,1
CTW,0,0,3
FYY,0,0,4
YHD,0,0,1
CVP,0,0,1
YEK,0,0,2
DFH,0,0,1
YDF,0,0,1
DWH,0,0,2
LKP,0,0,5
QYH,0,0,1
YHY,0,0,1
VEI,0,0,2
WRF,0,0,1
PYL,0,0,2
TEH,0,0,1
KVI,0,0,1
DHF,0,0,2
NNK,0,0,1
IMR,0,0,1
HQE,0,0,1
THP,0,0,1
VTF,0,0,2
CSH,0,0,2
TQI,0,0,2
LYD,0,0,2
QYP,0,0,2
TRF,0,0,3
WNP,0,0,4
DFM,0,0,1
IWR,0,0,1
ANC,0,0,1
NCD,0,0,1
CDY,0,0,1
GCK,0,0,1
ELM,0,0,1
MLR,0,0,2
KYD,0,0,1
KSL,0,0,3
FKK,0,0,2
LFH,0,0,1
ILW,0,0,1
IHY,0,0,1
EDM,0,0,4
LFC,0,0,1
YSI,0,0,2
VNK,0,0,1
HEI,0,0,1
KPP,0,0,1
MRS,0,0,3
MFG,0,0,1
WRM,0,0,1
WLE,0,0,2
FQH,0,0,1
EEH,0,0,1
ACH,0,0,3
CHW,0,0,1
WKK,0,0,1
PME,0,0,1
EVK,0,0,2
SCY,0,0,1
CYN,0,0,1
IIQ,0,0,2
FIF,0,0,1
HIA,0,0,3
QMA,0,0,1
DCQ,0,0,2
EFP,0,0,2
HYW,0,0,1
LII,0,0,2
RNC,0,0,1
NCS,0,0,1
IQP,0,0,3
EPI,0,0,5
WWA,0,0,1
VYK,0,0,1
IYW,0,0,1
FHK,0,0,1
HEH,0,0,1
CKI,0,0,1
KIW,0,0,1
HFG,0,0,1
EFI,0,0,1
HAH,0,0,1
YHA,0,0,1
YEA,0,0,1
NWQ,0,0,1
KEK,0,0,1
FFP,0,0,3
FAH,0,0,2
NAF,0,0,1
QND,0,0,1
YAA,0,0,1
YGF,0,0,2
KWV,0,0,1
CNN,0,0,1
EWF,0,0,1
FND,0,0,1
FPH,0,0,1
HHY,0,0,1
NEK,0,0,1
WWS,0,0,1
WPT,0,0,2
YWR,0,0,1
KFR,0,0,1
HPI,0,0,2
MQI,0,0,1
IMQ,0,0,1
WKA,0,0,2
CVT,0,0,1
HEN,0,0,1
KAF,0,0,2
KHE,0,0,1
GNL,0,0,4
VVP,0,0,1
IKP,0,0,1
KPR,0,0,1
EWR,0,0,1
YAV,0,0,1
YFT,0,0,1
HDQ,0,0,2
HTV,0,0,1
IWI,0,0,1
TEW,0,0,1
DHV,0,0,1
WIT,0,0,1
MQY,0,0,1
VNH,0,0,1
FVK,0,0,1
NVS,0,0,1
TDC,0,0,1
AIH,0,0,1
YYS,0,0,1
YVQ,0,0,1
IYQ,0,0,3
KFL,0,0,1
HKH,0,0,1
YRK,0,0,2
VYV,0,0,1
RRM,0,0,1
NEE,0,0,1
MPQ,0,0,1
VKK,0,0,2
KKT,0,0,2
CLW,0,0,1
KQI,0,0,1
SLC,0,0,2
LCG,0,0,1
FEK,0,0,1
FCF,0,0,1
LCT,0,0,1
WPF,0,0,1
ENK,0,0,3
HWQ,0,0,1
NPV,0,0,1
RMI,0,0,1
TYH,0,0,1
WQP,0,0,1
FYL,0,0,3
YHG,0,0,1
NPI,0,0,1
CLY,0,0,1
MDH,0,0,1
WLW,0,0,1
YFP,0,0,1
RDC,0,0,1
HDP,0,0,3
VCF,0,0,1
IVA,0,0,3
AQH,0,0,2
HWL,0,0,1
PIW,0,0,1
YTK,0,0,1
PEF,0,0,2
HAK,0,0,1
WQI,0,0,1
FFH,0,0,1
KHI,0,0,1
NQP,0,0,1
RYV,0,0,1
VEK,0,0,1
PIM,0,0,1
AKK,0,0,1
IKF,0,0,2
YLW,0,0,1
DYM,0,0,1
YMK,0,0,1
KLL,0,0,1
TNH,0,0,2
TLK,0,0,1
WFL,0,0,1
YQI,0,0,1
HKW,0,0,1
AMV,0,0,1
AMF,0,0,1
WIP,0,0,1
NAT,0,0,1
TMS,0,0,1
NDG,0,0,1
QHG,0,0,1
KLR,0,0,1
CHR,0,0,1
PWF,0,0,1
FNP,0,0,1
FIE,0,0,1
IID,0,0,2
HDK,0,0,2
HDA,0,0,2
YNF,0,0,1
KAW,0,0,1
MIN,0,0,1
TFV,0,0,1
TSV,0,0,1
PKH,0,0,1
YHK,0,0,1
CTV,0,0,1
LMI,0,0,1
YLI,0,0,2
GML,0,0,1
AVM,0,0,1
GHC,0,0,1
HCE,0,0,1
VPW,0,0,1
MEI,0,0,1
FIA,0,0,1
HSW,0,0,1
HSV,0,0,1
KQL,0,0,2
YWY,0,0,1
LML,0,0,1
CEA,0,0,1
LKM,0,0,1
MSD,0,0,2
DNM,0,0,1
NMS,0,0,1
QPW,0,0,1
PAF,0,0,1
DYV,0,0,1
VSK,0,0,1
HIH,0,0,1
IHF,0,0,1
PKA,0,0,2
MWA,0,0,1
FVV,0,0,1
IKH,0,0,1
WNK,0,0,1
WAH,0,0,1
CWS,0,0,1
HFA,0,0,1
MRM,0,0,1
TVK,0,0,2
YDI,0,0,1
INF,0,0,1
WHS,0,0,1
NFL,0,0,1
NVT,0,0,1
KTH,0,0,1
EYP,0,0,1
CRI,0,0,2
NAP,0,0,1
EMN,0,0,1
YVL,0,0,1
FYI,0,0,1
YIT,0,0,1
SCA,0,0,2
NDF,0,0,1
FVI,0,0,1
VTW,0,0,1
THK,0,0,1
MTP,0,0,1
NRH,0,0,1
HGM,0,0,1
TSK,0,0,1
RMQ,0,0,2
QQR,0,0,1
VAI,0,0,1
SCK,0,0,1
NHW,0,0,1
YEE,0,0,1
NQQ,0,0,1
SHM,0,0,1
HMD,0,0,1
MTS,0,0,1
DDM,0,0,1
HTK,0,0,1
LIH,0,0,1
CHF,0,0,1
TIP,0,0,1
CLP,0,0,1
NLA,0,0,1
YEL,0,0,1
MYN,0,0,1
MNG,0,0,1
GMF,0,0,1
MFT,0,0,1
MQS,0,0,1
LWM,0,0,1
WME,0,0,1
CDI,0,0,1
NIW,0,0,1
YFL,0,0,1
CPF,0,0,1
SCN,0,0,1
VRP,0,0,1
VWQ,0,0,1
RIK,0,0,1
DPM,0,0,1
IMI,0,0,1
KWE,0,0,1
EHK,0,0,1
YNW,0,0,1
IYP,0,0,1
QQV,0,0,1
CIL,0,0,1
PQF,0,0,1
IYK,0,0,1
LWI,0,0,1
HWS,0,0,1
TCC,0,0,1
ILK,0,0,1
RCI,0,0,1
CIE,0,0,1
RYK,0,0,1
IIK,0,0,1
MFH,0,0,1
YKF,0,0,1
FMD,0,0,1
ANH,0,0,1
NHI,0,0,1
HIE,0,0,1
