3-mer,TRAV13_kb_reactive_cdr3a,TRAV13_kb_selfTolerant_cdr3a,TRAV13_kb_preImmune_cdr3a
ADN,7,0,1
ELN,8,5,1
GYA,1,0,5
VYG,0,0,1
PDT,2,4,9
LVL,0,0,2
SAL,17,15,48
VSS,2,4,4
GTN,16,3,18
KNN,0,0,3
KGS,0,0,1
DLW,0,0,1
VPN,1,0,1
DTN,451,32,140
AFN,16,4,3
WQG,0,2,1
KPI,0,1,1
DDQ,0,0,1
GQK,2,9,14
YLP,0,0,1
DAY,0,0,2
LAI,0,0,1
EGS,1,4,14
THL,0,0,1
EVD,0,0,1
MPS,0,0,1
NNT,0,0,1
LPG,0,1,5
EQV,0,0,1
LDP,7,2,6
VEK,0,0,1
EYT,0,1,2
DKL,0,0,2
SLN,0,0,2
MRQ,0,0,1
DHG,0,0,2
TKK,0,0,1
LGG,3,7,8
QMN,0,0,1
SGG,96,24,104
TNT,422,24,96
CTG,0,0,1
DDY,0,1,1
APK,0,0,1
QRG,0,1,1
DHV,0,0,1
GFS,0,0,1
QTF,0,0,1
FSG,0,1,2
TSN,11,2,6
GMG,0,1,7
TEP,0,0,1
QQT,0,0,1
LAP,11,1,1
IVE,0,0,1
APH,0,1,6
ERQ,0,1,3
APL,3,1,5
KTH,0,0,1
ESV,0,0,1
NYA,59,41,100
PTN,0,4,7
IGS,2,2,8
IPD,0,0,1
RND,0,0,1
QQG,0,8,11
EGA,131,27,90
SNR,31,26,18
AMR,4,2,8
PYA,0,1,1
SGR,0,0,1
ERH,0,0,1
QGT,1,16,31
ERF,3,0,1
LRT,0,0,2
PMA,0,0,1
MEL,34,24,11
VLT,0,0,1
TGF,6,2,8
TAS,0,0,4
DSL,0,0,1
PNY,40,5,11
AMY,3,3,3
NGN,0,0,1
GAT,1,1,4
EAD,0,0,1
RMD,0,0,2
TTR,0,0,1
GNI,0,0,1
HKL,0,0,1
SAG,41,11,69
GRA,126,40,67
EPY,0,1,1
DMG,17,5,9
AIP,2,3,17
DAP,0,0,2
MVS,1,0,5
GRS,0,0,3
RPG,1,3,5
MTT,0,0,1
ITF,15,25,69
DYN,61,4,27
ESY,2,1,4
AVL,0,0,1
PHN,0,0,2
SIA,0,1,2
DRN,5,4,56
IGE,0,0,3
LDR,5,1,3
DHD,3,3,9
ANV,1,0,1
RYG,0,0,1
MAS,0,2,10
LGF,0,0,1
TGS,38,44,76
CAK,0,2,6
GSN,146,57,142
IHD,0,1,2
TLD,0,0,1
AFS,18,0,6
IGR,0,0,1
LLS,0,0,5
GNK,55,25,99
RLG,0,0,2
NTR,0,0,1
AYK,60,42,145
ESS,5,7,13
ISV,0,0,1
DLT,5,2,7
DQQ,0,1,4
PRN,4,0,2
ETD,0,3,1
MCY,0,0,1
MLS,1,0,10
GYN,2,15,44
RGS,34,17,48
GYQ,83,52,134
ASG,0,9,13
NRL,30,31,17
IDG,30,1,27
FDT,0,3,2
DIS,0,0,1
ATH,0,0,2
MRN,0,0,3
MMG,0,0,1
LEG,30,7,20
GDQ,0,0,1
ARN,1,0,9
RDN,7,7,14
PHQ,0,0,3
HSG,4,1,5
KGG,0,0,3
GTS,1,0,3
IIN,0,0,1
IGL,0,2,1
NKV,186,35,96
PLG,0,0,1
IEV,0,0,1
YGG,0,0,2
MDV,0,0,2
AKG,0,0,1
NTG,934,90,323
VWG,1,0,1
DRW,0,1,6
VID,0,1,1
SPN,0,0,1
GED,0,0,1
GGA,2,1,6
NAP,17,13,47
RLS,0,0,1
ENG,0,0,1
TGN,93,29,149
APD,3,6,5
DLP,0,0,2
IMS,2,0,5
IAL,0,0,3
DAM,0,0,2
SNN,226,51,77
LTN,0,1,4
TNS,19,7,14
SMS,0,0,5
PGL,0,0,1
YNY,0,1,3
AVS,2,0,2
LPP,0,0,1
LVM,0,1,3
ALQ,0,2,2
CGP,0,0,2
RNN,5,3,42
VYQ,1,0,1
IET,3,4,14
IDH,5,6,34
LKF,0,0,1
KQT,0,0,1
GRL,12,11,36
AND,0,0,1
LSI,0,0,1
GDS,0,5,6
QNA,0,0,1
ATR,0,0,1
CGT,0,0,1
DRH,0,0,4
LGD,0,3,5
GLD,0,0,1
KAS,0,0,1
IEQ,1,0,2
IAN,2,1,16
MGH,0,0,2
QNT,0,0,1
RMN,0,0,1
AYD,5,0,2
ATA,0,0,5
EQN,1,2,2
TDK,0,0,1
RDT,15,5,19
DSH,0,0,1
GGS,122,46,150
KTG,2,0,3
PGT,30,27,20
CAF,40,22,32
GAG,3,1,4
RGN,5,9,27
GYG,0,6,9
IAE,0,1,2
DGG,2,0,5
NYQ,44,60,55
DNY,21,16,23
IDY,44,8,28
DSD,0,1,1
MEE,0,6,1
GFA,6,3,13
LAD,4,0,2
NGG,0,0,2
THS,0,0,2
GVP,0,0,1
IEY,0,0,8
GYK,86,59,132
SFS,24,10,60
GIY,0,0,1
ALP,1,2,6
KGN,0,0,3
ALM,0,0,3
VYS,0,0,1
NEL,0,0,1
YTF,0,0,1
VPY,0,0,2
LVS,0,2,3
TYQ,10,19,43
DYT,0,0,1
CAG,0,3,6
GYL,0,0,1
SSN,28,5,53
GHD,0,0,1
HSA,0,1,2
LTE,0,3,4
DPQ,0,0,2
DDS,0,1,9
HGY,0,0,2
APF,0,0,1
DVN,0,2,6
ELD,28,3,2
EED,0,0,1
GKT,0,0,1
ITG,23,5,30
QEL,0,0,1
YTE,0,1,5
LIF,432,205,453
ELA,1,7,4
LDT,24,1,26
VLC,0,0,1
TEN,0,0,1
NRA,0,0,1
IDK,0,0,5
LNS,1,5,2
GRN,0,0,1
AYT,0,1,1
QLT,1,3,9
HTG,0,1,9
HES,0,0,1
MGR,2,0,1
TTN,0,0,2
CGA,0,0,2
MNY,9,6,11
EKN,0,0,1
LEE,2,0,2
QYQ,0,0,1
AMN,236,13,36
VDT,1,0,3
DPS,2,4,6
DTS,0,0,2
LES,6,6,8
EGG,12,7,28
KLV,26,19,75
LPQ,0,0,1
GDD,0,0,1
IES,2,2,11
NNC,0,0,1
RKN,0,0,2
HGN,0,0,1
YQT,0,0,1
IDW,0,0,2
ISL,0,0,2
AIG,23,15,82
KLP,2,0,1
LAN,0,3,3
IAG,0,0,8
AGD,0,0,3
QST,0,0,1
QKQ,0,0,1
EFD,0,0,1
FHS,0,0,1
ALI,131,40,66
KLI,185,82,248
DRS,20,6,22
ENA,14,0,1
EMN,0,0,2
RES,0,0,1
WNY,0,2,1
FIT,0,0,3
PIV,0,0,1
FSK,24,10,60
PDQ,0,1,1
RRN,0,3,5
NCK,0,0,1
LEK,0,0,1
NTK,0,0,1
MRG,2,0,1
RAL,127,40,67
MDD,0,2,2
GVT,1,0,1
MAQ,0,0,1
DSG,63,23,47
ITS,0,0,4
GPN,0,0,2
QDA,0,0,3
AST,0,0,6
MAL,0,0,2
ILA,0,0,1
DWD,0,0,1
CAV,6,3,13
YAP,0,0,1
LYA,0,0,1
PTF,17,8,20
IDD,18,12,16
NDT,0,0,1
EDY,0,0,10
AME,306,193,269
QTS,0,0,1
QLI,175,151,217
EQA,0,2,5
KMG,0,0,1
FNQ,0,0,1
EDT,3,3,12
SNM,9,13,11
FRA,0,0,1
AFH,0,1,2
DLG,0,0,9
EDS,57,2,7
SNA,72,19,85
RAS,1,2,6
NNA,671,39,119
ISA,0,0,2
CDN,0,0,1
VGY,0,0,1
MEV,0,1,2
DRA,1,0,6
DTE,114,4,17
KQD,1,0,1
PRF,17,13,47
IDR,114,24,229
PST,1,1,5
YRR,0,0,1
SRG,0,0,1
ASQ,0,0,1
AAN,2,3,7
DYS,0,6,2
APG,3,0,5
AID,1498,145,720
CAR,5,1,20
LYQ,11,1,1
LDE,0,0,1
GLN,0,1,1
EDQ,2,1,2
RTQ,0,0,2
LGR,11,11,37
CAS,54,15,58
PRL,0,0,1
RLQ,0,0,1
AFG,1,0,1
LGQ,0,0,1
GET,0,0,1
ILD,0,0,1
ERG,14,41,64
NDC,0,0,1
YEL,0,0,1
EVG,0,0,1
LNY,11,4,12
IDL,11,8,62
LNT,11,5,15
MEP,9,28,41
PLS,0,1,2
AHN,0,1,3
AYS,1,1,1
EHT,0,5,7
YYK,0,0,1
GMD,0,2,1
VVD,0,0,1
LVI,0,0,1
MSN,8,7,34
PKT,0,0,1
MNS,2,0,7
YDT,19,1,7
DHT,0,0,4
DSS,5,1,14
IDS,287,13,41
IIT,0,0,1
ANM,0,0,1
APY,0,1,3
RRA,0,0,1
LCF,0,0,1
GNM,1,4,11
NFY,82,52,129
IPN,2,0,5
IPG,0,0,1
LTC,0,0,1
ELT,2,4,6
WTG,2,0,4
GIN,0,0,1
LIW,52,70,78
LVG,1,0,3
VQG,1,1,1
IEH,0,0,5
IDF,0,3,2
LHD,0,1,1
QYN,0,0,1
QEA,0,0,1
SGQ,2,9,15
IKG,0,0,1
PGG,1,3,8
SVN,0,0,1
IAI,0,1,3
PRS,0,0,2
LLN,0,0,3
MTV,0,0,1
ESN,1,8,9
WGN,1,0,1
VSA,0,0,1
RGT,1,11,13
WQL,132,92,160
TGT,0,0,3
TSH,0,0,1
LGM,0,0,1
AAR,0,0,1
HQG,3,3,7
IVD,0,0,1
ERM,0,0,2
IFD,0,0,1
HNT,0,0,3
YDS,0,0,1
ALY,4,1,1
KRG,0,0,2
LRS,0,0,1
CVI,0,2,1
ANN,8,2,9
VNN,1,1,6
DFS,0,0,1
MQQ,0,1,2
IER,36,0,9
DQS,3,2,5
LEA,1,5,8
PML,0,0,2
DLV,0,0,2
IGG,8,0,21
PGY,0,1,14
IEE,14,0,3
YMD,0,0,1
KLK,0,0,1
IEM,0,0,3
DEE,0,0,1
LGT,14,2,8
AIN,71,9,22
LNN,22,1,11
KYD,1,0,1
AAS,0,2,7
DIN,4,0,1
SGY,2,14,30
DPE,2,2,8
FDG,0,0,1
MGG,2,5,9
ELV,0,0,2
AQT,1,0,3
AFT,5,4,3
ADT,0,5,10
SVG,0,0,1
SSV,0,1,1
HNN,3,1,6
AWN,0,0,1
LGS,1,2,7
RLT,164,56,107
TRS,0,0,1
SSK,0,0,1
PPL,0,0,1
VPG,23,0,2
RVL,0,0,1
KNY,0,0,2
KNS,0,0,1
DIA,3,0,1
ADK,0,0,2
ASY,0,0,6
EQE,2,0,1
AFY,0,4,3
DGT,1,1,9
IFG,0,0,1
EKA,0,0,1
TLA,0,0,2
NAG,680,33,107
VNS,0,0,6
RRP,0,0,1
LAR,0,0,1
LRR,0,0,1
DPN,225,8,20
PNS,6,2,12
IDM,0,5,4
ERR,0,8,6
DRY,3,2,7
GGP,0,0,1
EGQ,0,0,2
QKL,2,9,13
VAS,1,3,2
GIT,0,1,2
DHS,0,1,1
VSN,6,0,4
VGQ,1,3,9
QDY,0,0,3
INT,3,4,11
LHY,0,0,1
GSY,0,0,2
SDD,0,0,1
TID,0,0,1
MDG,1,4,3
IAV,0,0,1
LAY,0,1,1
AMI,2,0,2
FNT,9,4,9
ILN,0,0,4
MGA,4,0,2
RQQ,0,4,1
MIF,13,15,32
LGN,0,8,9
ISN,1,1,8
ADM,0,0,1
TGI,0,0,1
GNR,0,0,1
QVV,1,3,10
RHA,0,0,1
KYV,59,19,117
PYM,0,0,1
KKV,0,0,1
LQG,1,1,8
LAF,1,0,1
EKI,15,25,71
MDS,11,24,23
AQN,0,0,1
YNT,2,4,8
RRS,0,1,1
SRN,0,1,1
SDN,0,0,1
EHG,1,2,7
AAT,0,3,3
EQD,1,3,4
ETS,12,4,3
VGD,8,9,20
SYG,3,2,4
IPA,0,3,1
MDA,5,7,1
LEY,0,2,3
GGN,20,19,70
EPM,1,1,3
REN,0,0,1
LSS,10,8,10
NVV,0,0,1
ICN,0,0,1
GNS,0,5,6
IVL,0,0,2
SPG,0,0,1
MVD,1,0,1
RAY,0,0,1
VFY,0,0,2
LED,59,2,14
ARY,0,0,1
DPI,0,0,1
AFA,0,0,2
PGV,0,0,1
DRR,1,1,9
VVG,1,3,10
QGS,2,2,7
RGF,0,0,1
GSS,14,17,42
MKN,0,2,1
LAS,6,6,11
LLF,1,0,2
SAK,29,16,41
GLT,61,47,118
MPT,0,0,2
MTA,0,0,1
RTE,10,0,6
RMG,0,1,1
NSA,28,8,44
NNK,2,12,33
AVE,0,0,1
IPI,0,0,3
ARG,0,0,8
IIA,0,0,1
DGQ,0,0,1
ADR,133,25,91
PDA,0,1,1
STE,0,0,1
RGG,15,6,21
CAA,0,6,13
PNA,6,4,5
TGD,0,0,1
YTG,1,4,6
EGD,0,1,8
NAK,74,18,83
AIC,0,0,4
CET,0,0,1
KLA,1,0,1
ETG,3,6,20
ALV,4,7,20
CAW,0,1,3
LVP,1,0,1
ASA,8,6,17
PVW,1,0,1
ERV,0,1,2
EGL,0,0,2
VSG,1,1,4
FDD,0,0,1
AMT,0,0,15
ELY,0,0,2
LET,2,2,7
DRE,0,0,7
EHF,0,0,1
EDG,0,0,5
VGF,0,0,1
TDT,0,1,2
FNN,7,1,1
IRD,1,0,4
SKL,34,37,131
GGK,7,2,19
GVG,0,0,1
RFN,0,0,2
MED,10,5,9
HYN,2,0,3
DLF,0,0,2
QGN,0,0,3
VSF,0,0,1
SST,0,0,1
YNN,2,1,1
LTW,0,0,1
LVF,26,19,77
FTT,0,0,1
RST,0,4,1
DLM,0,0,2
LVT,1,0,6
RQT,0,0,1
ATG,2,11,32
SYQ,0,1,3
AIH,1,2,4
TLN,0,0,1
HDT,4,4,18
GHY,0,0,1
HNA,2,1,2
FYF,83,52,130
SYA,0,0,1
MGD,2,1,1
MIS,1,0,1
DDD,1,0,1
IFN,0,0,3
CVM,0,0,1
MVN,0,0,3
HTS,0,3,1
SNS,4,0,13
LWG,0,0,1
TGG,16,32,92
ILY,0,0,3
DRL,133,25,92
EQS,5,1,1
KAN,2,0,1
VYR,1,0,1
ATM,0,1,2
RDS,3,5,15
IAR,1,0,4
IAT,1,2,5
ETT,0,0,1
ASI,0,0,1
CYK,0,0,1
LWT,0,0,1
EES,0,0,1
GSW,132,93,161
MER,187,63,89
DML,0,0,1
CAN,1,8,23
AIQ,0,0,11
SSF,24,10,59
MGI,0,1,1
ERK,0,1,1
PAN,0,0,1
IYK,0,0,1
VVF,197,58,158
DIE,0,0,1
ALD,82,47,70
HYG,0,2,6
MLN,0,0,1
EGR,27,0,4
GNY,80,31,151
NTN,202,49,123
THN,0,0,1
EGY,1,5,9
GSA,40,27,85
FNK,6,2,45
TRK,0,0,1
EEA,0,0,1
SAN,1,0,2
ILG,0,0,1
LTF,1916,284,822
AKL,781,68,234
GTG,47,63,117
ETN,5,3,4
ARE,0,0,2
CTN,0,0,2
DSY,0,0,1
EDM,0,0,3
DAT,0,1,1
MGP,0,0,1
PSG,30,8,23
DGS,4,3,10
GRI,0,0,2
GAN,54,13,45
ESM,0,0,1
VIF,61,41,143
IPS,0,0,2
APS,11,7,22
YKL,111,46,82
ANS,8,7,16
PSS,19,6,21
GNT,61,21,79
MDT,2,0,5
EML,0,0,2
HGG,1,2,2
LTG,10,3,10
YSN,1,11,2
IVN,1,0,13
ALE,244,171,241
CAI,1782,233,1275
DNS,8,10,29
WTN,0,3,1
DYG,2,3,10
HNS,0,0,1
SWQ,132,94,161
QDD,1,0,1
VYA,0,0,1
PSA,0,0,1
IEA,0,2,13
IYQ,29,0,1
EGF,0,1,1
IDP,222,18,60
CAP,189,23,75
DNA,1,0,8
CVN,0,0,1
GYS,0,2,1
PIF,0,2,1
HNY,2,3,8
YNA,0,1,6
CAC,1,0,2
QVG,0,0,3
DGE,0,0,1
LNG,0,0,1
SSS,29,6,61
YAN,13,15,31
GLQ,0,0,1
DHN,4,1,7
IDT,513,10,55
RWN,0,0,1
GLS,6,5,20
VLY,70,25,104
LHN,0,0,2
KMI,13,15,32
LAT,4,1,8
EYD,11,0,1
IGI,0,0,1
VVV,0,0,1
EAT,1,0,2
APP,0,0,5
IFF,230,47,88
RWQ,0,1,1
RQS,0,0,1
GNV,0,0,1
ENT,0,1,12
MST,0,1,1
YNQ,81,27,85
EPI,0,0,1
RVN,0,0,3
AYA,0,0,2
RLP,0,0,1
ALL,0,0,4
DLS,1,1,10
MEI,2,0,1
DGH,0,0,1
DLN,10,7,17
ERE,0,3,6
QDN,0,0,1
VTG,3,1,12
DHI,0,0,1
GQQ,0,0,2
SQS,0,0,1
ARD,1,0,5
RDG,0,0,3
ARQ,0,0,1
DKV,0,0,1
EKS,0,0,1
MQG,0,2,3
PSF,0,0,1
MDN,12,1,9
EHD,3,1,10
IYS,0,0,2
TNR,0,0,1
GPG,0,1,4
IED,2,3,20
REG,0,2,8
INA,5,0,1
AIF,0,0,5
IPQ,0,0,1
DSA,6,1,8
ATL,1,0,3
MET,14,9,3
RTN,0,2,8
NKG,1,0,1
QDT,8,1,3
ECV,0,0,1
LMP,0,0,1
GNC,1,0,1
IEG,7,2,42
ITE,0,1,3
QGF,0,0,1
IDA,7,5,19
GEA,0,0,1
MDH,3,1,1
CTI,0,0,1
KGK,1,0,1
KST,0,0,1
QAE,0,0,1
RRY,0,0,1
QGK,81,26,87
APN,168,5,10
AHS,0,0,1
CDI,1,0,1
DET,0,0,1
EGN,6,3,14
EPT,0,5,7
MEH,1,9,19
YKV,73,65,211
IDE,0,0,5
HNM,0,0,2
GKL,924,92,327
SYD,0,0,1
QGY,0,3,1
LFY,0,0,1
NQG,84,35,100
MSD,0,0,1
QSP,0,0,1
FNY,7,0,1
RWE,0,0,1
CKY,0,0,1
PHG,0,0,1
MAT,1,2,5
DGN,26,2,6
PYG,1,1,2
LVW,0,0,1
RKG,0,1,1
QGV,1,0,1
VST,0,0,3
GAD,133,25,90
ERY,0,2,2
CAL,474,273,429
YYG,1,0,6
DRG,10,9,52
GNE,15,25,72
LNM,0,0,1
ILT,0,1,1
QFI,0,0,1
EHN,0,3,8
DEA,0,0,1
RHS,0,0,3
DHQ,2,1,4
LTL,8,12,21
MIN,0,0,1
AMV,15,4,14
RWT,0,3,3
PEG,2,2,14
DKT,0,0,2
STG,50,10,15
RGD,0,1,3
CNM,0,0,2
AQV,0,2,1
AMP,4,1,8
EPL,0,1,5
LRG,0,0,1
DYA,14,14,33
AYY,0,0,1
AIA,23,14,95
IGT,1,3,20
YNV,70,26,109
KGD,0,0,1
DRM,0,1,3
EPG,5,26,26
NSN,6,23,30
ANA,0,0,5
RMS,0,0,2
HDS,2,3,9
ITD,5,0,1
AFD,0,4,5
IQS,0,0,2
LSN,0,10,17
NYN,88,44,137
QTG,3,2,12
AKQ,1,0,1
CPN,0,0,1
YGN,13,20,59
KPT,16,8,20
SNT,321,24,80
RKM,0,0,1
IVA,0,1,1
QAG,1,1,2
EAQ,0,0,2
QNI,0,0,1
LDM,0,2,1
IVW,0,0,1
AAL,0,0,1
GDY,0,0,4
LIT,1,0,1
EPD,0,1,2
AHD,0,0,2
DAS,2,10,10
NMG,56,22,44
RAG,1,2,8
LPV,1,0,1
AMG,19,20,38
MAA,0,1,2
RKL,0,0,1
MDR,3,2,7
FMD,0,0,1
NML,0,0,1
ELW,0,0,1
RNA,3,0,4
AEQ,0,0,1
GLP,0,0,1
KGY,0,1,2
ALS,60,10,14
QAS,0,2,2
PLP,0,0,1
DRT,4,1,21
DKG,0,0,1
LAA,1,2,1
AVQ,0,0,1
NNN,437,31,108
PPA,0,0,1
IEL,0,1,1
PFN,0,0,1
MAV,0,0,1
YQN,82,53,132
QRF,10,19,40
FSN,6,0,6
DLY,6,5,2
KLT,1696,185,609
ISM,0,0,1
DNN,228,15,33
QGL,60,47,117
IAD,2,1,1
HYA,0,0,3
PMN,2,0,1
GGT,4,1,12
AMM,2,1,1
APQ,0,1,1
YVF,60,19,113
AFI,0,0,3
AVY,0,1,1
MTS,0,0,1
CVY,1,0,1
YSG,0,6,11
LYG,2,2,4
KSG,0,0,1
EPN,7,11,14
VMS,0,0,2
DPG,5,8,14
FRN,0,0,1
HFV,0,0,1
HTN,0,1,4
CSN,0,0,1
HMS,0,0,1
IYN,1,1,2
AMK,0,4,2
NIY,0,0,1
TSP,0,0,1
ESD,0,0,1
QDS,2,4,2
RQG,57,0,4
ATN,8,5,13
DAQ,0,0,2
ENQ,0,0,2
DYQ,0,1,5
DGA,0,1,3
DVS,0,0,1
GND,0,0,1
DVD,0,0,2
RAT,0,3,1
TPH,0,0,1
KIT,15,25,70
ART,0,1,1
STF,0,0,1
KPM,0,0,1
GAE,0,1,1
AMS,1,8,22
DIT,0,0,1
VGA,0,0,1
MRS,0,2,1
KVI,60,40,144
WDS,0,0,1
ATT,0,2,3
DQN,0,1,4
QTN,0,0,2
EGM,0,0,2
FQG,3,0,1
AMQ,0,2,4
RIF,230,47,89
LDL,13,9,6
APA,0,1,4
AIL,1,2,15
IQG,0,0,8
GDN,10,11,23
LWD,0,0,1
QAN,0,0,2
IHT,0,0,2
PPG,0,3,1
ANT,59,24,71
PYD,0,0,1
MAG,0,4,5
DTG,32,9,44
DLL,0,0,2
WGG,0,0,1
MEM,0,0,1
WQF,0,0,1
APE,0,0,1
SLG,0,0,1
HQT,0,0,1
TTG,0,4,3
LSG,7,6,49
DLI,0,0,2
IMD,0,0,1
ISR,0,0,1
PTS,5,1,3
LGA,0,2,4
APT,5,0,4
NVF,0,0,1
EGE,0,0,1
MEK,0,0,3
MVT,2,2,2
PTE,0,0,2
QYT,0,0,2
MPN,0,0,2
GGL,2,3,19
ADS,0,2,1
TNY,0,0,4
NKQ,0,0,2
RLH,11,11,34
LAG,0,1,1
NTE,0,5,16
LRN,0,0,1
ILS,1,0,3
SYN,0,0,7
LFS,0,0,1
SDV,0,0,1
PQG,0,3,3
CYN,0,0,1
SQG,0,0,2
QQQ,0,0,2
ERD,25,15,21
DED,0,0,1
TAY,0,0,1
QSS,2,0,6
NKM,13,15,32
YNK,2,14,30
DAN,11,5,9
MSS,0,1,3
ITN,1,1,3
VIL,0,0,1
CAT,5,11,54
MDL,4,5,2
HIA,0,0,1
LDN,4,2,4
YVG,0,0,1
PDS,0,5,1
LHF,11,11,34
DQG,28,20,25
RGR,0,0,1
NSG,13,13,55
DTL,0,0,2
SHS,0,0,1
HAG,0,0,1
AIE,81,28,165
SVS,0,1,2
TAN,0,0,1
PIT,0,0,1
DMN,0,3,2
LTS,4,2,2
PHT,0,0,3
MAN,8,1,12
CAY,3,3,12
RDA,2,0,2
MRT,0,0,1
NDS,0,0,1
LDA,1,3,3
VIT,7,1,1
ISD,0,0,2
PVN,0,0,1
VDY,0,1,1
FDS,0,0,2
RAN,0,0,6
RHT,0,0,1
TML,0,0,2
DPY,2,3,3
MLT,0,0,1
ELL,0,0,2
PDY,2,2,1
IGA,8,1,6
PLM,0,0,1
VMN,0,1,2
GTY,10,19,43
DWN,0,0,1
MAR,0,0,3
PSY,0,0,1
NYK,116,37,154
PLT,0,2,3
MNN,174,6,12
YQS,0,0,1
AVN,1,0,4
LPS,1,1,4
AGN,42,16,79
DRV,0,1,3
INS,0,0,1
DYV,0,0,1
ALT,12,5,16
IRP,0,0,2
TRN,0,0,1
AFQ,0,0,1
VYT,0,0,1
CVF,0,0,2
QSN,2,1,2
ESG,5,0,5
ERN,41,19,17
SDY,0,1,1
QTY,0,0,1
ALW,0,0,1
GQS,0,0,1
FGS,0,0,2
MEN,2,9,15
LVY,1,0,2
PRG,0,0,1
NVG,7,6,11
LNA,1,0,1
DRK,0,0,3
DGY,0,0,3
DSW,0,0,1
GPM,0,0,1
RDY,6,1,10
AVA,0,0,1
TVN,1,0,1
RDR,0,0,2
ARV,0,0,1
MSG,0,0,1
YAS,0,0,1
CNT,0,1,1
IYD,0,0,1
ERS,204,19,15
PLA,0,0,2
AGY,2,1,6
NEK,15,25,71
DQM,0,0,1
CAE,0,0,2
TRD,0,0,1
ELQ,0,0,1
TGA,50,10,29
MEG,16,11,29
AGP,0,0,1
EPE,0,0,2
ICY,0,0,1
LEF,0,1,3
ERP,1,11,1
AVG,0,0,1
CAM,690,333,534
IYT,0,0,3
FDY,0,0,2
ETQ,1,0,1
EFN,0,1,2
MTR,0,0,1
FVG,0,0,1
EPS,28,9,26
GQL,2,3,9
AGG,1,5,17
KVV,199,58,161
RGM,0,0,3
VNA,0,0,1
VNR,0,0,1
NVL,71,25,105
DCA,0,0,1
MTG,0,0,3
MEA,7,5,8
AIT,20,5,30
DQD,26,3,7
IAS,20,9,49
NTD,0,0,1
EAS,6,5,7
IDI,7,0,4
ILR,0,0,1
KQV,0,0,1
TNA,56,40,136
SAQ,0,0,1
DAG,3,1,5
ACN,0,0,2
YEC,0,0,1
AMD,76,69,67
MGN,0,3,10
IEP,0,4,7
HVT,0,0,1
YTN,0,1,4
AIM,0,0,6
LDH,2,0,2
DSM,0,2,1
VGT,1,0,4
SNY,110,97,148
FTN,0,0,1
DRP,9,0,6
YAK,1,0,1
HGT,0,0,1
IVT,2,0,2
NNY,23,10,46
ATD,0,0,2
TEG,125,18,65
VPS,2,0,3
PNT,181,14,23
PGA,1,1,5
GGR,125,40,67
TFN,0,0,1
REQ,0,0,1
LYN,0,0,3
ASP,0,0,1
PYS,0,0,1
PGN,2,5,10
TSS,4,7,18
EHQ,0,0,1
GAK,679,34,115
MSP,0,0,1
LYF,67,25,101
IGF,0,0,2
CDM,0,0,1
DHY,1,0,8
RSG,8,4,18
DNT,10,4,24
DQT,0,0,6
NNV,1,0,1
GSR,1,0,1
PSN,5,9,17
AYQ,1,2,2
MYN,1,0,1
GTE,2,1,7
AMA,18,13,43
PMS,2,0,2
LMD,0,1,2
MVL,0,0,1
MVM,0,0,1
DNM,1,0,4
RYN,0,1,6
CGI,0,0,1
QNF,82,53,130
GEG,3,4,2
MSY,0,0,1
AIR,1,0,15
EHS,3,2,2
DYY,1,0,5
TGK,836,61,212
GSG,10,11,34
SDT,0,4,4
AYN,1,2,6
MRP,0,0,1
VWY,0,0,1
DKR,0,0,2
GRG,29,0,1
EST,0,1,3
DQY,0,1,1
RGA,0,1,5
IRT,0,0,2
IVP,25,0,3
RLI,0,1,1
YQL,44,60,58
EDA,0,0,4
ETE,0,0,1
WNQ,0,0,1
EVS,0,0,1
PYT,0,1,1
TNK,186,35,96
IAQ,0,0,1
AWT,0,0,2
ALA,27,9,19
MYT,0,0,2
MPG,0,0,4
PPT,2,0,1
TFS,0,0,2
AQG,61,47,123
AKS,0,1,1
IFL,1,0,1
CGG,0,0,3
SAS,2,1,1
CAD,0,2,8
VNT,0,3,14
RET,0,1,4
YDF,1,0,1
SGT,10,21,52
NSK,8,8,22
NYG,11,11,34
DTP,0,0,1
MEY,11,1,2
GYE,0,0,1
DRD,12,4,33
MTN,0,0,7
VLS,1,2,5
MAH,0,0,1
SFN,13,2,45
AAD,0,0,1
WTS,0,0,1
ASM,0,0,4
RGQ,0,2,2
QLV,0,0,1
LAM,0,0,2
SMN,0,0,2
IGY,0,0,3
PIN,0,0,3
AIS,1,4,36
IVS,1,3,4
LER,85,73,66
FSS,14,0,3
LGY,0,3,7
LVN,0,3,1
ENY,5,11,9
ISG,0,0,9
IQD,0,0,1
EYN,0,1,4
DPD,1,4,5
HTE,0,1,3
FYA,0,0,1
DRQ,57,0,2
MAD,1,5,2
AMC,0,0,1
ERT,8,1,8
DGD,0,0,2
VGG,0,0,5
ATE,1,3,1
GDT,0,1,16
MVP,0,0,1
SYT,0,0,2
ASN,18,11,27
LMS,1,0,3
RRM,0,0,1
CAQ,0,0,4
PNN,160,1,6
GMQ,0,0,1
EQG,2,12,21
ETY,0,0,1
APR,21,13,52
DQA,0,0,2
NRG,0,0,1
GQE,0,0,1
DDL,1,0,1
EIG,1,0,1
ELS,4,9,9
NNR,223,52,87
EMD,0,0,1
RNY,0,2,16
IRG,0,0,3
IIS,0,0,1
GGG,9,3,10
LSF,10,19,47
LPR,0,0,1
VGS,0,0,2
RGY,0,5,18
LDS,41,29,12
RTS,2,1,3
WEE,0,0,1
MNT,55,2,11
RVG,0,2,1
EDN,9,3,2
AML,2,0,5
INY,5,1,3
RSS,6,6,6
FHD,0,0,1
EAN,0,4,8
GYD,0,0,1
DVG,0,1,2
RNM,36,3,5
LNQ,0,3,2
AEN,0,0,3
RNS,5,11,24
VTN,1,0,1
RPS,9,2,2
MNQ,0,3,6
TLS,0,0,1
ARA,0,0,1
LQQ,0,0,1
LDD,0,0,3
FTE,0,0,1
PLN,0,1,1
EEE,0,0,1
NNM,4,1,1
MDQ,4,6,2
PPV,0,0,1
QRW,0,0,1
AKN,0,0,2
GGM,0,0,3
GHK,0,0,1
NAY,61,43,145
IAP,0,0,4
IRN,0,0,3
TGR,1,0,1
IDN,213,16,70
YQG,42,6,17
ASD,0,4,3
IRS,0,0,1
KLS,2,19,48
EYS,0,1,5
AGA,683,34,116
AKA,0,0,2
HNQ,0,0,1
MES,5,9,15
EPA,0,1,3
RTG,0,0,16
VDR,0,0,1
CVD,0,0,1
FYQ,0,0,3
GST,0,0,1
HSN,0,2,4
LDG,2,2,2
LEL,11,22,25
WNS,0,0,1
MGS,1,6,7
ERL,3,2,3
VNV,0,0,2
API,0,0,2
AGL,0,0,1
LIS,1,0,2
DPA,0,1,5
ICS,0,0,1
AHM,0,0,1
LEN,6,5,10
MDY,18,8,11
EQY,0,0,3
DLA,0,0,4
VET,0,0,1
VDN,0,0,1
RSA,7,0,2
DSN,331,69,57
IGP,0,1,2
LEM,0,1,1
EQR,0,1,1
QNS,1,1,4
TDS,0,2,2
DPH,1,0,2
LSY,0,2,1
SSA,0,1,2
VMG,0,0,1
IAA,1,0,5
MDP,14,12,8
GYY,0,1,1
PAS,0,6,11
EEG,2,4,5
AVT,1,0,1
YVC,0,0,1
DEG,0,0,1
AIV,30,5,38
VNY,1,0,1
AFM,0,0,1
NVP,0,0,2
LQT,0,1,1
RNT,4,7,7
DDT,9,3,13
QNN,0,1,1
IEN,8,10,24
SNQ,0,0,1
EAG,1,3,13
EDD,0,0,1
PAG,0,0,1
ALG,27,25,65
ALH,0,0,4
YKP,15,8,21
IVY,0,0,2
EHE,1,0,1
IDV,1,2,8
PPS,2,0,2
PAY,0,0,1
ANY,5,4,31
RGL,0,0,1
RNQ,0,0,1
WYG,0,0,1
AYG,0,0,1
APM,2,1,3
CYG,0,0,1
DYD,3,0,1
TGY,78,40,96
ISS,1,2,14
EHY,0,2,2
NCA,0,0,1
YAQ,61,45,117
KYT,0,0,1
CAH,0,2,6
VDP,0,0,1
KLL,0,0,2
YKY,60,19,119
NRI,231,48,88
GSF,6,2,44
AGS,1,1,4
QVF,0,0,1
VDS,0,2,2
YGS,9,8,20
AGT,0,3,4
MEQ,8,12,20
SGK,3,3,16
VNM,0,0,3
GTF,0,0,1
STN,0,1,9
ESQ,0,0,1
GQG,7,2,6
GSK,2,20,48
DRF,0,1,1
IEK,2,0,3
DDN,9,8,1
IGN,1,2,5
ALR,0,2,5
LEH,7,9,15
TNN,1,0,6
ENS,1,6,13
FYN,0,2,1
QSF,0,0,1
AFR,0,1,2
RPN,0,1,1
GAS,7,4,11
SPS,0,0,2
QGA,1,1,1
GTQ,0,1,5
PYF,0,0,2
HGS,0,0,4
SRA,1,0,1
PLD,3,0,3
VSW,0,1,1
PMD,0,0,1
TSG,12,6,13
NKL,64,53,202
QGG,142,47,89
MLQ,0,0,1
GNN,9,17,51
IPL,0,0,3
ERA,1,9,11
PVG,1,0,1
ENN,10,10,12
TYF,0,0,1
YQR,10,19,41
ASR,0,1,2
NYE,0,0,1
MGT,2,0,4
AEG,0,2,1
DLD,5,4,4
PGS,0,1,9
ISQ,0,0,1
RVV,0,0,1
DNV,6,3,7
CLN,0,0,1
ICT,0,0,2
ENM,0,0,4
ANG,0,0,1
PQQ,0,0,2
AVD,1,2,2
DES,0,0,1
ELG,3,19,10
NIC,0,0,1
AAG,0,0,1
ANK,13,15,33
LEP,32,25,41
AII,0,1,4
NNS,0,0,1
GNA,1,1,9
RRG,1,2,7
DQV,0,0,3
IGQ,7,0,3
GKP,0,1,1
YNS,0,0,1
ALN,27,6,13
DLQ,1,1,4
QSV,0,0,1
DPV,1,0,1
DST,0,0,3
ATS,1,4,16
SHD,0,0,1
ASS,78,40,123
EGT,10,3,12
AIK,0,0,1
LEQ,2,12,17
LGV,0,0,1
DPP,2,0,1
PIA,0,0,2
EQT,0,1,2
WDT,0,0,1
RPE,0,0,3
LDY,8,6,13
INN,69,3,13
MKG,0,0,1
PTG,2,5,9
AIY,31,1,9
IVG,0,1,9
RYQ,0,0,1
RYA,2,0,3
IGD,0,2,7
VGN,0,1,3
ATF,0,0,3
LTH,0,0,1
IDQ,27,16,51
TQV,1,1,8
FAS,6,4,13
GRD,0,0,2
GGY,16,25,73
MGY,73,37,64
DFD,0,0,1
FAN,0,0,2
MDM,0,2,1
SSG,108,83,159
SGS,136,89,195
RSY,1,1,2
PMF,0,0,1
EKG,0,0,5
RDM,0,1,1
EYG,0,0,1
SAD,0,0,1
DPT,0,2,7
SGN,15,13,36
RSN,203,13,17
KAG,0,0,1
VKW,0,1,0
DTT,0,2,0
PNQ,2,0,0
SGA,1,0,0
GKF,1,0,0
RFS,3,1,0
SGE,0,2,0
SRS,0,1,0
GHR,0,1,0
AKP,1,0,0
ASE,1,0,0
CVL,1,6,0
TDN,5,0,0
GWN,0,2,0
DMD,0,1,0
EPP,0,3,0
QDQ,0,1,0
CGV,1,0,0
LGP,0,4,0
NTV,2,0,0
AWQ,0,1,0
MNG,0,1,0
MMA,0,1,0
VNQ,0,1,0
GPS,0,2,0
LTI,1,0,0
DMS,0,1,0
LVD,0,1,0
MYG,2,0,0
PSI,0,1,0
NGS,0,2,0
TME,0,1,0
EHM,0,2,0
MSF,0,1,0
AGR,1,0,0
YPN,1,0,0
PMQ,0,1,0
PWT,2,0,0
MVI,9,0,0
INM,4,0,0
MKH,0,1,0
RLY,2,0,0
MDE,0,1,0
HET,1,0,0
VSR,0,1,0
QNY,0,1,0
EIN,4,0,0
AEL,0,1,0
GAM,2,0,0
YYN,0,1,0
FDA,0,1,0
GMN,3,0,0
LFA,0,1,0
PHD,0,1,0
LIN,0,1,0
AHT,0,1,0
MIA,1,0,0
FNA,0,3,0
GAR,1,0,0
RGE,2,2,0
PGM,3,1,0
SMD,0,2,0
IEI,3,0,0
AVM,1,0,0
LRY,0,1,0
KMS,0,1,0
ILF,0,1,0
YIV,1,1,0
IMG,0,1,0
NAE,0,1,0
DDR,0,1,0
LRQ,0,1,0
NYR,1,0,0
QLS,0,1,0
PNR,9,0,0
MPP,2,0,0
LPY,0,1,0
INV,0,1,0
CVR,2,0,0
VTT,0,1,0
RIL,0,1,0
RCN,0,1,0
AAA,0,1,0
GIF,1,0,0
MGL,4,0,0
LGH,0,1,0
IEW,3,0,0
DVT,1,0,0
TLI,0,1,0
MPQ,2,0,0
SKM,0,1,0
NSE,0,1,0
CVS,0,1,0
RSI,0,1,0
RNR,0,1,0
VFF,2,0,0
RAQ,0,2,0
IGW,0,2,0
QPI,0,1,0
NRP,1,0,0
VMF,1,0,0
DPW,2,0,0
VYN,1,0,0
CLD,6,0,0
VRN,2,0,0
NGI,1,0,0
RHN,3,0,0
EHA,0,1,0
DTK,2,0,0
LST,49,3,0
CFQ,1,0,0
DDA,1,0,0
RLD,0,2,0
AVI,1,0,0
RRQ,0,2,0
MAI,1,0,0
VTS,4,0,0
IST,0,1,0
HMG,0,4,0
EDR,0,1,0
RPQ,0,2,0
KSS,0,1,0
FPD,0,2,0
AKD,0,1,0
TVV,1,0,0
TLT,1,0,0
LKA,2,0,0
EKD,2,0,0
MRD,1,0,0
GVR,1,0,0
GDM,0,1,0
AAY,0,1,0
IHM,0,1,0
VPH,1,0,0
YYA,0,3,0
CTM,0,1,0
MEC,0,1,0
IVQ,1,0,0
ALK,2,0,0
YQI,1,0,0
ERW,0,3,0
DID,1,0,0
FHQ,0,1,0
EEP,0,2,0
FRG,0,1,0
ERI,7,0,0
CVP,1,0,0
CPM,1,0,0
RLN,1,0,0
FYS,0,2,0
EIT,1,0,0
LYL,2,0,0
SNK,1,0,0
KKS,0,1,0
MVA,1,2,0
YQA,1,0,0
EVQ,0,1,0
CIN,2,0,0
LPF,1,0,0
CYA,0,1,0
LPL,1,0,0
AYI,1,1,0
AMW,1,0,0
VTF,0,2,0
GLG,0,1,0
MPY,0,1,0
MFQ,2,0,0
PHS,1,0,0
DHM,0,1,0
FPN,0,2,0
LYS,0,2,0
GEN,0,3,0
QLP,1,0,0
DNQ,1,0,0
LEI,1,0,0
PGE,0,3,0
MMS,2,0,0
FSA,1,0,0
ARL,1,0,0
PVS,3,0,0
TET,1,0,0
GKH,1,0,0
TTD,0,1,0
ILP,0,1,0
RDQ,7,1,0
DMA,0,1,0
TYN,1,0,0
YNL,1,0,0
KVT,0,2,0
DFN,0,3,0
AMF,2,0,0
CVK,0,1,0
MGQ,1,0,0
RPT,1,3,0
NNG,1,0,0
FGT,1,0,0
EQQ,0,2,0
QIL,1,0,0
APV,3,0,0
MRV,1,0,0
QSG,4,2,0
RRD,0,1,0
ELI,0,1,0
LAQ,1,2,0
KHS,0,1,0
GAL,1,0,0
RYS,0,2,0
WQP,0,1,0
VMD,1,0,0
KSN,0,1,0
DLH,0,2,0
VLA,0,1,0
ERC,2,1,0
MVY,1,0,0
MKK,0,1,0
LIL,1,0,0
WDY,3,0,0
NLT,2,0,0
FTG,5,4,0
TER,1,1,0
SEG,1,0,0
TMN,0,1,0
NCS,1,0,0
ARS,1,0,0
CDV,0,1,0
TPN,1,0,0
YRY,1,0,0
SRL,0,1,0
EWS,0,1,0
MWS,1,0,0
QLL,1,0,0
SEL,0,1,0
LNV,0,2,0
QEG,2,0,0
LGL,1,2,0
PNM,1,1,0
LHQ,0,1,0
RFY,1,0,0
YRG,1,0,0
EMA,0,1,0
MNI,1,0,0
IVM,1,0,0
RYV,1,0,0
ECY,0,1,0
MGE,1,0,0
IID,0,1,0
GNG,0,1,0
LQA,0,1,0
SAT,0,1,0
TDR,0,1,0
IHQ,1,0,0
HRG,0,1,0
RIN,6,0,0
IYP,1,0,0
VLD,0,2,0
GEL,1,0,0
KLN,1,0,0
EWD,3,0,0
NYS,0,1,0
TKT,2,0,0
ELM,0,1,0
PHY,1,0,0
QYG,0,1,0
VRA,1,0,0
KDS,2,0,0
NRF,1,0,0
GGV,1,0,0
LYT,0,1,0
KNT,0,2,0
LTV,3,0,0
RGK,0,1,0
WSG,0,1,0
SIM,0,1,0
VVS,1,0,0
MGM,0,2,0
INR,2,0,0
TGE,1,0,0
DTY,1,0,0
PQT,2,0,0
VYD,0,1,0
IVI,0,1,0
GTL,0,1,0
ADQ,0,1,0
GGD,0,1,0
YAL,1,0,0
PYN,0,3,0
GPL,0,2,0
LDQ,17,1,0
LNF,1,0,0
MEW,0,1,0
RYT,1,2,0
LAL,1,0,0
ACF,1,0,0
WSN,1,0,0
RVF,2,0,0
NRV,2,0,0
NSR,0,1,0
GVS,1,0,0
FTF,1,0,0
ANQ,0,1,0
RAV,1,0,0
VLE,0,1,0
CTP,1,0,0
DEN,0,1,0
LIG,2,0,0
PYQ,1,2,0
RIG,1,0,0
WDR,0,1,0
VIM,2,0,0
KDT,0,1,0
ILM,1,0,0
MAP,2,0,0
RVS,1,0,0
EGP,0,1,0
HAT,0,1,0
RCI,2,0,0
MYY,0,3,0
ALF,0,1,0
NIN,1,0,0
VNL,1,0,0
KFT,1,0,0
GPY,0,1,0
AFP,0,4,0
PMG,0,1,0
MAY,5,1,0
KWD,0,1,0
QDM,17,0,0
ARH,3,0,0
VDD,1,0,0
EEN,14,0,0
KHI,1,0,0
