sample,clonotype,coherence,mean_tcrbeta,mean_total_dextramer,mean_log_tcrbeta,mean_log_total_dextramer,n_cells
D7A,AV12D-2-CALSDRGNMGYKLTF-AJ9/AV8D-2-CATDTGGLSGKLTF-AJ2_BV13-1-CASSPGQYAEQFF-BJ2-1,0.1783777141387135,11.25,9.0,0.9733315710450331,0.7141630789704392,12
D7A,AV12D-3-CALNNYAQGLTF-AJ26_BV1-CTCSADKVNNQAPLF-BJ1-5/BV10-WASSEQIRQNYAEQFF-BJ2-1,0.10765361467022014,14.4,19.0,1.0618578821310514,0.9369403538970188,5
D7A,AV14-2-CAASASSGSWQLIF-AJ22/AV13N-3-CASSGSWQLIF-AJ22_BV31-CAWSLAGSGNTLYF-BJ1-3,0.1795076866609952,16.900990099009903,12.96039603960396,1.114456576336819,0.8470557207398339,101
D7A,AV14-2-CAASASSGSWQLIF-AJ22/AV14D-1-CAASSAGNTGKLIF-AJ37_BV31-CAWSARGSGNTLYF-BJ1-3,0.14856572116194613,49.35294117647059,9.941176470588236,1.4385979876359904,0.743880561278025,17
D7A,AV14-2-CAASGAGYQNFYF-AJ49/AV12D-2-CALSEGGSGGKLTL-AJ44_BV16-CASSATGGFEQYF-BJ2-7,0.45199288754392924,48.833333333333336,27.166666666666668,1.473281446669984,1.2910496401219342,6
D7A,AV14-2-CAASYNVLYF-AJ21/AV1-CAVRDLDMATGGNNKLTF-AJ56_BV13-2-CASGQSSYEQYF-BJ2-7,0.15915327779520047,9.333333333333334,14.333333333333334,0.9274269859597603,0.8368297174650422,6
D7A,AV15-1/DV6-1-CALWEPPHNNNAPRF-AJ43/AV16-CAMREANYGNEKITF-AJ48_BV16-CASSLRTGVYEQYF-BJ2-7,0.14090285063717725,17.866666666666667,12.466666666666667,1.0701074058275142,0.8244063322223344,15
D7A,AV15-2/DV6-2-CALSELGGNYKYVF-AJ40/AV16N-CAMRDSNTGYQNFYF-AJ49_BV13-2-CASGTGGENTLYF-BJ2-4,0.48533725331706634,19.840425531914892,19.43617021276596,1.1056471479612684,1.1396967752992806,94
D7A,AV16-CAMREANTGYQNFYF-AJ49/AV21/DV12-CILRVATGANTGKLTF-AJ52_BV13-2-CASGEGARNTLYF-BJ2-4,0.5446695539990729,16.166666666666668,30.666666666666668,0.9097175653530029,1.2386732632223116,6
D7A,AV8D-2-CATDGQGGRALIF-AJ15/AV9D-3-CAVSMGTGGYKVVF-AJ12_BV3-CASSPQGHSDYTF-BJ1-2,0.184135198849308,28.23076923076923,34.0,1.1683549437407954,0.9617814314912115,13
D7A,AV8D-2-CATDSGYNKLTF-AJ11_BV14-CANPGQGANERLFF-BJ1-4/BV31-CAWSPTGGADTQYF-BJ2-5,0.6280083553369883,12.725,30.0,0.9779806473014357,1.228136189671265,40
D7A,AV8D-2-CATETSGGNYKPTF-AJ6_BV19-CASPISNERLFF-BJ1-4/BV3-CASSLLDREYEQYF-BJ2-7,0.4255769637227039,15.32,14.88,0.969443699542375,1.0048682464721717,25
D7B,AV12-3-CALSNSGTYQRF-AJ13/AV10-CAASIDSNYQLIW-AJ33_BV19-CASSPSGTTNTEVFF-BJ1-1,0.1890579190051086,12.586206896551724,6.655172413793103,0.9536034601847129,0.5656502593428067,29
D7B,AV13-2-CAIDPNTNKVVF-AJ34/AV6-3-CAMIPYTGNYKYVF-AJ40_BV31-CAWSRLGVQNTLYF-BJ2-4,0.194347642558808,23.333333333333332,22.733333333333334,1.2400731192641252,1.0253506527357552,15
D7B,AV13-2-CAMNNNAGAKLTF-AJ39/AV9-2-CVLSVTEGADRLTF-AJ45_BV14-CASSSRYEQYF-BJ2-7,0.40038869921115666,13.431372549019608,33.6078431372549,0.988370163264382,1.1825702126673594,51
D7B,AV13D-4-CAMDNNAGAKLTF-AJ39/AV12-3-CALSDSGSFNKLTF-AJ4_BV14-CASSLRGQQYF-BJ2-7,0.2582381180794646,18.733333333333334,18.333333333333332,1.1766137831589196,0.8869142489583085,15
D7B,AV14-2-CAASASSGSWQLIF-AJ22/AV15-2/DV6-2-CALSERSSGSWQLIF-AJ22_BV31-CAWSLAGSGNTLYF-BJ1-3,0.33427756698984623,11.2,5.2,0.9935283128166024,0.6577392521180512,5
D7B,AV14-2-CAASASSGSWQLIF-AJ22/AV6D-7-CALVLNTNTGKLTF-AJ27_BV31-CAWSLAGSGNTLYF-BJ1-3,0.1297670457789114,34.666666666666664,8.555555555555555,1.2209606447567332,0.7760892637633228,9
D7B,AV14D-1-CAARNTEGADRLTF-AJ45/AV15D-1/DV6D-1-CALWELEGRIRATDKLVF-DJ1_BV29-CASSWGNYAEQFF-BJ2-1,0.030898618827870726,5.833333333333333,4.666666666666667,0.8028283396262167,0.5481160434317093,6
D7B,AV15-1/DV6-1-CALWELNNYAQGLTF-AJ26/AV6N-6-CARASSGSWQLIF-AJ22_BV13-1-CASSDAGAEVFF-BJ1-1,0.2618739555823388,8.857142857142858,23.857142857142858,0.8950817802490169,0.9683370945314625,7
D7B,AV15-2/DV6-2-CALSEPPSNTNKVVF-AJ34/AV16N-CAMRDTNAYKVIF-AJ30_BV13-2-CASGGQNQAPLF-BJ1-5,0.29092469551365774,85.83333333333333,23.666666666666668,1.4369843523507644,1.168778088982722,6
D7B,AV15D-2/DV6D-2-CALSELRDRGSALGRLHF-AJ18/AV13D-1-CAMGASSGSWQLIF-AJ22_BV4-CASSPTGKVFF-BJ1-1,0.19569460581988793,52.0,16.875,1.4728031941952708,0.8781432355406515,8
D7B,AV16-CAMREDQGGRALIF-AJ15_BV16-CASSLVGAQDTQYF-BJ2-5/BV5-CASTQGASGNNQAPLF-BJ1-5,0.22529030741063583,27.8,63.2,1.21336950219478,1.1734416260286857,5
D7B,AV16-CAMREGYGNEKITF-AJ48/AV13-2-CAIDTEGADRLTF-AJ45_BV30-CSSREGQNTLYF-BJ2-4,0.4127141326043647,31.5,33.0,1.1657278293033486,1.072047636579004,48
D7B,AV3D-3-CAASNSAGNKLTF-AJ17/AV12-2-CALSDRDSAGNKLTF-AJ17_BV13-3-CASSDRLNTGQLYF-BJ2-2,0.27439470404968774,19.11111111111111,12.444444444444445,1.2231568212739568,1.0046314633864695,9
D7B,AV6-5-CALSDRGSNAKLTF-AJ42/AV13D-4-CAMELDSNYQLIW-AJ33_BV17-CASSRGYNSPLYF-BJ1-6,0.2965878065826521,14.529411764705882,13.529411764705882,1.1060459959766595,0.9214257078361454,17
D7B,AV6-5-CASSGSWQLIF-AJ22/AV3D-3-CAVSGSGSWQLIF-AJ22_BV13-3-CASSDRTGGFSYEQYF-BJ2-7,0.2583289264254312,18.666666666666668,6.166666666666667,1.1365146803318829,0.6560856237464822,6
D7B,AV6-6-CALGSNYQLIW-AJ33/AV12-1-CALSETGNTGKLIF-AJ37_BV13-2-CASGDAGTNTEVFF-BJ1-1,0.5732863160705942,30.181818181818183,22.181818181818183,1.280372344672971,1.1543893476377551,11
D7B,AV7-1-CAVSITGANTGKLTF-AJ52/AV13-2-CAFTGFASALTF-AJ35_BV1-CTCSAGGNYAEQFF-BJ2-1,0.2040672745449652,27.272727272727273,15.0,1.2299348296482908,0.8592732806307608,11
D7B,AV7-2-CAANSNTNKVVF-AJ34/AV13N-4-CAMVITGNTGKLIF-AJ37_BV13-2-CASGDWQGDSPLYF-BJ1-6,0.35288890111489013,27.70212765957447,42.829787234042556,1.1723762700064027,1.1423727527651413,47
D7B,AV8-2-CATDAGGNEKITF-AJ48/AV19-CAAGGSGGKLTL-AJ44_BV13-1-CASSDLTGAPNERLFF-BJ1-4,0.3562761179106002,24.88235294117647,16.529411764705884,1.1898185628751212,0.951241795119523,17
D7B,AV8N-2-CATENTEGADRLTF-AJ45/AV9-4-CAVSAAGTGSNRLTF-AJ28_BV1-CTCSADWGVWAETLYF-BJ2-3,0.35435816951794946,11.76923076923077,20.307692307692307,0.9596381452017186,1.0411554683723439,13
D7C,AV1-CAVRPNNNNAPRF-AJ43/AV16/DV11-CAMREGGGYKVVF-AJ12_BV13-2-CASGARTYNYAEQFF-BJ2-1,0.45314262129793004,60.714285714285715,25.357142857142858,1.223363576961974,1.1983827033282062,28
D7C,AV10N-CAASMDTGGLSGKLTF-AJ2/AV7D-6-CAGNYSNNRLTL-AJ7_BV16-CASSLNWGANYAEQFF-BJ2-1,0.3862799600838669,20.923076923076923,15.0,1.2565828651986597,1.0099852771543214,13
D7C,AV12D-2-CALSGNSGTGSNRLTF-AJ28/AV3-3-CAVSMDNNAPRF-AJ43_BV1-CTCSAVGGDTQYF-BJ2-5,0.5822015803269407,18.6,29.4,1.1973271208294638,1.3430198140683713,5
D7C,AV12D-3-CALSDRSGSFNKLTF-AJ4/AV8D-2-CATDGQGGRALIF-AJ15_BV29-CASSLGTSGNTLYF-BJ1-3,0.5076905528695296,57.6,25.0,1.5511407328390932,1.3534974279603087,5
D7C,AV13-2-CAIDNNAGAKLTF-AJ39/AV12D-2-CALDYANKMIF-AJ47_BV14-CASSFRAEQFF-BJ2-1,0.2720574705973434,15.615384615384615,14.615384615384615,1.1503123512188695,1.0994503849548045,13
D7C,AV13-2-CAIDPNYNVLYF-AJ21_BV16-CASSAGSAEQFF-BJ2-1/BV13-3-CASSDWGNYAEQFF-BJ2-1,0.27288432559517445,11.8,6.0,0.9846239241069286,0.6544611688804173,5
D7C,AV13-2-CAIDSNTNKVVF-AJ34/AV9-2-CVLSARSGGSNAKLTF-AJ42_BV1-CTCSSQNTLYF-BJ2-4,0.26963588480450573,39.6,337.2,1.4393170260927939,1.1899755408073749,5
D7C,AV13N-1-CAMDYNQGKLIF-AJ23/AV8N-2-CATESQGGRALIF-AJ15_BV3-CASSDRAGQDTQYF-BJ2-5,0.24665092693907165,10.818181818181818,8.909090909090908,0.9036470787952472,0.8742425349284787,11
D7C,AV14-2-CAANYGSSGNKLIF-AJ32/AV6-6-CALGNYNQGKLIF-AJ23_BV1-CTCSAVRVQNTLYF-BJ2-4,0.23159289933162422,18.2,8.4,1.1170357257007033,0.6678505268065399,5
D7C,AV16/DV11-CAMREVDTNAYKVIF-AJ30/AV7-5-CAVSIGGGDNSKLIW-AJ38_BV13-1-CASSDGLNSDYTF-BJ1-2,0.3126198829089291,9.6,14.8,0.9642240647553647,1.1295938916725945,5
D7C,AV3D-3-CAVSDYNVLYF-AJ21/AV9D-3-CAVSMLSGSFNKLTF-AJ4_BV3-CASSQYLRDNQDTQYF-BJ2-5,0.24826930855617116,32.014084507042256,17.197183098591548,1.2712093871168426,0.8690906540732628,71
D7C,AV5D-4-CAASENSNYQLIW-AJ33/AV13-1-CALEHDSGSWQLIF-AJ22_BV4-CASSQNTLYF-BJ2-4,0.259026175385782,121.85714285714286,7.714285714285714,1.5977859825216403,0.6899776988830972,7
D7C,AV6-6-CALGEEEWATGGNNKLTF-AJ56/AV16-CAMGTGSGGKLTL-AJ44_BV1-CTCSTRGANERLFF-BJ1-4,0.19693302619978148,17.70967741935484,15.35483870967742,1.002891867566839,0.7755360949264636,62
D7C,AV6-6-CALGPSSSFSKLVF-AJ50/AV12-3-CALSDDTNKVVF-AJ34_BV13-2-CASGDKISYNSPLYF-BJ1-6,0.2570117750533819,107.45454545454545,24.818181818181817,1.2322031057620395,0.8669942071352296,11
D7C,AV7-2-CAALTGNTGKLIF-AJ37/AV11-CVVGRRYGSSGNKLIF-AJ32_BV19-CASSTDRGLNSPLYF-BJ1-6,0.15490659913650914,7.5,8.75,0.8988726566182462,0.6537690597637795,8
D7C,AV7-4-CAASERGASSSFSKLVF-AJ50/AV10-CAASIASSSFSKLVF-AJ50_BV1-CTCSATNNQAPLF-BJ1-5,0.24197690261353455,54.8,21.25,1.334889598558226,0.8092750778082995,20
D7C,AV7-5-CAVRPGTGSNRLTF-AJ28/AV9D-1-CAVSATGGYKVVF-AJ12_BV14-CASRYRGEQYF-BJ2-7,0.34469267020211647,18.833333333333332,21.916666666666668,1.116269721840381,0.993040375468688,24
