,pair_id,dual_clonotype,n_cells_dual,av_subgroup,bv_subgroup,av_cdr3,bv_cdr3,bv_mismatch,single_clonotypes,n_single_clonotypes,n_cells_singles
0,D7ABC_across_0001,AV14-2-CAASASSGSWQLIF-AJ22/AV13N-3-CASSGSWQLIF-AJ22_BV31-CAWSLAGSGNTLYF-BJ1-3,101,AV14,BV31,CAASASSGSWQLIF,CAWSLAGSGNTLYF,False,AV14-2-CAASASSGSWQLIF-AJ22_BV31-CAWSLAGSGNTLYF-BJ1-3,1,117
1,D7ABC_across_0002,AV3D-3-CAVSDYNVLYF-AJ21/AV9D-3-CAVSMLSGSFNKLTF-AJ4_BV3-CASSQYLRDNQDTQYF-BJ2-5,71,AV3,BV3,CAVSDYNVLYF,CASSQYLRDNQDTQYF,False,AV3D-3-CAVSDYNVLYF-AJ21_BV3-CASSQYLRDNQDTQYF-BJ2-5,1,1
2,D7ABC_across_0003,AV12-3-CALSNSGTYQRF-AJ13/AV10-CAASIDSNYQLIW-AJ33_BV19-CASSPSGTTNTEVFF-BJ1-1,29,AV10,BV19,CAASIDSNYQLIW,CASSPSGTTNTEVFF,False,AV10-CAASIDSNYQLIW-AJ33_BV19-CASSPSGTTNTEVFF-BJ1-1,1,1
3,D7ABC_across_0004,AV8-2-CATDAGGNEKITF-AJ48/AV19-CAAGGSGGKLTL-AJ44_BV13-1-CASSDLTGAPNERLFF-BJ1-4,17,AV8,BV13,CATDAGGNEKITF,CASSDLTGAPNERLFF,False,AV8-2-CATDAGGNEKITF-AJ48_BV13-1-CASSDLTGAPNERLFF-BJ1-4,1,1
4,D7ABC_across_0005,AV12D-2-CALSDRGNMGYKLTF-AJ9/AV8D-2-CATDTGGLSGKLTF-AJ2_BV13-1-CASSPGQYAEQFF-BJ2-1,12,AV8,BV13,CATDTGGLSGKLTF,CASSPGQYAEQFF,False,AV8D-2-CATDTGGLSGKLTF-AJ2_BV13-1-CASSPGQYAEQFF-BJ2-1,1,45
5,D7ABC_across_0006,AV14-2-CAASASSGSWQLIF-AJ22/AV6D-7-CALVLNTNTGKLTF-AJ27_BV31-CAWSLAGSGNTLYF-BJ1-3,9,AV14,BV31,CAASASSGSWQLIF,CAWSLAGSGNTLYF,False,AV14-2-CAASASSGSWQLIF-AJ22_BV31-CAWSLAGSGNTLYF-BJ1-3,1,23
6,D7ABC_across_0007,AV14-2-CAASASSGSWQLIF-AJ22/AV15-2/DV6-2-CALSERSSGSWQLIF-AJ22_BV31-CAWSLAGSGNTLYF-BJ1-3,5,AV14,BV31,CAASASSGSWQLIF,CAWSLAGSGNTLYF,False,AV14-2-CAASASSGSWQLIF-AJ22_BV31-CAWSLAGSGNTLYF-BJ1-3,1,23
7,D7ABC_across_0008,AV16-CAMREDQGGRALIF-AJ15_BV16-CASSLVGAQDTQYF-BJ2-5/BV5-CASTQGASGNNQAPLF-BJ1-5,5,AV16,BV16,CAMREDQGGRALIF,CASSLVGAQDTQYF,False,AV16N-CAMREDQGGRALIF-AJ15_BV16-CASSLVGAQDTQYF-BJ2-5,1,19
8,D7ABC_across_0009,AV16-CAMREGNSNNRIFF-AJ31/AV21/DV12-CILRVEGGSAKLIF-AJ57_BV13-1-CASRDINTEVFF-BJ1-1,4,AV16,BV13,CAMREGNSNNRIFF,CASRDINTEVFF,False,AV16N-CAMREGNSNNRIFF-AJ31_BV13-1-CASRDINTEVFF-BJ1-1,1,23
