percentile,thresh_syfpeithi,n_cells,pct_cells_retained,n_clonotypes_baseline_ge5,n_clonotypes_filtered_retained,n_common_clonotypes_retained,median_cosine_dist,median_l1_dist,mean_entropy_change,mean_coherence_change
1.0,8.0,922,100.0,86,86,86,0.0,0.0,0.0,0.0
0.995,4.0,920,99.78308026030369,86,86,86,0.0,0.0,-0.0011947435806978213,-0.00012639639993762715
0.99,3.0,916,99.34924078091106,86,86,86,0.0,0.0,-0.004437997760313895,-0.00031304092405127305
0.985,2.1399999999998727,915,99.24078091106291,86,86,86,0.0,0.0,-0.006938486474384393,0.0011716717595925267
0.98,2.0,915,99.24078091106291,86,86,86,0.0,0.0,-0.006938486474384393,0.0011716717595925267
0.975,2.0,915,99.24078091106291,86,86,86,0.0,0.0,-0.006938486474384393,0.0011716717595925267
0.97,2.0,915,99.24078091106291,86,86,86,0.0,0.0,-0.006938486474384393,0.0011716717595925267
0.965,1.0,902,97.83080260303687,86,85,85,0.0,0.0,-0.012850874508042976,0.0034015895413392998
0.96,1.0,902,97.83080260303687,86,85,85,0.0,0.0,-0.012850874508042976,0.0034015895413392998
0.955,1.0,902,97.83080260303687,86,85,85,0.0,0.0,-0.012850874508042976,0.0034015895413392998
0.95,1.0,902,97.83080260303687,86,85,85,0.0,0.0,-0.012850874508042976,0.0034015895413392998
0.945,1.0,902,97.83080260303687,86,85,85,0.0,0.0,-0.012850874508042976,0.0034015895413392998
0.94,1.0,902,97.83080260303687,86,85,85,0.0,0.0,-0.012850874508042976,0.0034015895413392998
0.935,1.0,902,97.83080260303687,86,85,85,0.0,0.0,-0.012850874508042976,0.0034015895413392998
0.9299999999999999,0.31999999999970896,866,93.92624728850325,86,83,83,0.0,0.0,-0.02728942088096535,0.004532475595803686
0.925,0.0,866,93.92624728850325,86,83,83,0.0,0.0,-0.02728942088096535,0.004532475595803686
0.92,0.0,866,93.92624728850325,86,83,83,0.0,0.0,-0.02728942088096535,0.004532475595803686
0.915,0.0,866,93.92624728850325,86,83,83,0.0,0.0,-0.02728942088096535,0.004532475595803686
0.91,0.0,866,93.92624728850325,86,83,83,0.0,0.0,-0.02728942088096535,0.004532475595803686
0.905,0.0,866,93.92624728850325,86,83,83,0.0,0.0,-0.02728942088096535,0.004532475595803686
0.9,0.0,866,93.92624728850325,86,83,83,0.0,0.0,-0.02728942088096535,0.004532475595803686
0.895,0.0,866,93.92624728850325,86,83,83,0.0,0.0,-0.02728942088096535,0.004532475595803686
0.89,0.0,866,93.92624728850325,86,83,83,0.0,0.0,-0.02728942088096535,0.004532475595803686
0.885,0.0,866,93.92624728850325,86,83,83,0.0,0.0,-0.02728942088096535,0.004532475595803686
0.88,0.0,866,93.92624728850325,86,83,83,0.0,0.0,-0.02728942088096535,0.004532475595803686
0.875,0.0,866,93.92624728850325,86,83,83,0.0,0.0,-0.02728942088096535,0.004532475595803686
0.87,0.0,866,93.92624728850325,86,83,83,0.0,0.0,-0.02728942088096535,0.004532475595803686
0.865,0.0,866,93.92624728850325,86,83,83,0.0,0.0,-0.02728942088096535,0.004532475595803686
0.86,0.0,866,93.92624728850325,86,83,83,0.0,0.0,-0.02728942088096535,0.004532475595803686
0.855,0.0,866,93.92624728850325,86,83,83,0.0,0.0,-0.02728942088096535,0.004532475595803686
0.85,0.0,866,93.92624728850325,86,83,83,0.0,0.0,-0.02728942088096535,0.004532475595803686
0.845,0.0,866,93.92624728850325,86,83,83,0.0,0.0,-0.02728942088096535,0.004532475595803686
0.84,0.0,866,93.92624728850325,86,83,83,0.0,0.0,-0.02728942088096535,0.004532475595803686
0.835,0.0,866,93.92624728850325,86,83,83,0.0,0.0,-0.02728942088096535,0.004532475595803686
0.83,0.0,866,93.92624728850325,86,83,83,0.0,0.0,-0.02728942088096535,0.004532475595803686
0.825,0.0,866,93.92624728850325,86,83,83,0.0,0.0,-0.02728942088096535,0.004532475595803686
0.8200000000000001,0.0,866,93.92624728850325,86,83,83,0.0,0.0,-0.02728942088096535,0.004532475595803686
0.815,0.0,866,93.92624728850325,86,83,83,0.0,0.0,-0.02728942088096535,0.004532475595803686
0.81,0.0,866,93.92624728850325,86,83,83,0.0,0.0,-0.02728942088096535,0.004532475595803686
0.8049999999999999,0.0,866,93.92624728850325,86,83,83,0.0,0.0,-0.02728942088096535,0.004532475595803686
0.8,0.0,866,93.92624728850325,86,83,83,0.0,0.0,-0.02728942088096535,0.004532475595803686
0.7949999999999999,0.0,866,93.92624728850325,86,83,83,0.0,0.0,-0.02728942088096535,0.004532475595803686
0.79,0.0,866,93.92624728850325,86,83,83,0.0,0.0,-0.02728942088096535,0.004532475595803686
0.785,0.0,866,93.92624728850325,86,83,83,0.0,0.0,-0.02728942088096535,0.004532475595803686
0.78,0.0,866,93.92624728850325,86,83,83,0.0,0.0,-0.02728942088096535,0.004532475595803686
0.775,0.0,866,93.92624728850325,86,83,83,0.0,0.0,-0.02728942088096535,0.004532475595803686
0.77,0.0,866,93.92624728850325,86,83,83,0.0,0.0,-0.02728942088096535,0.004532475595803686
0.765,0.0,866,93.92624728850325,86,83,83,0.0,0.0,-0.02728942088096535,0.004532475595803686
0.76,0.0,866,93.92624728850325,86,83,83,0.0,0.0,-0.02728942088096535,0.004532475595803686
0.755,0.0,866,93.92624728850325,86,83,83,0.0,0.0,-0.02728942088096535,0.004532475595803686
0.75,0.0,866,93.92624728850325,86,83,83,0.0,0.0,-0.02728942088096535,0.004532475595803686
0.745,0.0,866,93.92624728850325,86,83,83,0.0,0.0,-0.02728942088096535,0.004532475595803686
0.74,0.0,866,93.92624728850325,86,83,83,0.0,0.0,-0.02728942088096535,0.004532475595803686
0.735,0.0,866,93.92624728850325,86,83,83,0.0,0.0,-0.02728942088096535,0.004532475595803686
0.73,0.0,866,93.92624728850325,86,83,83,0.0,0.0,-0.02728942088096535,0.004532475595803686
0.725,0.0,866,93.92624728850325,86,83,83,0.0,0.0,-0.02728942088096535,0.004532475595803686
0.72,0.0,866,93.92624728850325,86,83,83,0.0,0.0,-0.02728942088096535,0.004532475595803686
0.715,0.0,866,93.92624728850325,86,83,83,0.0,0.0,-0.02728942088096535,0.004532475595803686
0.71,0.0,866,93.92624728850325,86,83,83,0.0,0.0,-0.02728942088096535,0.004532475595803686
0.7050000000000001,0.0,866,93.92624728850325,86,83,83,0.0,0.0,-0.02728942088096535,0.004532475595803686
0.7,0.0,866,93.92624728850325,86,83,83,0.0,0.0,-0.02728942088096535,0.004532475595803686
0.6950000000000001,0.0,866,93.92624728850325,86,83,83,0.0,0.0,-0.02728942088096535,0.004532475595803686
0.69,0.0,866,93.92624728850325,86,83,83,0.0,0.0,-0.02728942088096535,0.004532475595803686
0.685,0.0,866,93.92624728850325,86,83,83,0.0,0.0,-0.02728942088096535,0.004532475595803686
0.6799999999999999,0.0,866,93.92624728850325,86,83,83,0.0,0.0,-0.02728942088096535,0.004532475595803686
0.675,0.0,866,93.92624728850325,86,83,83,0.0,0.0,-0.02728942088096535,0.004532475595803686
0.6699999999999999,0.0,866,93.92624728850325,86,83,83,0.0,0.0,-0.02728942088096535,0.004532475595803686
0.665,0.0,866,93.92624728850325,86,83,83,0.0,0.0,-0.02728942088096535,0.004532475595803686
0.6599999999999999,0.0,866,93.92624728850325,86,83,83,0.0,0.0,-0.02728942088096535,0.004532475595803686
0.655,0.0,866,93.92624728850325,86,83,83,0.0,0.0,-0.02728942088096535,0.004532475595803686
0.6499999999999999,0.0,866,93.92624728850325,86,83,83,0.0,0.0,-0.02728942088096535,0.004532475595803686
0.645,0.0,866,93.92624728850325,86,83,83,0.0,0.0,-0.02728942088096535,0.004532475595803686
0.64,0.0,866,93.92624728850325,86,83,83,0.0,0.0,-0.02728942088096535,0.004532475595803686
0.635,0.0,866,93.92624728850325,86,83,83,0.0,0.0,-0.02728942088096535,0.004532475595803686
0.63,0.0,866,93.92624728850325,86,83,83,0.0,0.0,-0.02728942088096535,0.004532475595803686
0.625,0.0,866,93.92624728850325,86,83,83,0.0,0.0,-0.02728942088096535,0.004532475595803686
0.62,0.0,866,93.92624728850325,86,83,83,0.0,0.0,-0.02728942088096535,0.004532475595803686
0.615,0.0,866,93.92624728850325,86,83,83,0.0,0.0,-0.02728942088096535,0.004532475595803686
0.61,0.0,866,93.92624728850325,86,83,83,0.0,0.0,-0.02728942088096535,0.004532475595803686
0.605,0.0,866,93.92624728850325,86,83,83,0.0,0.0,-0.02728942088096535,0.004532475595803686
0.6,0.0,866,93.92624728850325,86,83,83,0.0,0.0,-0.02728942088096535,0.004532475595803686
0.595,0.0,866,93.92624728850325,86,83,83,0.0,0.0,-0.02728942088096535,0.004532475595803686
0.59,0.0,866,93.92624728850325,86,83,83,0.0,0.0,-0.02728942088096535,0.004532475595803686
0.585,0.0,866,93.92624728850325,86,83,83,0.0,0.0,-0.02728942088096535,0.004532475595803686
0.5800000000000001,0.0,866,93.92624728850325,86,83,83,0.0,0.0,-0.02728942088096535,0.004532475595803686
0.575,0.0,866,93.92624728850325,86,83,83,0.0,0.0,-0.02728942088096535,0.004532475595803686
0.5700000000000001,0.0,866,93.92624728850325,86,83,83,0.0,0.0,-0.02728942088096535,0.004532475595803686
0.565,0.0,866,93.92624728850325,86,83,83,0.0,0.0,-0.02728942088096535,0.004532475595803686
0.56,0.0,866,93.92624728850325,86,83,83,0.0,0.0,-0.02728942088096535,0.004532475595803686
0.5549999999999999,0.0,866,93.92624728850325,86,83,83,0.0,0.0,-0.02728942088096535,0.004532475595803686
0.55,0.0,866,93.92624728850325,86,83,83,0.0,0.0,-0.02728942088096535,0.004532475595803686
0.5449999999999999,0.0,866,93.92624728850325,86,83,83,0.0,0.0,-0.02728942088096535,0.004532475595803686
0.54,0.0,866,93.92624728850325,86,83,83,0.0,0.0,-0.02728942088096535,0.004532475595803686
0.5349999999999999,0.0,866,93.92624728850325,86,83,83,0.0,0.0,-0.02728942088096535,0.004532475595803686
0.53,0.0,866,93.92624728850325,86,83,83,0.0,0.0,-0.02728942088096535,0.004532475595803686
0.5249999999999999,0.0,866,93.92624728850325,86,83,83,0.0,0.0,-0.02728942088096535,0.004532475595803686
0.52,0.0,866,93.92624728850325,86,83,83,0.0,0.0,-0.02728942088096535,0.004532475595803686
0.515,0.0,866,93.92624728850325,86,83,83,0.0,0.0,-0.02728942088096535,0.004532475595803686
0.51,0.0,866,93.92624728850325,86,83,83,0.0,0.0,-0.02728942088096535,0.004532475595803686
0.505,0.0,866,93.92624728850325,86,83,83,0.0,0.0,-0.02728942088096535,0.004532475595803686
0.5,0.0,866,93.92624728850325,86,83,83,0.0,0.0,-0.02728942088096535,0.004532475595803686
0.495,0.0,866,93.92624728850325,86,83,83,0.0,0.0,-0.02728942088096535,0.004532475595803686
0.49,0.0,866,93.92624728850325,86,83,83,0.0,0.0,-0.02728942088096535,0.004532475595803686
0.485,0.0,866,93.92624728850325,86,83,83,0.0,0.0,-0.02728942088096535,0.004532475595803686
0.48,0.0,866,93.92624728850325,86,83,83,0.0,0.0,-0.02728942088096535,0.004532475595803686
0.475,0.0,866,93.92624728850325,86,83,83,0.0,0.0,-0.02728942088096535,0.004532475595803686
0.47,0.0,866,93.92624728850325,86,83,83,0.0,0.0,-0.02728942088096535,0.004532475595803686
0.46499999999999997,0.0,866,93.92624728850325,86,83,83,0.0,0.0,-0.02728942088096535,0.004532475595803686
0.45999999999999996,0.0,866,93.92624728850325,86,83,83,0.0,0.0,-0.02728942088096535,0.004532475595803686
0.45499999999999996,0.0,866,93.92624728850325,86,83,83,0.0,0.0,-0.02728942088096535,0.004532475595803686
0.44999999999999996,0.0,866,93.92624728850325,86,83,83,0.0,0.0,-0.02728942088096535,0.004532475595803686
0.44499999999999995,0.0,866,93.92624728850325,86,83,83,0.0,0.0,-0.02728942088096535,0.004532475595803686
0.43999999999999995,0.0,866,93.92624728850325,86,83,83,0.0,0.0,-0.02728942088096535,0.004532475595803686
0.43499999999999994,0.0,866,93.92624728850325,86,83,83,0.0,0.0,-0.02728942088096535,0.004532475595803686
0.42999999999999994,0.0,866,93.92624728850325,86,83,83,0.0,0.0,-0.02728942088096535,0.004532475595803686
0.42499999999999993,0.0,866,93.92624728850325,86,83,83,0.0,0.0,-0.02728942088096535,0.004532475595803686
0.42000000000000004,0.0,866,93.92624728850325,86,83,83,0.0,0.0,-0.02728942088096535,0.004532475595803686
0.41500000000000004,0.0,866,93.92624728850325,86,83,83,0.0,0.0,-0.02728942088096535,0.004532475595803686
0.41000000000000003,0.0,866,93.92624728850325,86,83,83,0.0,0.0,-0.02728942088096535,0.004532475595803686
0.405,0.0,866,93.92624728850325,86,83,83,0.0,0.0,-0.02728942088096535,0.004532475595803686
0.4,0.0,866,93.92624728850325,86,83,83,0.0,0.0,-0.02728942088096535,0.004532475595803686
0.395,0.0,866,93.92624728850325,86,83,83,0.0,0.0,-0.02728942088096535,0.004532475595803686
0.39,0.0,866,93.92624728850325,86,83,83,0.0,0.0,-0.02728942088096535,0.004532475595803686
0.385,0.0,866,93.92624728850325,86,83,83,0.0,0.0,-0.02728942088096535,0.004532475595803686
0.38,0.0,866,93.92624728850325,86,83,83,0.0,0.0,-0.02728942088096535,0.004532475595803686
0.375,0.0,866,93.92624728850325,86,83,83,0.0,0.0,-0.02728942088096535,0.004532475595803686
0.37,0.0,866,93.92624728850325,86,83,83,0.0,0.0,-0.02728942088096535,0.004532475595803686
0.365,0.0,866,93.92624728850325,86,83,83,0.0,0.0,-0.02728942088096535,0.004532475595803686
0.36,0.0,866,93.92624728850325,86,83,83,0.0,0.0,-0.02728942088096535,0.004532475595803686
0.355,0.0,866,93.92624728850325,86,83,83,0.0,0.0,-0.02728942088096535,0.004532475595803686
0.35,0.0,866,93.92624728850325,86,83,83,0.0,0.0,-0.02728942088096535,0.004532475595803686
0.345,0.0,866,93.92624728850325,86,83,83,0.0,0.0,-0.02728942088096535,0.004532475595803686
0.33999999999999997,0.0,866,93.92624728850325,86,83,83,0.0,0.0,-0.02728942088096535,0.004532475595803686
0.33499999999999996,0.0,866,93.92624728850325,86,83,83,0.0,0.0,-0.02728942088096535,0.004532475595803686
0.32999999999999996,0.0,866,93.92624728850325,86,83,83,0.0,0.0,-0.02728942088096535,0.004532475595803686
0.32499999999999996,0.0,866,93.92624728850325,86,83,83,0.0,0.0,-0.02728942088096535,0.004532475595803686
0.31999999999999995,0.0,866,93.92624728850325,86,83,83,0.0,0.0,-0.02728942088096535,0.004532475595803686
0.31499999999999995,0.0,866,93.92624728850325,86,83,83,0.0,0.0,-0.02728942088096535,0.004532475595803686
0.30999999999999994,0.0,866,93.92624728850325,86,83,83,0.0,0.0,-0.02728942088096535,0.004532475595803686
0.30499999999999994,0.0,866,93.92624728850325,86,83,83,0.0,0.0,-0.02728942088096535,0.004532475595803686
0.29999999999999993,0.0,866,93.92624728850325,86,83,83,0.0,0.0,-0.02728942088096535,0.004532475595803686
0.29500000000000004,0.0,866,93.92624728850325,86,83,83,0.0,0.0,-0.02728942088096535,0.004532475595803686
0.29000000000000004,0.0,866,93.92624728850325,86,83,83,0.0,0.0,-0.02728942088096535,0.004532475595803686
0.28500000000000003,0.0,866,93.92624728850325,86,83,83,0.0,0.0,-0.02728942088096535,0.004532475595803686
0.28,0.0,866,93.92624728850325,86,83,83,0.0,0.0,-0.02728942088096535,0.004532475595803686
0.275,0.0,866,93.92624728850325,86,83,83,0.0,0.0,-0.02728942088096535,0.004532475595803686
0.27,0.0,866,93.92624728850325,86,83,83,0.0,0.0,-0.02728942088096535,0.004532475595803686
0.265,0.0,866,93.92624728850325,86,83,83,0.0,0.0,-0.02728942088096535,0.004532475595803686
0.26,0.0,866,93.92624728850325,86,83,83,0.0,0.0,-0.02728942088096535,0.004532475595803686
0.255,0.0,866,93.92624728850325,86,83,83,0.0,0.0,-0.02728942088096535,0.004532475595803686
0.25,0.0,866,93.92624728850325,86,83,83,0.0,0.0,-0.02728942088096535,0.004532475595803686
0.245,0.0,866,93.92624728850325,86,83,83,0.0,0.0,-0.02728942088096535,0.004532475595803686
0.24,0.0,866,93.92624728850325,86,83,83,0.0,0.0,-0.02728942088096535,0.004532475595803686
0.235,0.0,866,93.92624728850325,86,83,83,0.0,0.0,-0.02728942088096535,0.004532475595803686
0.22999999999999998,0.0,866,93.92624728850325,86,83,83,0.0,0.0,-0.02728942088096535,0.004532475595803686
0.22499999999999998,0.0,866,93.92624728850325,86,83,83,0.0,0.0,-0.02728942088096535,0.004532475595803686
0.21999999999999997,0.0,866,93.92624728850325,86,83,83,0.0,0.0,-0.02728942088096535,0.004532475595803686
0.21499999999999997,0.0,866,93.92624728850325,86,83,83,0.0,0.0,-0.02728942088096535,0.004532475595803686
0.20999999999999996,0.0,866,93.92624728850325,86,83,83,0.0,0.0,-0.02728942088096535,0.004532475595803686
0.20499999999999996,0.0,866,93.92624728850325,86,83,83,0.0,0.0,-0.02728942088096535,0.004532475595803686
0.19999999999999996,0.0,866,93.92624728850325,86,83,83,0.0,0.0,-0.02728942088096535,0.004532475595803686
0.19499999999999995,0.0,866,93.92624728850325,86,83,83,0.0,0.0,-0.02728942088096535,0.004532475595803686
0.18999999999999995,0.0,866,93.92624728850325,86,83,83,0.0,0.0,-0.02728942088096535,0.004532475595803686
0.18499999999999994,0.0,866,93.92624728850325,86,83,83,0.0,0.0,-0.02728942088096535,0.004532475595803686
0.17999999999999994,0.0,866,93.92624728850325,86,83,83,0.0,0.0,-0.02728942088096535,0.004532475595803686
0.17499999999999993,0.0,866,93.92624728850325,86,83,83,0.0,0.0,-0.02728942088096535,0.004532475595803686
0.16999999999999993,0.0,866,93.92624728850325,86,83,83,0.0,0.0,-0.02728942088096535,0.004532475595803686
0.16500000000000004,0.0,866,93.92624728850325,86,83,83,0.0,0.0,-0.02728942088096535,0.004532475595803686
0.16000000000000003,0.0,866,93.92624728850325,86,83,83,0.0,0.0,-0.02728942088096535,0.004532475595803686
0.15500000000000003,0.0,866,93.92624728850325,86,83,83,0.0,0.0,-0.02728942088096535,0.004532475595803686
0.15000000000000002,0.0,866,93.92624728850325,86,83,83,0.0,0.0,-0.02728942088096535,0.004532475595803686
0.14500000000000002,0.0,866,93.92624728850325,86,83,83,0.0,0.0,-0.02728942088096535,0.004532475595803686
0.14,0.0,866,93.92624728850325,86,83,83,0.0,0.0,-0.02728942088096535,0.004532475595803686
0.135,0.0,866,93.92624728850325,86,83,83,0.0,0.0,-0.02728942088096535,0.004532475595803686
0.13,0.0,866,93.92624728850325,86,83,83,0.0,0.0,-0.02728942088096535,0.004532475595803686
0.125,0.0,866,93.92624728850325,86,83,83,0.0,0.0,-0.02728942088096535,0.004532475595803686
0.12,0.0,866,93.92624728850325,86,83,83,0.0,0.0,-0.02728942088096535,0.004532475595803686
0.11499999999999999,0.0,866,93.92624728850325,86,83,83,0.0,0.0,-0.02728942088096535,0.004532475595803686
0.10999999999999999,0.0,866,93.92624728850325,86,83,83,0.0,0.0,-0.02728942088096535,0.004532475595803686
0.10499999999999998,0.0,866,93.92624728850325,86,83,83,0.0,0.0,-0.02728942088096535,0.004532475595803686
0.09999999999999998,0.0,866,93.92624728850325,86,83,83,0.0,0.0,-0.02728942088096535,0.004532475595803686
0.09499999999999997,0.0,866,93.92624728850325,86,83,83,0.0,0.0,-0.02728942088096535,0.004532475595803686
0.08999999999999997,0.0,866,93.92624728850325,86,83,83,0.0,0.0,-0.02728942088096535,0.004532475595803686
0.08499999999999996,0.0,866,93.92624728850325,86,83,83,0.0,0.0,-0.02728942088096535,0.004532475595803686
0.07999999999999996,0.0,866,93.92624728850325,86,83,83,0.0,0.0,-0.02728942088096535,0.004532475595803686
0.07499999999999996,0.0,866,93.92624728850325,86,83,83,0.0,0.0,-0.02728942088096535,0.004532475595803686
0.06999999999999995,0.0,866,93.92624728850325,86,83,83,0.0,0.0,-0.02728942088096535,0.004532475595803686
0.06499999999999995,0.0,866,93.92624728850325,86,83,83,0.0,0.0,-0.02728942088096535,0.004532475595803686
0.05999999999999994,0.0,866,93.92624728850325,86,83,83,0.0,0.0,-0.02728942088096535,0.004532475595803686
0.05499999999999994,0.0,866,93.92624728850325,86,83,83,0.0,0.0,-0.02728942088096535,0.004532475595803686
0.04999999999999993,0.0,866,93.92624728850325,86,83,83,0.0,0.0,-0.02728942088096535,0.004532475595803686
0.04499999999999993,0.0,866,93.92624728850325,86,83,83,0.0,0.0,-0.02728942088096535,0.004532475595803686
0.040000000000000036,0.0,866,93.92624728850325,86,83,83,0.0,0.0,-0.02728942088096535,0.004532475595803686
0.03500000000000003,0.0,866,93.92624728850325,86,83,83,0.0,0.0,-0.02728942088096535,0.004532475595803686
0.030000000000000027,0.0,866,93.92624728850325,86,83,83,0.0,0.0,-0.02728942088096535,0.004532475595803686
0.025000000000000022,0.0,866,93.92624728850325,86,83,83,0.0,0.0,-0.02728942088096535,0.004532475595803686
0.020000000000000018,0.0,866,93.92624728850325,86,83,83,0.0,0.0,-0.02728942088096535,0.004532475595803686
0.015000000000000013,0.0,866,93.92624728850325,86,83,83,0.0,0.0,-0.02728942088096535,0.004532475595803686
0.010000000000000009,0.0,866,93.92624728850325,86,83,83,0.0,0.0,-0.02728942088096535,0.004532475595803686
0.0050000000000000044,0.0,866,93.92624728850325,86,83,83,0.0,0.0,-0.02728942088096535,0.004532475595803686
0.0,0.0,866,93.92624728850325,86,83,83,0.0,0.0,-0.02728942088096535,0.004532475595803686
