percentile,thresh_ly49c,n_cells,pct_cells_retained,n_clonotypes_baseline_ge5,n_clonotypes_filtered_retained,n_common_clonotypes_retained,median_cosine_dist,median_l1_dist,mean_entropy_change,mean_coherence_change
1.0,96.0,4015,100.0,180,180,180,0.0,0.0,0.0,0.0
0.995,4.0,4000,99.62640099626401,180,180,180,0.0,0.0,-0.0037608100325816863,-0.00020043724629427686
0.99,3.0,3984,99.22789539227895,180,179,179,0.0,0.0,-0.0044107782444114275,-0.0003095828586652823
0.985,3.0,3984,99.22789539227895,180,179,179,0.0,0.0,-0.0044107782444114275,-0.0003095828586652823
0.98,3.0,3984,99.22789539227895,180,179,179,0.0,0.0,-0.0044107782444114275,-0.0003095828586652823
0.975,3.0,3984,99.22789539227895,180,179,179,0.0,0.0,-0.0044107782444114275,-0.0003095828586652823
0.97,2.0,3916,97.53424657534246,180,177,177,0.0,0.0,-0.00430639137528556,-0.0011700382960859832
0.965,2.0,3916,97.53424657534246,180,177,177,0.0,0.0,-0.00430639137528556,-0.0011700382960859832
0.96,2.0,3916,97.53424657534246,180,177,177,0.0,0.0,-0.00430639137528556,-0.0011700382960859832
0.955,2.0,3916,97.53424657534246,180,177,177,0.0,0.0,-0.00430639137528556,-0.0011700382960859832
0.95,2.0,3916,97.53424657534246,180,177,177,0.0,0.0,-0.00430639137528556,-0.0011700382960859832
0.945,2.0,3916,97.53424657534246,180,177,177,0.0,0.0,-0.00430639137528556,-0.0011700382960859832
0.94,2.0,3916,97.53424657534246,180,177,177,0.0,0.0,-0.00430639137528556,-0.0011700382960859832
0.935,2.0,3916,97.53424657534246,180,177,177,0.0,0.0,-0.00430639137528556,-0.0011700382960859832
0.9299999999999999,2.0,3916,97.53424657534246,180,177,177,0.0,0.0,-0.00430639137528556,-0.0011700382960859832
0.925,2.0,3916,97.53424657534246,180,177,177,0.0,0.0,-0.00430639137528556,-0.0011700382960859832
0.92,2.0,3916,97.53424657534246,180,177,177,0.0,0.0,-0.00430639137528556,-0.0011700382960859832
0.915,2.0,3916,97.53424657534246,180,177,177,0.0,0.0,-0.00430639137528556,-0.0011700382960859832
0.91,1.0,3700,92.15442092154422,180,168,168,8.900541854262034e-06,0.013301288778611194,-0.013432659167666772,-0.0004179390795703775
0.905,1.0,3700,92.15442092154422,180,168,168,8.900541854262034e-06,0.013301288778611194,-0.013432659167666772,-0.0004179390795703775
0.9,1.0,3700,92.15442092154422,180,168,168,8.900541854262034e-06,0.013301288778611194,-0.013432659167666772,-0.0004179390795703775
0.895,1.0,3700,92.15442092154422,180,168,168,8.900541854262034e-06,0.013301288778611194,-0.013432659167666772,-0.0004179390795703775
0.89,1.0,3700,92.15442092154422,180,168,168,8.900541854262034e-06,0.013301288778611194,-0.013432659167666772,-0.0004179390795703775
0.885,1.0,3700,92.15442092154422,180,168,168,8.900541854262034e-06,0.013301288778611194,-0.013432659167666772,-0.0004179390795703775
0.88,1.0,3700,92.15442092154422,180,168,168,8.900541854262034e-06,0.013301288778611194,-0.013432659167666772,-0.0004179390795703775
0.875,1.0,3700,92.15442092154422,180,168,168,8.900541854262034e-06,0.013301288778611194,-0.013432659167666772,-0.0004179390795703775
0.87,1.0,3700,92.15442092154422,180,168,168,8.900541854262034e-06,0.013301288778611194,-0.013432659167666772,-0.0004179390795703775
0.865,1.0,3700,92.15442092154422,180,168,168,8.900541854262034e-06,0.013301288778611194,-0.013432659167666772,-0.0004179390795703775
0.86,1.0,3700,92.15442092154422,180,168,168,8.900541854262034e-06,0.013301288778611194,-0.013432659167666772,-0.0004179390795703775
0.855,1.0,3700,92.15442092154422,180,168,168,8.900541854262034e-06,0.013301288778611194,-0.013432659167666772,-0.0004179390795703775
0.85,1.0,3700,92.15442092154422,180,168,168,8.900541854262034e-06,0.013301288778611194,-0.013432659167666772,-0.0004179390795703775
0.845,1.0,3700,92.15442092154422,180,168,168,8.900541854262034e-06,0.013301288778611194,-0.013432659167666772,-0.0004179390795703775
0.84,1.0,3700,92.15442092154422,180,168,168,8.900541854262034e-06,0.013301288778611194,-0.013432659167666772,-0.0004179390795703775
0.835,1.0,3700,92.15442092154422,180,168,168,8.900541854262034e-06,0.013301288778611194,-0.013432659167666772,-0.0004179390795703775
0.83,1.0,3700,92.15442092154422,180,168,168,8.900541854262034e-06,0.013301288778611194,-0.013432659167666772,-0.0004179390795703775
0.825,1.0,3700,92.15442092154422,180,168,168,8.900541854262034e-06,0.013301288778611194,-0.013432659167666772,-0.0004179390795703775
0.8200000000000001,1.0,3700,92.15442092154422,180,168,168,8.900541854262034e-06,0.013301288778611194,-0.013432659167666772,-0.0004179390795703775
0.815,1.0,3700,92.15442092154422,180,168,168,8.900541854262034e-06,0.013301288778611194,-0.013432659167666772,-0.0004179390795703775
0.81,1.0,3700,92.15442092154422,180,168,168,8.900541854262034e-06,0.013301288778611194,-0.013432659167666772,-0.0004179390795703775
0.8049999999999999,1.0,3700,92.15442092154422,180,168,168,8.900541854262034e-06,0.013301288778611194,-0.013432659167666772,-0.0004179390795703775
0.8,1.0,3700,92.15442092154422,180,168,168,8.900541854262034e-06,0.013301288778611194,-0.013432659167666772,-0.0004179390795703775
0.7949999999999999,1.0,3700,92.15442092154422,180,168,168,8.900541854262034e-06,0.013301288778611194,-0.013432659167666772,-0.0004179390795703775
0.79,1.0,3700,92.15442092154422,180,168,168,8.900541854262034e-06,0.013301288778611194,-0.013432659167666772,-0.0004179390795703775
0.785,1.0,3700,92.15442092154422,180,168,168,8.900541854262034e-06,0.013301288778611194,-0.013432659167666772,-0.0004179390795703775
0.78,1.0,3700,92.15442092154422,180,168,168,8.900541854262034e-06,0.013301288778611194,-0.013432659167666772,-0.0004179390795703775
0.775,1.0,3700,92.15442092154422,180,168,168,8.900541854262034e-06,0.013301288778611194,-0.013432659167666772,-0.0004179390795703775
0.77,1.0,3700,92.15442092154422,180,168,168,8.900541854262034e-06,0.013301288778611194,-0.013432659167666772,-0.0004179390795703775
0.765,1.0,3700,92.15442092154422,180,168,168,8.900541854262034e-06,0.013301288778611194,-0.013432659167666772,-0.0004179390795703775
0.76,1.0,3700,92.15442092154422,180,168,168,8.900541854262034e-06,0.013301288778611194,-0.013432659167666772,-0.0004179390795703775
0.755,1.0,3700,92.15442092154422,180,168,168,8.900541854262034e-06,0.013301288778611194,-0.013432659167666772,-0.0004179390795703775
0.75,1.0,3700,92.15442092154422,180,168,168,8.900541854262034e-06,0.013301288778611194,-0.013432659167666772,-0.0004179390795703775
0.745,1.0,3700,92.15442092154422,180,168,168,8.900541854262034e-06,0.013301288778611194,-0.013432659167666772,-0.0004179390795703775
0.74,1.0,3700,92.15442092154422,180,168,168,8.900541854262034e-06,0.013301288778611194,-0.013432659167666772,-0.0004179390795703775
0.735,1.0,3700,92.15442092154422,180,168,168,8.900541854262034e-06,0.013301288778611194,-0.013432659167666772,-0.0004179390795703775
0.73,1.0,3700,92.15442092154422,180,168,168,8.900541854262034e-06,0.013301288778611194,-0.013432659167666772,-0.0004179390795703775
0.725,1.0,3700,92.15442092154422,180,168,168,8.900541854262034e-06,0.013301288778611194,-0.013432659167666772,-0.0004179390795703775
0.72,1.0,3700,92.15442092154422,180,168,168,8.900541854262034e-06,0.013301288778611194,-0.013432659167666772,-0.0004179390795703775
0.715,1.0,3700,92.15442092154422,180,168,168,8.900541854262034e-06,0.013301288778611194,-0.013432659167666772,-0.0004179390795703775
0.71,0.0,2878,71.68119551681195,180,139,139,0.00025258363302127496,0.053822804844566224,-0.03106478947856365,0.004424036338981701
0.7050000000000001,0.0,2878,71.68119551681195,180,139,139,0.00025258363302127496,0.053822804844566224,-0.03106478947856365,0.004424036338981701
0.7,0.0,2878,71.68119551681195,180,139,139,0.00025258363302127496,0.053822804844566224,-0.03106478947856365,0.004424036338981701
0.6950000000000001,0.0,2878,71.68119551681195,180,139,139,0.00025258363302127496,0.053822804844566224,-0.03106478947856365,0.004424036338981701
0.69,0.0,2878,71.68119551681195,180,139,139,0.00025258363302127496,0.053822804844566224,-0.03106478947856365,0.004424036338981701
0.685,0.0,2878,71.68119551681195,180,139,139,0.00025258363302127496,0.053822804844566224,-0.03106478947856365,0.004424036338981701
0.6799999999999999,0.0,2878,71.68119551681195,180,139,139,0.00025258363302127496,0.053822804844566224,-0.03106478947856365,0.004424036338981701
0.675,0.0,2878,71.68119551681195,180,139,139,0.00025258363302127496,0.053822804844566224,-0.03106478947856365,0.004424036338981701
0.6699999999999999,0.0,2878,71.68119551681195,180,139,139,0.00025258363302127496,0.053822804844566224,-0.03106478947856365,0.004424036338981701
0.665,0.0,2878,71.68119551681195,180,139,139,0.00025258363302127496,0.053822804844566224,-0.03106478947856365,0.004424036338981701
0.6599999999999999,0.0,2878,71.68119551681195,180,139,139,0.00025258363302127496,0.053822804844566224,-0.03106478947856365,0.004424036338981701
0.655,0.0,2878,71.68119551681195,180,139,139,0.00025258363302127496,0.053822804844566224,-0.03106478947856365,0.004424036338981701
0.6499999999999999,0.0,2878,71.68119551681195,180,139,139,0.00025258363302127496,0.053822804844566224,-0.03106478947856365,0.004424036338981701
0.645,0.0,2878,71.68119551681195,180,139,139,0.00025258363302127496,0.053822804844566224,-0.03106478947856365,0.004424036338981701
0.64,0.0,2878,71.68119551681195,180,139,139,0.00025258363302127496,0.053822804844566224,-0.03106478947856365,0.004424036338981701
0.635,0.0,2878,71.68119551681195,180,139,139,0.00025258363302127496,0.053822804844566224,-0.03106478947856365,0.004424036338981701
0.63,0.0,2878,71.68119551681195,180,139,139,0.00025258363302127496,0.053822804844566224,-0.03106478947856365,0.004424036338981701
0.625,0.0,2878,71.68119551681195,180,139,139,0.00025258363302127496,0.053822804844566224,-0.03106478947856365,0.004424036338981701
0.62,0.0,2878,71.68119551681195,180,139,139,0.00025258363302127496,0.053822804844566224,-0.03106478947856365,0.004424036338981701
0.615,0.0,2878,71.68119551681195,180,139,139,0.00025258363302127496,0.053822804844566224,-0.03106478947856365,0.004424036338981701
0.61,0.0,2878,71.68119551681195,180,139,139,0.00025258363302127496,0.053822804844566224,-0.03106478947856365,0.004424036338981701
0.605,0.0,2878,71.68119551681195,180,139,139,0.00025258363302127496,0.053822804844566224,-0.03106478947856365,0.004424036338981701
0.6,0.0,2878,71.68119551681195,180,139,139,0.00025258363302127496,0.053822804844566224,-0.03106478947856365,0.004424036338981701
0.595,0.0,2878,71.68119551681195,180,139,139,0.00025258363302127496,0.053822804844566224,-0.03106478947856365,0.004424036338981701
0.59,0.0,2878,71.68119551681195,180,139,139,0.00025258363302127496,0.053822804844566224,-0.03106478947856365,0.004424036338981701
0.585,0.0,2878,71.68119551681195,180,139,139,0.00025258363302127496,0.053822804844566224,-0.03106478947856365,0.004424036338981701
0.5800000000000001,0.0,2878,71.68119551681195,180,139,139,0.00025258363302127496,0.053822804844566224,-0.03106478947856365,0.004424036338981701
0.575,0.0,2878,71.68119551681195,180,139,139,0.00025258363302127496,0.053822804844566224,-0.03106478947856365,0.004424036338981701
0.5700000000000001,0.0,2878,71.68119551681195,180,139,139,0.00025258363302127496,0.053822804844566224,-0.03106478947856365,0.004424036338981701
0.565,0.0,2878,71.68119551681195,180,139,139,0.00025258363302127496,0.053822804844566224,-0.03106478947856365,0.004424036338981701
0.56,0.0,2878,71.68119551681195,180,139,139,0.00025258363302127496,0.053822804844566224,-0.03106478947856365,0.004424036338981701
0.5549999999999999,0.0,2878,71.68119551681195,180,139,139,0.00025258363302127496,0.053822804844566224,-0.03106478947856365,0.004424036338981701
0.55,0.0,2878,71.68119551681195,180,139,139,0.00025258363302127496,0.053822804844566224,-0.03106478947856365,0.004424036338981701
0.5449999999999999,0.0,2878,71.68119551681195,180,139,139,0.00025258363302127496,0.053822804844566224,-0.03106478947856365,0.004424036338981701
0.54,0.0,2878,71.68119551681195,180,139,139,0.00025258363302127496,0.053822804844566224,-0.03106478947856365,0.004424036338981701
0.5349999999999999,0.0,2878,71.68119551681195,180,139,139,0.00025258363302127496,0.053822804844566224,-0.03106478947856365,0.004424036338981701
0.53,0.0,2878,71.68119551681195,180,139,139,0.00025258363302127496,0.053822804844566224,-0.03106478947856365,0.004424036338981701
0.5249999999999999,0.0,2878,71.68119551681195,180,139,139,0.00025258363302127496,0.053822804844566224,-0.03106478947856365,0.004424036338981701
0.52,0.0,2878,71.68119551681195,180,139,139,0.00025258363302127496,0.053822804844566224,-0.03106478947856365,0.004424036338981701
0.515,0.0,2878,71.68119551681195,180,139,139,0.00025258363302127496,0.053822804844566224,-0.03106478947856365,0.004424036338981701
0.51,0.0,2878,71.68119551681195,180,139,139,0.00025258363302127496,0.053822804844566224,-0.03106478947856365,0.004424036338981701
0.505,0.0,2878,71.68119551681195,180,139,139,0.00025258363302127496,0.053822804844566224,-0.03106478947856365,0.004424036338981701
0.5,0.0,2878,71.68119551681195,180,139,139,0.00025258363302127496,0.053822804844566224,-0.03106478947856365,0.004424036338981701
0.495,0.0,2878,71.68119551681195,180,139,139,0.00025258363302127496,0.053822804844566224,-0.03106478947856365,0.004424036338981701
0.49,0.0,2878,71.68119551681195,180,139,139,0.00025258363302127496,0.053822804844566224,-0.03106478947856365,0.004424036338981701
0.485,0.0,2878,71.68119551681195,180,139,139,0.00025258363302127496,0.053822804844566224,-0.03106478947856365,0.004424036338981701
0.48,0.0,2878,71.68119551681195,180,139,139,0.00025258363302127496,0.053822804844566224,-0.03106478947856365,0.004424036338981701
0.475,0.0,2878,71.68119551681195,180,139,139,0.00025258363302127496,0.053822804844566224,-0.03106478947856365,0.004424036338981701
0.47,0.0,2878,71.68119551681195,180,139,139,0.00025258363302127496,0.053822804844566224,-0.03106478947856365,0.004424036338981701
0.46499999999999997,0.0,2878,71.68119551681195,180,139,139,0.00025258363302127496,0.053822804844566224,-0.03106478947856365,0.004424036338981701
0.45999999999999996,0.0,2878,71.68119551681195,180,139,139,0.00025258363302127496,0.053822804844566224,-0.03106478947856365,0.004424036338981701
0.45499999999999996,0.0,2878,71.68119551681195,180,139,139,0.00025258363302127496,0.053822804844566224,-0.03106478947856365,0.004424036338981701
0.44999999999999996,0.0,2878,71.68119551681195,180,139,139,0.00025258363302127496,0.053822804844566224,-0.03106478947856365,0.004424036338981701
0.44499999999999995,0.0,2878,71.68119551681195,180,139,139,0.00025258363302127496,0.053822804844566224,-0.03106478947856365,0.004424036338981701
0.43999999999999995,0.0,2878,71.68119551681195,180,139,139,0.00025258363302127496,0.053822804844566224,-0.03106478947856365,0.004424036338981701
0.43499999999999994,0.0,2878,71.68119551681195,180,139,139,0.00025258363302127496,0.053822804844566224,-0.03106478947856365,0.004424036338981701
0.42999999999999994,0.0,2878,71.68119551681195,180,139,139,0.00025258363302127496,0.053822804844566224,-0.03106478947856365,0.004424036338981701
0.42499999999999993,0.0,2878,71.68119551681195,180,139,139,0.00025258363302127496,0.053822804844566224,-0.03106478947856365,0.004424036338981701
0.42000000000000004,0.0,2878,71.68119551681195,180,139,139,0.00025258363302127496,0.053822804844566224,-0.03106478947856365,0.004424036338981701
0.41500000000000004,0.0,2878,71.68119551681195,180,139,139,0.00025258363302127496,0.053822804844566224,-0.03106478947856365,0.004424036338981701
0.41000000000000003,0.0,2878,71.68119551681195,180,139,139,0.00025258363302127496,0.053822804844566224,-0.03106478947856365,0.004424036338981701
0.405,0.0,2878,71.68119551681195,180,139,139,0.00025258363302127496,0.053822804844566224,-0.03106478947856365,0.004424036338981701
0.4,0.0,2878,71.68119551681195,180,139,139,0.00025258363302127496,0.053822804844566224,-0.03106478947856365,0.004424036338981701
0.395,0.0,2878,71.68119551681195,180,139,139,0.00025258363302127496,0.053822804844566224,-0.03106478947856365,0.004424036338981701
0.39,0.0,2878,71.68119551681195,180,139,139,0.00025258363302127496,0.053822804844566224,-0.03106478947856365,0.004424036338981701
0.385,0.0,2878,71.68119551681195,180,139,139,0.00025258363302127496,0.053822804844566224,-0.03106478947856365,0.004424036338981701
0.38,0.0,2878,71.68119551681195,180,139,139,0.00025258363302127496,0.053822804844566224,-0.03106478947856365,0.004424036338981701
0.375,0.0,2878,71.68119551681195,180,139,139,0.00025258363302127496,0.053822804844566224,-0.03106478947856365,0.004424036338981701
0.37,0.0,2878,71.68119551681195,180,139,139,0.00025258363302127496,0.053822804844566224,-0.03106478947856365,0.004424036338981701
0.365,0.0,2878,71.68119551681195,180,139,139,0.00025258363302127496,0.053822804844566224,-0.03106478947856365,0.004424036338981701
0.36,0.0,2878,71.68119551681195,180,139,139,0.00025258363302127496,0.053822804844566224,-0.03106478947856365,0.004424036338981701
0.355,0.0,2878,71.68119551681195,180,139,139,0.00025258363302127496,0.053822804844566224,-0.03106478947856365,0.004424036338981701
0.35,0.0,2878,71.68119551681195,180,139,139,0.00025258363302127496,0.053822804844566224,-0.03106478947856365,0.004424036338981701
0.345,0.0,2878,71.68119551681195,180,139,139,0.00025258363302127496,0.053822804844566224,-0.03106478947856365,0.004424036338981701
0.33999999999999997,0.0,2878,71.68119551681195,180,139,139,0.00025258363302127496,0.053822804844566224,-0.03106478947856365,0.004424036338981701
0.33499999999999996,0.0,2878,71.68119551681195,180,139,139,0.00025258363302127496,0.053822804844566224,-0.03106478947856365,0.004424036338981701
0.32999999999999996,0.0,2878,71.68119551681195,180,139,139,0.00025258363302127496,0.053822804844566224,-0.03106478947856365,0.004424036338981701
0.32499999999999996,0.0,2878,71.68119551681195,180,139,139,0.00025258363302127496,0.053822804844566224,-0.03106478947856365,0.004424036338981701
0.31999999999999995,0.0,2878,71.68119551681195,180,139,139,0.00025258363302127496,0.053822804844566224,-0.03106478947856365,0.004424036338981701
0.31499999999999995,0.0,2878,71.68119551681195,180,139,139,0.00025258363302127496,0.053822804844566224,-0.03106478947856365,0.004424036338981701
0.30999999999999994,0.0,2878,71.68119551681195,180,139,139,0.00025258363302127496,0.053822804844566224,-0.03106478947856365,0.004424036338981701
0.30499999999999994,0.0,2878,71.68119551681195,180,139,139,0.00025258363302127496,0.053822804844566224,-0.03106478947856365,0.004424036338981701
0.29999999999999993,0.0,2878,71.68119551681195,180,139,139,0.00025258363302127496,0.053822804844566224,-0.03106478947856365,0.004424036338981701
0.29500000000000004,0.0,2878,71.68119551681195,180,139,139,0.00025258363302127496,0.053822804844566224,-0.03106478947856365,0.004424036338981701
0.29000000000000004,0.0,2878,71.68119551681195,180,139,139,0.00025258363302127496,0.053822804844566224,-0.03106478947856365,0.004424036338981701
0.28500000000000003,0.0,2878,71.68119551681195,180,139,139,0.00025258363302127496,0.053822804844566224,-0.03106478947856365,0.004424036338981701
0.28,0.0,2878,71.68119551681195,180,139,139,0.00025258363302127496,0.053822804844566224,-0.03106478947856365,0.004424036338981701
0.275,0.0,2878,71.68119551681195,180,139,139,0.00025258363302127496,0.053822804844566224,-0.03106478947856365,0.004424036338981701
0.27,0.0,2878,71.68119551681195,180,139,139,0.00025258363302127496,0.053822804844566224,-0.03106478947856365,0.004424036338981701
0.265,0.0,2878,71.68119551681195,180,139,139,0.00025258363302127496,0.053822804844566224,-0.03106478947856365,0.004424036338981701
0.26,0.0,2878,71.68119551681195,180,139,139,0.00025258363302127496,0.053822804844566224,-0.03106478947856365,0.004424036338981701
0.255,0.0,2878,71.68119551681195,180,139,139,0.00025258363302127496,0.053822804844566224,-0.03106478947856365,0.004424036338981701
0.25,0.0,2878,71.68119551681195,180,139,139,0.00025258363302127496,0.053822804844566224,-0.03106478947856365,0.004424036338981701
0.245,0.0,2878,71.68119551681195,180,139,139,0.00025258363302127496,0.053822804844566224,-0.03106478947856365,0.004424036338981701
0.24,0.0,2878,71.68119551681195,180,139,139,0.00025258363302127496,0.053822804844566224,-0.03106478947856365,0.004424036338981701
0.235,0.0,2878,71.68119551681195,180,139,139,0.00025258363302127496,0.053822804844566224,-0.03106478947856365,0.004424036338981701
0.22999999999999998,0.0,2878,71.68119551681195,180,139,139,0.00025258363302127496,0.053822804844566224,-0.03106478947856365,0.004424036338981701
0.22499999999999998,0.0,2878,71.68119551681195,180,139,139,0.00025258363302127496,0.053822804844566224,-0.03106478947856365,0.004424036338981701
0.21999999999999997,0.0,2878,71.68119551681195,180,139,139,0.00025258363302127496,0.053822804844566224,-0.03106478947856365,0.004424036338981701
0.21499999999999997,0.0,2878,71.68119551681195,180,139,139,0.00025258363302127496,0.053822804844566224,-0.03106478947856365,0.004424036338981701
0.20999999999999996,0.0,2878,71.68119551681195,180,139,139,0.00025258363302127496,0.053822804844566224,-0.03106478947856365,0.004424036338981701
0.20499999999999996,0.0,2878,71.68119551681195,180,139,139,0.00025258363302127496,0.053822804844566224,-0.03106478947856365,0.004424036338981701
0.19999999999999996,0.0,2878,71.68119551681195,180,139,139,0.00025258363302127496,0.053822804844566224,-0.03106478947856365,0.004424036338981701
0.19499999999999995,0.0,2878,71.68119551681195,180,139,139,0.00025258363302127496,0.053822804844566224,-0.03106478947856365,0.004424036338981701
0.18999999999999995,0.0,2878,71.68119551681195,180,139,139,0.00025258363302127496,0.053822804844566224,-0.03106478947856365,0.004424036338981701
0.18499999999999994,0.0,2878,71.68119551681195,180,139,139,0.00025258363302127496,0.053822804844566224,-0.03106478947856365,0.004424036338981701
0.17999999999999994,0.0,2878,71.68119551681195,180,139,139,0.00025258363302127496,0.053822804844566224,-0.03106478947856365,0.004424036338981701
0.17499999999999993,0.0,2878,71.68119551681195,180,139,139,0.00025258363302127496,0.053822804844566224,-0.03106478947856365,0.004424036338981701
0.16999999999999993,0.0,2878,71.68119551681195,180,139,139,0.00025258363302127496,0.053822804844566224,-0.03106478947856365,0.004424036338981701
0.16500000000000004,0.0,2878,71.68119551681195,180,139,139,0.00025258363302127496,0.053822804844566224,-0.03106478947856365,0.004424036338981701
0.16000000000000003,0.0,2878,71.68119551681195,180,139,139,0.00025258363302127496,0.053822804844566224,-0.03106478947856365,0.004424036338981701
0.15500000000000003,0.0,2878,71.68119551681195,180,139,139,0.00025258363302127496,0.053822804844566224,-0.03106478947856365,0.004424036338981701
0.15000000000000002,0.0,2878,71.68119551681195,180,139,139,0.00025258363302127496,0.053822804844566224,-0.03106478947856365,0.004424036338981701
0.14500000000000002,0.0,2878,71.68119551681195,180,139,139,0.00025258363302127496,0.053822804844566224,-0.03106478947856365,0.004424036338981701
0.14,0.0,2878,71.68119551681195,180,139,139,0.00025258363302127496,0.053822804844566224,-0.03106478947856365,0.004424036338981701
0.135,0.0,2878,71.68119551681195,180,139,139,0.00025258363302127496,0.053822804844566224,-0.03106478947856365,0.004424036338981701
0.13,0.0,2878,71.68119551681195,180,139,139,0.00025258363302127496,0.053822804844566224,-0.03106478947856365,0.004424036338981701
0.125,0.0,2878,71.68119551681195,180,139,139,0.00025258363302127496,0.053822804844566224,-0.03106478947856365,0.004424036338981701
0.12,0.0,2878,71.68119551681195,180,139,139,0.00025258363302127496,0.053822804844566224,-0.03106478947856365,0.004424036338981701
0.11499999999999999,0.0,2878,71.68119551681195,180,139,139,0.00025258363302127496,0.053822804844566224,-0.03106478947856365,0.004424036338981701
0.10999999999999999,0.0,2878,71.68119551681195,180,139,139,0.00025258363302127496,0.053822804844566224,-0.03106478947856365,0.004424036338981701
0.10499999999999998,0.0,2878,71.68119551681195,180,139,139,0.00025258363302127496,0.053822804844566224,-0.03106478947856365,0.004424036338981701
0.09999999999999998,0.0,2878,71.68119551681195,180,139,139,0.00025258363302127496,0.053822804844566224,-0.03106478947856365,0.004424036338981701
0.09499999999999997,0.0,2878,71.68119551681195,180,139,139,0.00025258363302127496,0.053822804844566224,-0.03106478947856365,0.004424036338981701
0.08999999999999997,0.0,2878,71.68119551681195,180,139,139,0.00025258363302127496,0.053822804844566224,-0.03106478947856365,0.004424036338981701
0.08499999999999996,0.0,2878,71.68119551681195,180,139,139,0.00025258363302127496,0.053822804844566224,-0.03106478947856365,0.004424036338981701
0.07999999999999996,0.0,2878,71.68119551681195,180,139,139,0.00025258363302127496,0.053822804844566224,-0.03106478947856365,0.004424036338981701
0.07499999999999996,0.0,2878,71.68119551681195,180,139,139,0.00025258363302127496,0.053822804844566224,-0.03106478947856365,0.004424036338981701
0.06999999999999995,0.0,2878,71.68119551681195,180,139,139,0.00025258363302127496,0.053822804844566224,-0.03106478947856365,0.004424036338981701
0.06499999999999995,0.0,2878,71.68119551681195,180,139,139,0.00025258363302127496,0.053822804844566224,-0.03106478947856365,0.004424036338981701
0.05999999999999994,0.0,2878,71.68119551681195,180,139,139,0.00025258363302127496,0.053822804844566224,-0.03106478947856365,0.004424036338981701
0.05499999999999994,0.0,2878,71.68119551681195,180,139,139,0.00025258363302127496,0.053822804844566224,-0.03106478947856365,0.004424036338981701
0.04999999999999993,0.0,2878,71.68119551681195,180,139,139,0.00025258363302127496,0.053822804844566224,-0.03106478947856365,0.004424036338981701
0.04499999999999993,0.0,2878,71.68119551681195,180,139,139,0.00025258363302127496,0.053822804844566224,-0.03106478947856365,0.004424036338981701
0.040000000000000036,0.0,2878,71.68119551681195,180,139,139,0.00025258363302127496,0.053822804844566224,-0.03106478947856365,0.004424036338981701
0.03500000000000003,0.0,2878,71.68119551681195,180,139,139,0.00025258363302127496,0.053822804844566224,-0.03106478947856365,0.004424036338981701
0.030000000000000027,0.0,2878,71.68119551681195,180,139,139,0.00025258363302127496,0.053822804844566224,-0.03106478947856365,0.004424036338981701
0.025000000000000022,0.0,2878,71.68119551681195,180,139,139,0.00025258363302127496,0.053822804844566224,-0.03106478947856365,0.004424036338981701
0.020000000000000018,0.0,2878,71.68119551681195,180,139,139,0.00025258363302127496,0.053822804844566224,-0.03106478947856365,0.004424036338981701
0.015000000000000013,0.0,2878,71.68119551681195,180,139,139,0.00025258363302127496,0.053822804844566224,-0.03106478947856365,0.004424036338981701
0.010000000000000009,0.0,2878,71.68119551681195,180,139,139,0.00025258363302127496,0.053822804844566224,-0.03106478947856365,0.004424036338981701
0.0050000000000000044,0.0,2878,71.68119551681195,180,139,139,0.00025258363302127496,0.053822804844566224,-0.03106478947856365,0.004424036338981701
0.0,0.0,2878,71.68119551681195,180,139,139,0.00025258363302127496,0.053822804844566224,-0.03106478947856365,0.004424036338981701
