clonotype,clonotype_rank,coherence,cell_rank_by_total,total_dex_count,ATLVFHNL,EEEPVKKI,HIYEFPQL,INFDFPKL,RAYLFNSV,RTYTYEKL,SNYLFTKL,SSYTFPKM,SVYVYKVL,VAFDFTKV,VGPRYTNL,VIVRFLTV,VSFTYRYL
AV13-2-CAPNNNAGAKLTF-AJ39_BV14-CASSDRYEQYF-BJ2-7,25,,1,4.0,0.0,0.0,0.0,0.5,0.0,0.0,0.0,0.0,0.25,0.25,0.0,0.0,0.0
AV13-2-CAPNNNAGAKLTF-AJ39_BV14-CASSDRYEQYF-BJ2-7,25,,2,10.0,0.0,0.0,0.0,0.8,0.0,0.1,0.0,0.0,0.0,0.1,0.0,0.0,0.0
AV13-2-CAPNNNAGAKLTF-AJ39_BV14-CASSDRYEQYF-BJ2-7,25,,3,21.0,0.0,0.0,0.0,0.5238095238095238,0.047619047619047616,0.0,0.09523809523809523,0.0,0.0,0.23809523809523808,0.0,0.047619047619047616,0.047619047619047616
AV13-2-CAPNNNAGAKLTF-AJ39_BV14-CASSDRYEQYF-BJ2-7,25,,4,25.0,0.0,0.0,0.0,0.56,0.04,0.0,0.0,0.0,0.0,0.4,0.0,0.0,0.0
AV13-2-CAPNNNAGAKLTF-AJ39_BV14-CASSDRYEQYF-BJ2-7,25,,5,25.0,0.0,0.0,0.0,0.6,0.0,0.04,0.0,0.08,0.0,0.28,0.0,0.0,0.0
AV13-2-CAPNNNAGAKLTF-AJ39_BV14-CASSDRYEQYF-BJ2-7,25,,6,27.0,0.0,0.0,0.0,0.5925925925925926,0.0,0.0,0.0,0.0,0.0,0.25925925925925924,0.037037037037037035,0.1111111111111111,0.0
AV13-2-CAPNNNAGAKLTF-AJ39_BV14-CASSDRYEQYF-BJ2-7,25,,7,28.0,0.03571428571428571,0.0,0.0,0.6071428571428571,0.03571428571428571,0.03571428571428571,0.0,0.0,0.0,0.2857142857142857,0.0,0.0,0.0
AV13-2-CAPNNNAGAKLTF-AJ39_BV14-CASSDRYEQYF-BJ2-7,25,,8,28.0,0.0,0.0,0.0,0.4642857142857143,0.0,0.14285714285714285,0.03571428571428571,0.0,0.0,0.25,0.10714285714285714,0.0,0.0
AV13-2-CAPNNNAGAKLTF-AJ39_BV14-CASSDRYEQYF-BJ2-7,25,,9,29.0,0.034482758620689655,0.0,0.0,0.5517241379310345,0.0,0.10344827586206896,0.0,0.0,0.06896551724137931,0.2413793103448276,0.0,0.0,0.0
AV13-2-CAPNNNAGAKLTF-AJ39_BV14-CASSDRYEQYF-BJ2-7,25,,10,29.0,0.0,0.0,0.0,0.5172413793103449,0.0,0.034482758620689655,0.10344827586206896,0.034482758620689655,0.0,0.2413793103448276,0.06896551724137931,0.0,0.0
AV13-2-CAPNNNAGAKLTF-AJ39_BV14-CASSDRYEQYF-BJ2-7,25,,11,29.0,0.0,0.0,0.0,0.41379310344827586,0.0,0.06896551724137931,0.034482758620689655,0.0,0.0,0.4482758620689655,0.0,0.034482758620689655,0.0
AV13-2-CAPNNNAGAKLTF-AJ39_BV14-CASSDRYEQYF-BJ2-7,25,,12,30.0,0.0,0.0,0.0,0.43333333333333335,0.03333333333333333,0.1,0.0,0.0,0.1,0.3333333333333333,0.0,0.0,0.0
AV13-2-CAPNNNAGAKLTF-AJ39_BV14-CASSDRYEQYF-BJ2-7,25,,13,31.0,0.0,0.0,0.0,0.41935483870967744,0.0,0.06451612903225806,0.2903225806451613,0.0,0.0,0.16129032258064516,0.0,0.0,0.06451612903225806
AV13-2-CAPNNNAGAKLTF-AJ39_BV14-CASSDRYEQYF-BJ2-7,25,,14,33.0,0.0,0.0,0.0,0.6363636363636364,0.0,0.030303030303030304,0.0,0.0,0.0,0.3333333333333333,0.0,0.0,0.0
AV13-2-CAPNNNAGAKLTF-AJ39_BV14-CASSDRYEQYF-BJ2-7,25,,15,34.0,0.0,0.0,0.0,0.7352941176470589,0.029411764705882353,0.029411764705882353,0.0,0.0,0.0,0.17647058823529413,0.0,0.0,0.029411764705882353
AV13-2-CAPNNNAGAKLTF-AJ39_BV14-CASSDRYEQYF-BJ2-7,25,,16,38.0,0.0,0.0,0.0,0.5,0.02631578947368421,0.0,0.05263157894736842,0.0,0.0,0.3684210526315789,0.02631578947368421,0.0,0.02631578947368421
AV13-2-CAPNNNAGAKLTF-AJ39_BV14-CASSDRYEQYF-BJ2-7,25,,17,39.0,0.07692307692307693,0.0,0.02564102564102564,0.28205128205128205,0.0,0.10256410256410256,0.05128205128205128,0.0,0.02564102564102564,0.20512820512820512,0.20512820512820512,0.0,0.02564102564102564
AV13-2-CAPNNNAGAKLTF-AJ39_BV14-CASSDRYEQYF-BJ2-7,25,,18,40.0,0.0,0.0,0.0,0.45,0.025,0.05,0.175,0.0,0.0,0.3,0.0,0.0,0.0
AV13-2-CAPNNNAGAKLTF-AJ39_BV14-CASSDRYEQYF-BJ2-7,25,,19,40.0,0.0,0.0,0.0,0.6,0.0,0.025,0.0,0.0,0.05,0.325,0.0,0.0,0.0
AV13-2-CAPNNNAGAKLTF-AJ39_BV14-CASSDRYEQYF-BJ2-7,25,,20,41.0,0.0,0.0,0.024390243902439025,0.5609756097560976,0.04878048780487805,0.04878048780487805,0.04878048780487805,0.0,0.0,0.2682926829268293,0.0,0.0,0.0
AV13-2-CAPNNNAGAKLTF-AJ39_BV14-CASSDRYEQYF-BJ2-7,25,,21,43.0,0.0,0.0,0.0,0.627906976744186,0.0,0.0,0.0,0.0,0.0,0.37209302325581395,0.0,0.0,0.0
AV13-2-CAPNNNAGAKLTF-AJ39_BV14-CASSDRYEQYF-BJ2-7,25,,22,45.0,0.0,0.0,0.0,0.5777777777777777,0.022222222222222223,0.022222222222222223,0.0,0.0,0.0,0.3111111111111111,0.022222222222222223,0.0,0.044444444444444446
AV13-2-CAPNNNAGAKLTF-AJ39_BV14-CASSDRYEQYF-BJ2-7,25,,23,45.0,0.0,0.0,0.022222222222222223,0.7111111111111111,0.022222222222222223,0.0,0.0,0.0,0.0,0.24444444444444444,0.0,0.0,0.0
AV13-2-CAPNNNAGAKLTF-AJ39_BV14-CASSDRYEQYF-BJ2-7,25,,24,46.0,0.0,0.0,0.0,0.5217391304347826,0.021739130434782608,0.043478260869565216,0.0,0.0,0.0,0.34782608695652173,0.043478260869565216,0.021739130434782608,0.0
AV13-2-CAPNNNAGAKLTF-AJ39_BV14-CASSDRYEQYF-BJ2-7,25,,25,49.0,0.0,0.0,0.0,0.673469387755102,0.0,0.02040816326530612,0.0,0.0,0.0,0.2857142857142857,0.0,0.0,0.02040816326530612
AV13-2-CAPNNNAGAKLTF-AJ39_BV14-CASSDRYEQYF-BJ2-7,25,,26,49.0,0.04081632653061224,0.0,0.04081632653061224,0.5918367346938775,0.04081632653061224,0.02040816326530612,0.061224489795918366,0.0,0.0,0.16326530612244897,0.0,0.04081632653061224,0.0
AV13-2-CAPNNNAGAKLTF-AJ39_BV14-CASSDRYEQYF-BJ2-7,25,,27,51.0,0.0,0.0,0.0,0.4117647058823529,0.0,0.0,0.058823529411764705,0.0,0.0,0.5294117647058824,0.0,0.0,0.0
AV13-2-CAPNNNAGAKLTF-AJ39_BV14-CASSDRYEQYF-BJ2-7,25,,28,51.0,0.0,0.0,0.0196078431372549,0.45098039215686275,0.0,0.0,0.0,0.0,0.0,0.39215686274509803,0.0196078431372549,0.0392156862745098,0.0784313725490196
AV13-2-CAPNNNAGAKLTF-AJ39_BV14-CASSDRYEQYF-BJ2-7,25,,29,52.0,0.038461538461538464,0.0,0.0,0.4807692307692308,0.019230769230769232,0.019230769230769232,0.0,0.0,0.0,0.4230769230769231,0.0,0.019230769230769232,0.0
AV13-2-CAPNNNAGAKLTF-AJ39_BV14-CASSDRYEQYF-BJ2-7,25,,30,53.0,0.0,0.0,0.0,0.7169811320754716,0.018867924528301886,0.0,0.0,0.0,0.0,0.2641509433962264,0.0,0.0,0.0
AV13-2-CAPNNNAGAKLTF-AJ39_BV14-CASSDRYEQYF-BJ2-7,25,,31,53.0,0.018867924528301886,0.0,0.0,0.5660377358490566,0.0,0.09433962264150944,0.0,0.0,0.018867924528301886,0.22641509433962265,0.0,0.03773584905660377,0.03773584905660377
AV13-2-CAPNNNAGAKLTF-AJ39_BV14-CASSDRYEQYF-BJ2-7,25,,32,53.0,0.0,0.0,0.0,0.5849056603773585,0.018867924528301886,0.03773584905660377,0.05660377358490566,0.0,0.0,0.24528301886792453,0.018867924528301886,0.03773584905660377,0.0
AV13-2-CAPNNNAGAKLTF-AJ39_BV14-CASSDRYEQYF-BJ2-7,25,,33,54.0,0.0,0.0,0.0,0.6296296296296297,0.0,0.018518518518518517,0.018518518518518517,0.0,0.0,0.3333333333333333,0.0,0.0,0.0
AV13-2-CAPNNNAGAKLTF-AJ39_BV14-CASSDRYEQYF-BJ2-7,25,,34,55.0,0.01818181818181818,0.0,0.01818181818181818,0.4909090909090909,0.0,0.01818181818181818,0.10909090909090909,0.0,0.03636363636363636,0.23636363636363636,0.03636363636363636,0.01818181818181818,0.01818181818181818
AV13-2-CAPNNNAGAKLTF-AJ39_BV14-CASSDRYEQYF-BJ2-7,25,,35,55.0,0.0,0.0,0.0,0.6545454545454545,0.01818181818181818,0.03636363636363636,0.01818181818181818,0.0,0.0,0.23636363636363636,0.0,0.0,0.03636363636363636
AV13-2-CAPNNNAGAKLTF-AJ39_BV14-CASSDRYEQYF-BJ2-7,25,,36,56.0,0.0,0.0,0.0,0.6071428571428571,0.0,0.03571428571428571,0.017857142857142856,0.0,0.0,0.32142857142857145,0.0,0.0,0.017857142857142856
AV13-2-CAPNNNAGAKLTF-AJ39_BV14-CASSDRYEQYF-BJ2-7,25,,37,58.0,0.0,0.0,0.0,0.5862068965517241,0.017241379310344827,0.0,0.0,0.017241379310344827,0.0,0.3620689655172414,0.0,0.0,0.017241379310344827
AV13-2-CAPNNNAGAKLTF-AJ39_BV14-CASSDRYEQYF-BJ2-7,25,,38,58.0,0.0,0.0,0.017241379310344827,0.5862068965517241,0.0,0.0,0.0,0.0,0.0,0.3793103448275862,0.0,0.017241379310344827,0.0
AV13-2-CAPNNNAGAKLTF-AJ39_BV14-CASSDRYEQYF-BJ2-7,25,,39,60.0,0.0,0.0,0.0,0.45,0.0,0.0,0.016666666666666666,0.0,0.0,0.5,0.0,0.03333333333333333,0.0
AV13-2-CAPNNNAGAKLTF-AJ39_BV14-CASSDRYEQYF-BJ2-7,25,,40,62.0,0.0,0.0,0.0,0.6935483870967742,0.016129032258064516,0.016129032258064516,0.03225806451612903,0.0,0.0,0.20967741935483872,0.03225806451612903,0.0,0.0
AV13-2-CAPNNNAGAKLTF-AJ39_BV14-CASSDRYEQYF-BJ2-7,25,,41,64.0,0.0,0.0,0.0,0.59375,0.0,0.0,0.015625,0.0,0.0,0.390625,0.0,0.0,0.0
AV13-2-CAPNNNAGAKLTF-AJ39_BV14-CASSDRYEQYF-BJ2-7,25,,42,65.0,0.015384615384615385,0.0,0.0,0.6307692307692307,0.03076923076923077,0.0,0.0,0.0,0.0,0.26153846153846155,0.015384615384615385,0.03076923076923077,0.015384615384615385
AV13-2-CAPNNNAGAKLTF-AJ39_BV14-CASSDRYEQYF-BJ2-7,25,,43,65.0,0.0,0.0,0.015384615384615385,0.6307692307692307,0.0,0.0,0.0,0.0,0.0,0.3384615384615385,0.0,0.015384615384615385,0.0
AV13-2-CAPNNNAGAKLTF-AJ39_BV14-CASSDRYEQYF-BJ2-7,25,,44,65.0,0.07692307692307693,0.0,0.0,0.6307692307692307,0.015384615384615385,0.0,0.015384615384615385,0.0,0.0,0.24615384615384617,0.0,0.0,0.015384615384615385
AV13-2-CAPNNNAGAKLTF-AJ39_BV14-CASSDRYEQYF-BJ2-7,25,,45,67.0,0.014925373134328358,0.0,0.0,0.4925373134328358,0.0,0.014925373134328358,0.029850746268656716,0.0,0.0,0.43283582089552236,0.0,0.014925373134328358,0.0
AV13-2-CAPNNNAGAKLTF-AJ39_BV14-CASSDRYEQYF-BJ2-7,25,,46,68.0,0.0,0.0,0.014705882352941176,0.45588235294117646,0.07352941176470588,0.029411764705882353,0.0,0.029411764705882353,0.0,0.39705882352941174,0.0,0.0,0.0
AV13-2-CAPNNNAGAKLTF-AJ39_BV14-CASSDRYEQYF-BJ2-7,25,,47,70.0,0.014285714285714285,0.0,0.0,0.6285714285714286,0.02857142857142857,0.014285714285714285,0.0,0.0,0.0,0.3,0.0,0.0,0.014285714285714285
AV13-2-CAPNNNAGAKLTF-AJ39_BV14-CASSDRYEQYF-BJ2-7,25,,48,70.0,0.014285714285714285,0.0,0.0,0.5,0.014285714285714285,0.02857142857142857,0.014285714285714285,0.0,0.0,0.42857142857142855,0.0,0.0,0.0
AV13-2-CAPNNNAGAKLTF-AJ39_BV14-CASSDRYEQYF-BJ2-7,25,,49,75.0,0.0,0.0,0.0,0.5066666666666667,0.0,0.0,0.02666666666666667,0.0,0.0,0.44,0.0,0.02666666666666667,0.0
AV13-2-CAPNNNAGAKLTF-AJ39_BV14-CASSDRYEQYF-BJ2-7,25,,50,75.0,0.0,0.0,0.013333333333333334,0.5066666666666667,0.013333333333333334,0.0,0.0,0.0,0.0,0.44,0.02666666666666667,0.0,0.0
AV13-2-CAPNNNAGAKLTF-AJ39_BV14-CASSDRYEQYF-BJ2-7,25,,51,80.0,0.0125,0.0,0.0,0.5875,0.0,0.05,0.0125,0.0,0.0,0.325,0.0,0.0125,0.0
AV13-2-CAPNNNAGAKLTF-AJ39_BV14-CASSDRYEQYF-BJ2-7,25,,52,82.0,0.0,0.0,0.0,0.524390243902439,0.0,0.0,0.0,0.0,0.0,0.4024390243902439,0.012195121951219513,0.04878048780487805,0.012195121951219513
AV13-2-CAPNNNAGAKLTF-AJ39_BV14-CASSDRYEQYF-BJ2-7,25,,53,82.0,0.0,0.0,0.0,0.5121951219512195,0.04878048780487805,0.012195121951219513,0.024390243902439025,0.0,0.0,0.3902439024390244,0.0,0.012195121951219513,0.0
AV13-2-CAPNNNAGAKLTF-AJ39_BV14-CASSDRYEQYF-BJ2-7,25,,54,85.0,0.0,0.0,0.0,0.6470588235294118,0.0,0.011764705882352941,0.0,0.0,0.0,0.32941176470588235,0.0,0.0,0.011764705882352941
AV13-2-CAPNNNAGAKLTF-AJ39_BV14-CASSDRYEQYF-BJ2-7,25,,55,87.0,0.011494252873563218,0.0,0.022988505747126436,0.4482758620689655,0.011494252873563218,0.022988505747126436,0.011494252873563218,0.0,0.0,0.4482758620689655,0.022988505747126436,0.0,0.0
AV13-2-CAPNNNAGAKLTF-AJ39_BV14-CASSDRYEQYF-BJ2-7,25,,56,88.0,0.011363636363636364,0.0,0.045454545454545456,0.6022727272727273,0.0,0.011363636363636364,0.0,0.0,0.0,0.3181818181818182,0.011363636363636364,0.0,0.0
AV13-2-CAPNNNAGAKLTF-AJ39_BV14-CASSDRYEQYF-BJ2-7,25,,57,89.0,0.0,0.0,0.0,0.6629213483146067,0.033707865168539325,0.0,0.011235955056179775,0.0,0.011235955056179775,0.2808988764044944,0.0,0.0,0.0
AV13-2-CAPNNNAGAKLTF-AJ39_BV14-CASSDRYEQYF-BJ2-7,25,,58,92.0,0.0,0.0,0.0,0.6304347826086957,0.0,0.010869565217391304,0.010869565217391304,0.0,0.010869565217391304,0.32608695652173914,0.010869565217391304,0.0,0.0
AV13-2-CAPNNNAGAKLTF-AJ39_BV14-CASSDRYEQYF-BJ2-7,25,,59,92.0,0.0,0.0,0.0,0.44565217391304346,0.010869565217391304,0.06521739130434782,0.010869565217391304,0.0,0.0,0.4673913043478261,0.0,0.0,0.0
AV13-2-CAPNNNAGAKLTF-AJ39_BV14-CASSDRYEQYF-BJ2-7,25,,60,96.0,0.0,0.0,0.0,0.5520833333333334,0.020833333333333332,0.041666666666666664,0.052083333333333336,0.010416666666666666,0.0,0.3020833333333333,0.020833333333333332,0.0,0.0
AV13-2-CAPNNNAGAKLTF-AJ39_BV14-CASSDRYEQYF-BJ2-7,25,,61,98.0,0.0,0.0,0.01020408163265306,0.5612244897959183,0.02040816326530612,0.0,0.030612244897959183,0.0,0.0,0.336734693877551,0.01020408163265306,0.02040816326530612,0.01020408163265306
AV13-2-CAPNNNAGAKLTF-AJ39_BV14-CASSDRYEQYF-BJ2-7,25,,62,99.0,0.0,0.0,0.0,0.6666666666666666,0.0,0.0,0.010101010101010102,0.0,0.0,0.1919191919191919,0.1111111111111111,0.010101010101010102,0.010101010101010102
AV13-2-CAPNNNAGAKLTF-AJ39_BV14-CASSDRYEQYF-BJ2-7,25,,63,103.0,0.0,0.0,0.0,0.6407766990291263,0.0,0.0,0.0,0.0,0.0,0.33980582524271846,0.009708737864077669,0.009708737864077669,0.0
AV13-2-CAPNNNAGAKLTF-AJ39_BV14-CASSDRYEQYF-BJ2-7,25,,64,103.0,0.0,0.0,0.009708737864077669,0.5728155339805825,0.019417475728155338,0.038834951456310676,0.05825242718446602,0.0,0.0,0.2912621359223301,0.009708737864077669,0.0,0.0
AV13-2-CAPNNNAGAKLTF-AJ39_BV14-CASSDRYEQYF-BJ2-7,25,,65,104.0,0.009615384615384616,0.0,0.009615384615384616,0.5288461538461539,0.125,0.0,0.038461538461538464,0.0,0.009615384615384616,0.2692307692307692,0.009615384615384616,0.0,0.0
AV13-2-CAPNNNAGAKLTF-AJ39_BV14-CASSDRYEQYF-BJ2-7,25,,66,107.0,0.028037383177570093,0.0,0.0,0.514018691588785,0.018691588785046728,0.0,0.009345794392523364,0.0,0.009345794392523364,0.37383177570093457,0.0,0.04672897196261682,0.0
AV13-2-CAPNNNAGAKLTF-AJ39_BV14-CASSDRYEQYF-BJ2-7,25,,67,108.0,0.0,0.0,0.0,0.6574074074074074,0.009259259259259259,0.0,0.0,0.0,0.0,0.3148148148148148,0.0,0.018518518518518517,0.0
AV13-2-CAPNNNAGAKLTF-AJ39_BV14-CASSDRYEQYF-BJ2-7,25,,68,109.0,0.0,0.0,0.0,0.7064220183486238,0.009174311926605505,0.009174311926605505,0.01834862385321101,0.0,0.01834862385321101,0.1926605504587156,0.027522935779816515,0.01834862385321101,0.0
AV13-2-CAPNNNAGAKLTF-AJ39_BV14-CASSDRYEQYF-BJ2-7,25,,69,118.0,0.0,0.0,0.0,0.5084745762711864,0.01694915254237288,0.05084745762711865,0.00847457627118644,0.0,0.00847457627118644,0.3813559322033898,0.025423728813559324,0.0,0.0
AV13-2-CAPNNNAGAKLTF-AJ39_BV14-CASSDRYEQYF-BJ2-7,25,,70,119.0,0.0,0.0,0.0,0.6134453781512605,0.0,0.025210084033613446,0.01680672268907563,0.0,0.008403361344537815,0.3277310924369748,0.0,0.008403361344537815,0.0
AV13-2-CAPNNNAGAKLTF-AJ39_BV14-CASSDRYEQYF-BJ2-7,25,,71,120.0,0.0,0.0,0.008333333333333333,0.5166666666666667,0.016666666666666666,0.0,0.06666666666666667,0.0,0.016666666666666666,0.35833333333333334,0.008333333333333333,0.0,0.008333333333333333
AV13-2-CAPNNNAGAKLTF-AJ39_BV14-CASSDRYEQYF-BJ2-7,25,,72,123.0,0.0,0.0,0.0,0.5203252032520326,0.032520325203252036,0.016260162601626018,0.008130081300813009,0.0,0.0,0.4146341463414634,0.0,0.0,0.008130081300813009
AV13-2-CAPNNNAGAKLTF-AJ39_BV14-CASSDRYEQYF-BJ2-7,25,,73,127.0,0.0,0.0,0.0,0.5984251968503937,0.0,0.015748031496062992,0.007874015748031496,0.0,0.0,0.3779527559055118,0.0,0.0,0.0
AV13-2-CAPNNNAGAKLTF-AJ39_BV14-CASSDRYEQYF-BJ2-7,25,,74,138.0,0.043478260869565216,0.0,0.0,0.7101449275362319,0.007246376811594203,0.007246376811594203,0.007246376811594203,0.0,0.0,0.1956521739130435,0.007246376811594203,0.014492753623188406,0.007246376811594203
AV13-2-CAPNNNAGAKLTF-AJ39_BV14-CASSDRYEQYF-BJ2-7,25,,75,139.0,0.007194244604316547,0.0,0.007194244604316547,0.5683453237410072,0.050359712230215826,0.03597122302158273,0.0,0.0,0.007194244604316547,0.30935251798561153,0.007194244604316547,0.0,0.007194244604316547
AV13-2-CAPNNNAGAKLTF-AJ39_BV14-CASSDRYEQYF-BJ2-7,25,,76,140.0,0.007142857142857143,0.0,0.0,0.6714285714285714,0.014285714285714285,0.03571428571428571,0.007142857142857143,0.007142857142857143,0.0,0.2357142857142857,0.0,0.0,0.02142857142857143
AV13-2-CAPNNNAGAKLTF-AJ39_BV14-CASSDRYEQYF-BJ2-7,25,,77,145.0,0.006896551724137931,0.0,0.0,0.5586206896551724,0.006896551724137931,0.006896551724137931,0.013793103448275862,0.0,0.013793103448275862,0.3724137931034483,0.013793103448275862,0.006896551724137931,0.0
AV13-2-CAPNNNAGAKLTF-AJ39_BV14-CASSDRYEQYF-BJ2-7,25,,78,150.0,0.0,0.0,0.0,0.64,0.013333333333333334,0.02,0.0,0.006666666666666667,0.0,0.32,0.0,0.0,0.0
AV13-2-CAPNNNAGAKLTF-AJ39_BV14-CASSDRYEQYF-BJ2-7,25,,79,151.0,0.006622516556291391,0.0,0.0,0.5894039735099338,0.0,0.046357615894039736,0.0,0.0,0.013245033112582781,0.26490066225165565,0.026490066225165563,0.052980132450331126,0.0
AV13-2-CAPNNNAGAKLTF-AJ39_BV14-CASSDRYEQYF-BJ2-7,25,,80,159.0,0.0,0.0,0.006289308176100629,0.4968553459119497,0.050314465408805034,0.0,0.0,0.0,0.0,0.33962264150943394,0.0,0.1069182389937107,0.0
AV13-2-CAPNNNAGAKLTF-AJ39_BV14-CASSDRYEQYF-BJ2-7,25,,81,159.0,0.0,0.0,0.0,0.5408805031446541,0.0,0.05660377358490566,0.006289308176100629,0.0,0.006289308176100629,0.36477987421383645,0.018867924528301886,0.006289308176100629,0.0
AV13-2-CAPNNNAGAKLTF-AJ39_BV14-CASSDRYEQYF-BJ2-7,25,,82,186.0,0.0,0.0,0.0,0.6881720430107527,0.005376344086021506,0.005376344086021506,0.005376344086021506,0.0,0.0,0.2903225806451613,0.005376344086021506,0.0,0.0
AV13-2-CAPNNNAGAKLTF-AJ39_BV14-CASSDRYEQYF-BJ2-7,25,,83,200.0,0.0,0.0,0.005,0.545,0.0,0.025,0.0,0.0,0.005,0.42,0.0,0.0,0.0
AV13-2-CAPNNNAGAKLTF-AJ39_BV14-CASSDRYEQYF-BJ2-7,25,,84,209.0,0.0,0.0,0.0,0.583732057416268,0.0,0.028708133971291867,0.014354066985645933,0.0,0.004784688995215311,0.3349282296650718,0.023923444976076555,0.009569377990430622,0.0
AV13-2-CAPNNNAGAKLTF-AJ39_BV14-CASSDRYEQYF-BJ2-7,25,,85,233.0,0.0,0.0,0.0,0.5321888412017167,0.004291845493562232,0.02575107296137339,0.055793991416309016,0.0,0.0,0.37339055793991416,0.008583690987124463,0.0,0.0
AV13-2-CAPNNNAGAKLTF-AJ39_BV14-CASSDRYEQYF-BJ2-7,25,,86,236.0,0.0,0.0,0.0,0.5084745762711864,0.0,0.09322033898305085,0.0,0.0,0.0,0.3474576271186441,0.05084745762711865,0.0,0.0
AV13-2-CAPNNNAGAKLTF-AJ39_BV14-CASSDRYEQYF-BJ2-7,25,,87,281.0,0.0,0.0,0.0,0.604982206405694,0.010676156583629894,0.0,0.017793594306049824,0.0,0.0,0.34519572953736655,0.0071174377224199285,0.0035587188612099642,0.010676156583629894
AV13-2-CAPNNNAGAKLTF-AJ39_BV14-CASSDRYEQYF-BJ2-7,25,,88,306.0,0.0,0.0,0.0,0.6601307189542484,0.0032679738562091504,0.0032679738562091504,0.0032679738562091504,0.0,0.0,0.3137254901960784,0.016339869281045753,0.0,0.0
AV13-2-CAPNNNAGAKLTF-AJ39_BV14-CASSDRYEQYF-BJ2-7,25,,89,339.0,0.0,0.0,0.0029498525073746312,0.6194690265486725,0.0029498525073746312,0.0058997050147492625,0.0029498525073746312,0.0029498525073746312,0.0,0.35103244837758113,0.011799410029498525,0.0,0.0
AV13-2-CAPNNNAGAKLTF-AJ39_BV14-CASSDRYEQYF-BJ2-7,25,,90,385.0,0.005194805194805195,0.0,0.0025974025974025974,0.638961038961039,0.02077922077922078,0.012987012987012988,0.005194805194805195,0.0,0.0,0.2935064935064935,0.007792207792207792,0.01038961038961039,0.0025974025974025974
AV13-2-CAPNNNAGAKLTF-AJ39_BV14-CASSDRYEQYF-BJ2-7,25,,91,418.0,0.0023923444976076554,0.0,0.0023923444976076554,0.6124401913875598,0.009569377990430622,0.0215311004784689,0.0,0.0,0.0,0.3444976076555024,0.0023923444976076554,0.0023923444976076554,0.0023923444976076554
AV16N-CAMREANTGYQNFYF-AJ49_BV13-2-CASGDGAQNTLYF-BJ2-4,206,,1,16.0,0.0,0.0,0.0,0.0,0.0,0.125,0.875,0.0,0.0,0.0,0.0,0.0,0.0
AV16N-CAMREANTGYQNFYF-AJ49_BV13-2-CASGDGAQNTLYF-BJ2-4,206,,2,25.0,0.0,0.0,0.0,0.0,0.0,0.08,0.88,0.0,0.0,0.0,0.04,0.0,0.0
AV16N-CAMREANTGYQNFYF-AJ49_BV13-2-CASGDGAQNTLYF-BJ2-4,206,,3,26.0,0.0,0.0,0.07692307692307693,0.0,0.11538461538461539,0.0,0.6153846153846154,0.0,0.0,0.0,0.11538461538461539,0.07692307692307693,0.0
AV16N-CAMREANTGYQNFYF-AJ49_BV13-2-CASGDGAQNTLYF-BJ2-4,206,,4,47.0,0.0,0.0,0.0,0.02127659574468085,0.02127659574468085,0.0425531914893617,0.8085106382978723,0.0,0.06382978723404255,0.0,0.0425531914893617,0.0,0.0
AV16N-CAMREANTGYQNFYF-AJ49_BV13-2-CASGDGAQNTLYF-BJ2-4,206,,5,51.0,0.0,0.0,0.0,0.0196078431372549,0.0,0.0196078431372549,0.8823529411764706,0.0196078431372549,0.0392156862745098,0.0,0.0196078431372549,0.0,0.0
AV16N-CAMREANTGYQNFYF-AJ49_BV13-2-CASGDGAQNTLYF-BJ2-4,206,,6,62.0,0.0,0.0,0.0,0.0,0.03225806451612903,0.0,0.8387096774193549,0.0,0.11290322580645161,0.0,0.016129032258064516,0.0,0.0
AV16N-CAMREANTGYQNFYF-AJ49_BV13-2-CASGDGAQNTLYF-BJ2-4,206,,7,66.0,0.0,0.0,0.0,0.0,0.030303030303030304,0.015151515151515152,0.8939393939393939,0.0,0.030303030303030304,0.0,0.0,0.030303030303030304,0.0
AV16N-CAMREANTGYQNFYF-AJ49_BV13-2-CASGDGAQNTLYF-BJ2-4,206,,8,67.0,0.0,0.0,0.0,0.0,0.0,0.04477611940298507,0.835820895522388,0.0,0.1044776119402985,0.0,0.014925373134328358,0.0,0.0
AV16N-CAMREANTGYQNFYF-AJ49_BV13-2-CASGDGAQNTLYF-BJ2-4,206,,9,71.0,0.0,0.0,0.0,0.014084507042253521,0.0,0.04225352112676056,0.7887323943661971,0.0,0.14084507042253522,0.0,0.014084507042253521,0.0,0.0
AV16N-CAMREANTGYQNFYF-AJ49_BV13-2-CASGDGAQNTLYF-BJ2-4,206,,10,81.0,0.0,0.0,0.0,0.0,0.13580246913580246,0.012345679012345678,0.8271604938271605,0.0,0.024691358024691357,0.0,0.0,0.0,0.0
AV16N-CAMREANTGYQNFYF-AJ49_BV13-2-CASGDGAQNTLYF-BJ2-4,206,,11,83.0,0.0,0.0,0.0,0.0,0.0,0.012048192771084338,0.9156626506024096,0.0,0.060240963855421686,0.0,0.012048192771084338,0.0,0.0
AV16N-CAMREANTGYQNFYF-AJ49_BV13-2-CASGDGAQNTLYF-BJ2-4,206,,12,95.0,0.0,0.0,0.0,0.0,0.0,0.010526315789473684,0.9578947368421052,0.0,0.031578947368421054,0.0,0.0,0.0,0.0
AV16N-CAMREANTGYQNFYF-AJ49_BV13-2-CASGDGAQNTLYF-BJ2-4,206,,13,108.0,0.0,0.0,0.0,0.009259259259259259,0.009259259259259259,0.027777777777777776,0.7962962962962963,0.0,0.14814814814814814,0.0,0.0,0.0,0.009259259259259259
AV14-2-CAASASSGSWQLIF-AJ22_BV31-CAWSLAGSGNTLYF-BJ1-3,247,,1,2.0,0.0,0.0,0.0,0.0,0.0,0.5,0.0,0.0,0.5,0.0,0.0,0.0,0.0
AV14-2-CAASASSGSWQLIF-AJ22_BV31-CAWSLAGSGNTLYF-BJ1-3,247,,2,4.0,0.0,0.0,0.0,0.0,0.0,1.0,0.0,0.0,0.0,0.0,0.0,0.0,0.0
AV14-2-CAASASSGSWQLIF-AJ22_BV31-CAWSLAGSGNTLYF-BJ1-3,247,,3,7.0,0.14285714285714285,0.0,0.2857142857142857,0.14285714285714285,0.0,0.42857142857142855,0.0,0.0,0.0,0.0,0.0,0.0,0.0
AV14-2-CAASASSGSWQLIF-AJ22_BV31-CAWSLAGSGNTLYF-BJ1-3,247,,4,9.0,0.0,0.0,0.0,0.0,0.0,0.2222222222222222,0.0,0.0,0.2222222222222222,0.0,0.2222222222222222,0.3333333333333333,0.0
AV14-2-CAASASSGSWQLIF-AJ22_BV31-CAWSLAGSGNTLYF-BJ1-3,247,,5,12.0,0.0,0.0,0.0,0.0,0.0,0.9166666666666666,0.08333333333333333,0.0,0.0,0.0,0.0,0.0,0.0
AV14-2-CAASASSGSWQLIF-AJ22_BV31-CAWSLAGSGNTLYF-BJ1-3,247,,6,13.0,0.07692307692307693,0.0,0.0,0.15384615384615385,0.0,0.46153846153846156,0.0,0.0,0.07692307692307693,0.15384615384615385,0.07692307692307693,0.0,0.0
AV14-2-CAASASSGSWQLIF-AJ22_BV31-CAWSLAGSGNTLYF-BJ1-3,247,,7,17.0,0.11764705882352941,0.0,0.0,0.0,0.0,0.23529411764705882,0.058823529411764705,0.0,0.17647058823529413,0.0,0.11764705882352941,0.23529411764705882,0.058823529411764705
AV14-2-CAASASSGSWQLIF-AJ22_BV31-CAWSLAGSGNTLYF-BJ1-3,247,,8,24.0,0.041666666666666664,0.0,0.0,0.125,0.0,0.125,0.4166666666666667,0.0,0.125,0.0,0.041666666666666664,0.08333333333333333,0.041666666666666664
AV14-2-CAASASSGSWQLIF-AJ22_BV31-CAWSLAGSGNTLYF-BJ1-3,247,,9,28.0,0.0,0.0,0.0,0.0,0.0,0.9285714285714286,0.0,0.0,0.0,0.0,0.03571428571428571,0.0,0.03571428571428571
AV14-2-CAASASSGSWQLIF-AJ22_BV31-CAWSLAGSGNTLYF-BJ1-3,247,,10,50.0,0.14,0.0,0.0,0.06,0.04,0.38,0.18,0.04,0.04,0.02,0.02,0.04,0.04
